Date;Price
01 2017 00:00:00 GMT+0000;,964,
02 2017 00:00:00 GMT+0000;,995.54,3.2
03 2017 00:00:00 GMT+0000;,1019.78,2.
04 2017 00:00:00 GMT+0000;,1046.8,2.6
05 2017 00:00:00 GMT+0000;,1163.73,11
06 2017 00:00:00 GMT+0000;,1023.44,-1
07 2017 00:00:00 GMT+0000;,920.34,-10
08 2017 00:00:00 GMT+0000;,921.79,0.1
09 2017 00:00:00 GMT+0000;,927.93,0.6
10 2017 00:00:00 GMT+0000;,919.19,-0.
11 2017 00:00:00 GMT+0000;,926.91,0.8
12 2017 00:00:00 GMT+0000;,796.77,-14
13 2017 00:00:00 GMT+0000;,825.16,3.5
14 2017 00:00:00 GMT+0000;,843.89,2.2
15 2017 00:00:00 GMT+0000;,838.51,-0.
16 2017 00:00:00 GMT+0000;,842.54,0.4
17 2017 00:00:00 GMT+0000;,849.59,0.8
18 2017 00:00:00 GMT+0000;,924.09,8.7
19 2017 00:00:00 GMT+0000;,903.99,-2.
20 2017 00:00:00 GMT+0000;,914.67,1.1
21 2017 00:00:00 GMT+0000;,913.08,-0.
22 2017 00:00:00 GMT+0000;,938.29,2.7
23 2017 00:00:00 GMT+0000;,940.12,0.2
24 2017 00:00:00 GMT+0000;,926.85,-1.
25 2017 00:00:00 GMT+0000;,907.39,-2.
26 2017 00:00:00 GMT+0000;,915.25,0.8
27 2017 00:00:00 GMT+0000;,929.87,1.6
28 2017 00:00:00 GMT+0000;,930.12,0.0
29 2017 00:00:00 GMT+0000;,933.08,0.3
30 2017 00:00:00 GMT+0000;,931.49,-0.
31 2017 00:00:00 GMT+0000;,934.35,0.3
01 2017 00:00:00 GMT+0000;,979.14,4.7
02 2017 00:00:00 GMT+0000;,996.52,1.7
03 2017 00:00:00 GMT+0000;,1015.44,1.
04 2017 00:00:00 GMT+0000;,1034.66,1.
05 2017 00:00:00 GMT+0000;,1046.83,1.
06 2017 00:00:00 GMT+0000;,1032.17,-1
07 2017 00:00:00 GMT+0000;,1043.14,1.
08 2017 00:00:00 GMT+0000;,1062.1,1.8
09 2017 00:00:00 GMT+0000;,1063.23,0.
10 2017 00:00:00 GMT+0000;,996.78,-6.
11 2017 00:00:00 GMT+0000;,991.45,-0.
12 2017 00:00:00 GMT+0000;,1005.16,1.
13 2017 00:00:00 GMT+0000;,1000.47,-0
14 2017 00:00:00 GMT+0000;,992.7,-0.7
15 2017 00:00:00 GMT+0000;,1016.78,2.
16 2017 00:00:00 GMT+0000;,1018.93,0.
17 2017 00:00:00 GMT+0000;,1033.44,1.
18 2017 00:00:00 GMT+0000;,1053.04,1.
19 2017 00:00:00 GMT+0000;,1057.18,0.
20 2017 00:00:00 GMT+0000;,1052.18,-0
21 2017 00:00:00 GMT+0000;,1075.72,2.
22 2017 00:00:00 GMT+0000;,1107.47,2.
23 2017 00:00:00 GMT+0000;,1108.54,0.
24 2017 00:00:00 GMT+0000;,1163.17,4.
25 2017 00:00:00 GMT+0000;,1159.77,-0
26 2017 00:00:00 GMT+0000;,1138.38,-1
27 2017 00:00:00 GMT+0000;,1161.17,2.
28 2017 00:00:00 GMT+0000;,1184.39,2.
01 2017 00:00:00 GMT+0000;,1188.1,0.3
02 2017 00:00:00 GMT+0000;,1242.24,4.
03 2017 00:00:00 GMT+0000;,1274.95,2.
04 2017 00:00:00 GMT+0000;,1305.23,2.
05 2017 00:00:00 GMT+0000;,1277.53,-2
06 2017 00:00:00 GMT+0000;,1291.99,1.
07 2017 00:00:00 GMT+0000;,1301.06,0.
08 2017 00:00:00 GMT+0000;,1251.21,-3
09 2017 00:00:00 GMT+0000;,1172.09,-6
10 2017 00:00:00 GMT+0000;,1217.62,3.
11 2017 00:00:00 GMT+0000;,1159.48,-4
12 2017 00:00:00 GMT+0000;,1237.78,6.
13 2017 00:00:00 GMT+0000;,1292.06,4.
14 2017 00:00:00 GMT+0000;,1331.64,3.
15 2017 00:00:00 GMT+0000;,1344.39,0.
16 2017 00:00:00 GMT+0000;,1391.88,3.
17 2017 00:00:00 GMT+0000;,1382.3,-0.
18 2017 00:00:00 GMT+0000;,1318.19,-4
19 2017 00:00:00 GMT+0000;,1167.69,-1
20 2017 00:00:00 GMT+0000;,1272.73,9.
21 2017 00:00:00 GMT+0000;,1279.53,0.
22 2017 00:00:00 GMT+0000;,1330.61,3.
23 2017 00:00:00 GMT+0000;,1271.69,-4
24 2017 00:00:00 GMT+0000;,1272.6,0.0
25 2017 00:00:00 GMT+0000;,1225.9,-3.
26 2017 00:00:00 GMT+0000;,1238.76,1.
27 2017 00:00:00 GMT+0000;,1238.02,-0
28 2017 00:00:00 GMT+0000;,1285.26,3.
29 2017 00:00:00 GMT+0000;,1299.36,1.
30 2017 00:00:00 GMT+0000;,1307.99,0.
31 2017 00:00:00 GMT+0000;,1306.24,-0
01 2017 00:00:00 GMT+0000;,1356.53,3.
02 2017 00:00:00 GMT+0000;,1364.35,0.
03 2017 00:00:00 GMT+0000;,1457.08,6.
04 2017 00:00:00 GMT+0000;,1414.41,-2
05 2017 00:00:00 GMT+0000;,1421.35,0.
06 2017 00:00:00 GMT+0000;,1421.04,-0
07 2017 00:00:00 GMT+0000;,1440.95,1.
08 2017 00:00:00 GMT+0000;,1436.72,-0
09 2017 00:00:00 GMT+0000;,1457.36,1.
10 2017 00:00:00 GMT+0000;,1452.79,-0
11 2017 00:00:00 GMT+0000;,1453.85,0.
12 2017 00:00:00 GMT+0000;,1463.76,0.
13 2017 00:00:00 GMT+0000;,1488.43,1.
14 2017 00:00:00 GMT+0000;,1479.94,-0
15 2017 00:00:00 GMT+0000;,1468.33,-0
16 2017 00:00:00 GMT+0000;,1485.98,1.
17 2017 00:00:00 GMT+0000;,1490.97,0.
18 2017 00:00:00 GMT+0000;,1498.64,0.
19 2017 00:00:00 GMT+0000;,1526.99,1.
20 2017 00:00:00 GMT+0000;,1506.85,-1
21 2017 00:00:00 GMT+0000;,1526.53,1.
22 2017 00:00:00 GMT+0000;,1526.12,-0
23 2017 00:00:00 GMT+0000;,1540.2,0.9
24 2017 00:00:00 GMT+0000;,1522.19,-1
25 2017 00:00:00 GMT+0000;,1574.23,3.
26 2017 00:00:00 GMT+0000;,1591.32,1.
27 2017 00:00:00 GMT+0000;,1627.9,2.3
28 2017 00:00:00 GMT+0000;,1714.96,5.
29 2017 00:00:00 GMT+0000;,1785.25,4.
30 2017 00:00:00 GMT+0000;,1817.66,1.
01 2017 00:00:00 GMT+0000;,1892.74,4.
02 2017 00:00:00 GMT+0000;,1949.4,2.9
03 2017 00:00:00 GMT+0000;,1977.15,1.
04 2017 00:00:00 GMT+0000;,2058.65,4.
05 2017 00:00:00 GMT+0000;,2248.03,9.
06 2017 00:00:00 GMT+0000;,2300.77,2.
07 2017 00:00:00 GMT+0000;,2361.65,2.
08 2017 00:00:00 GMT+0000;,2461.3,4.2
09 2017 00:00:00 GMT+0000;,2684.44,9.
10 2017 00:00:00 GMT+0000;,2617.2,-2.
11 2017 00:00:00 GMT+0000;,2694.02,2.
12 2017 00:00:00 GMT+0000;,2737.85,1.
13 2017 00:00:00 GMT+0000;,2667.09,-2
14 2017 00:00:00 GMT+0000;,2770.63,3.
15 2017 00:00:00 GMT+0000;,2791.79,0.
16 2017 00:00:00 GMT+0000;,2841.05,1.
17 2017 00:00:00 GMT+0000;,2998.16,5.
18 2017 00:00:00 GMT+0000;,3179.98,6.
19 2017 00:00:00 GMT+0000;,3232.58,1.
20 2017 00:00:00 GMT+0000;,3394.14,5.
21 2017 00:00:00 GMT+0000;,3517.37,3.
22 2017 00:00:00 GMT+0000;,3617.63,2.
23 2017 00:00:00 GMT+0000;,3809.92,5.
24 2017 00:00:00 GMT+0000;,4094.27,7.
25 2017 00:00:00 GMT+0000;,4200.94,2.
26 2017 00:00:00 GMT+0000;,3855.13,-8
27 2017 00:00:00 GMT+0000;,3683.66,-4
28 2017 00:00:00 GMT+0000;,3414.59,-7
29 2017 00:00:00 GMT+0000;,3606.03,5.
30 2017 00:00:00 GMT+0000;,3841.71,6.
31 2017 00:00:00 GMT+0000;,3905.73,1.
01 2017 00:00:00 GMT+0000;,4090.52,4.
02 2017 00:00:00 GMT+0000;,4389.62,7.
03 2017 00:00:00 GMT+0000;,4409.31,0.
04 2017 00:00:00 GMT+0000;,4432,0.51%
05 2017 00:00:00 GMT+0000;,4520.74,2.
06 2017 00:00:00 GMT+0000;,4705.55,4.
07 2017 00:00:00 GMT+0000;,4915.32,4.
08 2017 00:00:00 GMT+0000;,4726.82,-3
09 2017 00:00:00 GMT+0000;,4857.63,2.
10 2017 00:00:00 GMT+0000;,4958.91,2.
11 2017 00:00:00 GMT+0000;,5278.26,6.
12 2017 00:00:00 GMT+0000;,5387.94,2.
13 2017 00:00:00 GMT+0000;,5298.27,-1
14 2017 00:00:00 GMT+0000;,5424.76,2.
15 2017 00:00:00 GMT+0000;,5061.1,-6.
16 2017 00:00:00 GMT+0000;,5006.43,-1
17 2017 00:00:00 GMT+0000;,5107.61,2.
18 2017 00:00:00 GMT+0000;,5359.5,4.9
19 2017 00:00:00 GMT+0000;,5256.31,-1
20 2017 00:00:00 GMT+0000;,5337.43,1.
21 2017 00:00:00 GMT+0000;,5439.57,1.
22 2017 00:00:00 GMT+0000;,5246.22,-3
23 2017 00:00:00 GMT+0000;,5241.94,-0
24 2017 00:00:00 GMT+0000;,5370.26,2.
25 2017 00:00:00 GMT+0000;,5112.18,-4
26 2017 00:00:00 GMT+0000;,4953.65,-3
27 2017 00:00:00 GMT+0000;,4628.09,-6
28 2017 00:00:00 GMT+0000;,4793.73,3.
29 2017 00:00:00 GMT+0000;,5001.94,4.
30 2017 00:00:00 GMT+0000;,4799.01,-4
01 2017 00:00:00 GMT+0000;,4693.34,-2
02 2017 00:00:00 GMT+0000;,4504.51,-4
03 2017 00:00:00 GMT+0000;,4655.24,3.
04 2017 00:00:00 GMT+0000;,4706.9,1.1
05 2017 00:00:00 GMT+0000;,4719.87,0.
06 2017 00:00:00 GMT+0000;,4710.87,-0
07 2017 00:00:00 GMT+0000;,4713.1,0.0
08 2017 00:00:00 GMT+0000;,4427.52,-6
09 2017 00:00:00 GMT+0000;,4526.57,2.
10 2017 00:00:00 GMT+0000;,4409.48,-2
11 2017 00:00:00 GMT+0000;,3992.37,-9
12 2017 00:00:00 GMT+0000;,3819.87,-4
13 2017 00:00:00 GMT+0000;,4170.82,9.
14 2017 00:00:00 GMT+0000;,3980.99,-4
15 2017 00:00:00 GMT+0000;,3766.1,-5.
16 2017 00:00:00 GMT+0000;,3319.45,-1
17 2017 00:00:00 GMT+0000;,3178.53,-4
18 2017 00:00:00 GMT+0000;,3715.14,16
19 2017 00:00:00 GMT+0000;,4015.66,8.
20 2017 00:00:00 GMT+0000;,3760.35,-6
21 2017 00:00:00 GMT+0000;,4458.55,18
22 2017 00:00:00 GMT+0000;,4252.77,-4
23 2017 00:00:00 GMT+0000;,4489.3,5.5
24 2017 00:00:00 GMT+0000;,4392.26,-2
25 2017 00:00:00 GMT+0000;,4408.91,0.
26 2017 00:00:00 GMT+0000;,4099.4,-7.
27 2017 00:00:00 GMT+0000;,4055.71,-1
28 2017 00:00:00 GMT+0000;,4173.08,2.
29 2017 00:00:00 GMT+0000;,4189.05,0.
30 2017 00:00:00 GMT+0000;,4199.59,0.
31 2017 00:00:00 GMT+0000;,4155.21,-1
01 2017 00:00:00 GMT+0000;,4301.71,3.
02 2017 00:00:00 GMT+0000;,4326.76,0.
03 2017 00:00:00 GMT+0000;,4266.78,-1
04 2017 00:00:00 GMT+0000;,4398.65,3.
05 2017 00:00:00 GMT+0000;,4465.56,1.
06 2017 00:00:00 GMT+0000;,5008.17,12
07 2017 00:00:00 GMT+0000;,4969.68,-0
08 2017 00:00:00 GMT+0000;,5170.76,4.
09 2017 00:00:00 GMT+0000;,5410.85,4.
10 2017 00:00:00 GMT+0000;,5322.26,-1
11 2017 00:00:00 GMT+0000;,5386.8,1.2
12 2017 00:00:00 GMT+0000;,5679.97,5.
13 2017 00:00:00 GMT+0000;,5873.7,3.4
14 2017 00:00:00 GMT+0000;,5999.1,2.1
15 2017 00:00:00 GMT+0000;,6232.59,3.
16 2017 00:00:00 GMT+0000;,6047.4,-2.
17 2017 00:00:00 GMT+0000;,6281.44,3.
18 2017 00:00:00 GMT+0000;,6186.3,-1.
19 2017 00:00:00 GMT+0000;,5994.97,-3
20 2017 00:00:00 GMT+0000;,6084.65,1.
21 2017 00:00:00 GMT+0000;,6029.64,-0
22 2017 00:00:00 GMT+0000;,6134.93,1.
23 2017 00:00:00 GMT+0000;,6302.74,2.
24 2017 00:00:00 GMT+0000;,6426.92,1.
25 2017 00:00:00 GMT+0000;,6562.35,2.
26 2017 00:00:00 GMT+0000;,6644.35,1.
27 2017 00:00:00 GMT+0000;,6713.61,1.
28 2017 00:00:00 GMT+0000;,6806.8,1.3
29 2017 00:00:00 GMT+0000;,6853.87,0.
30 2017 00:00:00 GMT+0000;,7064.32,3.
31 2017 00:00:00 GMT+0000;,7118.25,0.
01 2017 00:00:00 GMT+0000;,7378.74,3.
02 2017 00:00:00 GMT+0000;,7661.76,3.
03 2017 00:00:00 GMT+0000;,7071.93,-7
04 2017 00:00:00 GMT+0000;,7075.65,0.
05 2017 00:00:00 GMT+0000;,6299.18,-1
06 2017 00:00:00 GMT+0000;,6579.57,4.
07 2017 00:00:00 GMT+0000;,6991.13,6.
08 2017 00:00:00 GMT+0000;,7022.29,0.
09 2017 00:00:00 GMT+0000;,6393.26,-8
10 2017 00:00:00 GMT+0000;,6323.06,-1
11 2017 00:00:00 GMT+0000;,6198.22,-1
12 2017 00:00:00 GMT+0000;,6275.12,1.
13 2017 00:00:00 GMT+0000;,6185.33,-1
14 2017 00:00:00 GMT+0000;,5860.18,-5
15 2017 00:00:00 GMT+0000;,4656.53,-2
16 2017 00:00:00 GMT+0000;,5359.52,15
17 2017 00:00:00 GMT+0000;,5321.12,-0
18 2017 00:00:00 GMT+0000;,5326.81,0.
19 2017 00:00:00 GMT+0000;,6030.57,13
20 2017 00:00:00 GMT+0000;,5850.89,-2
21 2017 00:00:00 GMT+0000;,5798.45,-0
22 2017 00:00:00 GMT+0000;,5351.91,-7
23 2017 00:00:00 GMT+0000;,5412.98,1.
24 2017 00:00:00 GMT+0000;,5682.96,4.
25 2017 00:00:00 GMT+0000;,5541.62,-2
26 2017 00:00:00 GMT+0000;,5886.02,6.
27 2017 00:00:00 GMT+0000;,5837.85,-0
28 2017 00:00:00 GMT+0000;,6301.94,7.
29 2017 00:00:00 GMT+0000;,6223.89,-1
30 2017 00:00:00 GMT+0000;,6140.95,-1
01 2017 00:00:00 GMT+0000;,6359,3.55%
02 2017 00:00:00 GMT+0000;,6396.28,0.
03 2017 00:00:00 GMT+0000;,6344,-0.82
04 2017 00:00:00 GMT+0000;,6219.27,-1
05 2017 00:00:00 GMT+0000;,6110.33,-1
06 2017 00:00:00 GMT+0000;,6277.87,2.
07 2017 00:00:00 GMT+0000;,6372.92,1.
08 2017 00:00:00 GMT+0000;,6456.56,1.
09 2017 00:00:00 GMT+0000;,6640.96,2.
10 2017 00:00:00 GMT+0000;,6596.8,-0.
11 2017 00:00:00 GMT+0000;,6620.7,0.3
12 2017 00:00:00 GMT+0000;,6708.59,1.
13 2017 00:00:00 GMT+0000;,7196.01,7.
14 2017 00:00:00 GMT+0000;,7565.12,5.
15 2017 00:00:00 GMT+0000;,7730.73,2.
16 2017 00:00:00 GMT+0000;,7630.35,-1
17 2017 00:00:00 GMT+0000;,7650.72,0.
18 2017 00:00:00 GMT+0000;,7416.29,-3
19 2017 00:00:00 GMT+0000;,7330.44,-1
20 2017 00:00:00 GMT+0000;,7387.63,0.
21 2017 00:00:00 GMT+0000;,7589.84,2.
22 2017 00:00:00 GMT+0000;,7557.89,-0
23 2017 00:00:00 GMT+0000;,7492.03,-0
24 2017 00:00:00 GMT+0000;,7350.36,-1
25 2017 00:00:00 GMT+0000;,7144.76,-2
26 2017 00:00:00 GMT+0000;,7320.29,2.
27 2017 00:00:00 GMT+0000;,7450.76,1.
28 2017 00:00:00 GMT+0000;,7382.89,-0
29 2017 00:00:00 GMT+0000;,7370.34,-0
30 2017 00:00:00 GMT+0000;,7786.33,5.
31 2017 00:00:00 GMT+0000;,7789.05,0.
01 2017 00:00:00 GMT+0000;,8010.95,2.
02 2017 00:00:00 GMT+0000;,8258.06,3.
03 2017 00:00:00 GMT+0000;,8498.25,2.
04 2017 00:00:00 GMT+0000;,8798.26,3.
05 2017 00:00:00 GMT+0000;,8931.86,1.
06 2017 00:00:00 GMT+0000;,8916.15,-0
07 2017 00:00:00 GMT+0000;,8569.96,-3
08 2017 00:00:00 GMT+0000;,8717.55,1.
09 2017 00:00:00 GMT+0000;,9154.45,5.
10 2017 00:00:00 GMT+0000;,9002.65,-1
11 2017 00:00:00 GMT+0000;,8643.64,-3
12 2017 00:00:00 GMT+0000;,8867.78,2.
13 2017 00:00:00 GMT+0000;,8513.45,-4
14 2017 00:00:00 GMT+0000;,9062.57,6.
15 2017 00:00:00 GMT+0000;,9146.46,0.
16 2017 00:00:00 GMT+0000;,9656.05,5.
17 2017 00:00:00 GMT+0000;,9928.71,2.
18 2017 00:00:00 GMT+0000;,10064.56,1
19 2017 00:00:00 GMT+0000;,10291.16,2
20 2017 00:00:00 GMT+0000;,10480.99,1
21 2017 00:00:00 GMT+0000;,10821.91,3
22 2017 00:00:00 GMT+0000;,10585.1,-2
23 2017 00:00:00 GMT+0000;,10988.43,3
24 2017 00:00:00 GMT+0000;,11197.48,1
25 2017 00:00:00 GMT+0000;,11644.08,3
26 2017 00:00:00 GMT+0000;,12135.1,4.
27 2017 00:00:00 GMT+0000;,12650.31,4
28 2017 00:00:00 GMT+0000;,13027.77,2
29 2017 00:00:00 GMT+0000;,13195.04,1
30 2017 00:00:00 GMT+0000;,12697.47,-
01 2017 00:00:00 GMT+0000;,12780.7,0.
02 2017 00:00:00 GMT+0000;,13913.63,8
03 2017 00:00:00 GMT+0000;,13876.19,-
04 2017 00:00:00 GMT+0000;,14284.94,2
05 2017 00:00:00 GMT+0000;,14680.19,2
06 2017 00:00:00 GMT+0000;,14555.16,-
07 2017 00:00:00 GMT+0000;,16129.15,1
08 2017 00:00:00 GMT+0000;,18564.9,15
09 2017 00:00:00 GMT+0000;,18352.75,-
10 2017 00:00:00 GMT+0000;,17601.41,-
11 2017 00:00:00 GMT+0000;,17325.48,-
12 2017 00:00:00 GMT+0000;,19392.14,1
13 2017 00:00:00 GMT+0000;,21544.95,1
14 2017 00:00:00 GMT+0000;,21032.95,-
15 2017 00:00:00 GMT+0000;,22272.71,5
16 2017 00:00:00 GMT+0000;,22711.79,1
17 2017 00:00:00 GMT+0000;,24372.69,7
18 2017 00:00:00 GMT+0000;,23752.81,-
19 2017 00:00:00 GMT+0000;,25031,5.38
20 2017 00:00:00 GMT+0000;,24509.69,-
21 2017 00:00:00 GMT+0000;,24325.98,-
22 2017 00:00:00 GMT+0000;,23930.58,-
23 2017 00:00:00 GMT+0000;,20981.49,-
24 2017 00:00:00 GMT+0000;,22431.61,6
25 2017 00:00:00 GMT+0000;,21260.7,-5
26 2017 00:00:00 GMT+0000;,21364.18,0
27 2017 00:00:00 GMT+0000;,23241.37,8
28 2017 00:00:00 GMT+0000;,22881.27,-
29 2017 00:00:00 GMT+0000;,21837.14,-
30 2017 00:00:00 GMT+0000;,23575.3,7.
31 2017 00:00:00 GMT+0000;,21211.12,-
01 2018 00:00:00 GMT+0000;,22745.54,7
02 2018 00:00:00 GMT+0000;,22633.49,-
03 2018 00:00:00 GMT+0000;,25390.14,1
04 2018 00:00:00 GMT+0000;,26670.96,5
05 2018 00:00:00 GMT+0000;,26525.44,-
06 2018 00:00:00 GMT+0000;,27615.65,4
07 2018 00:00:00 GMT+0000;,28551.62,3
08 2018 00:00:00 GMT+0000;,28554.48,0
09 2018 00:00:00 GMT+0000;,26660.2,-6
10 2018 00:00:00 GMT+0000;,26203.41,-
11 2018 00:00:00 GMT+0000;,26545.07,1
12 2018 00:00:00 GMT+0000;,24111.29,-
13 2018 00:00:00 GMT+0000;,25574.71,6
14 2018 00:00:00 GMT+0000;,26592.04,3
15 2018 00:00:00 GMT+0000;,25535.98,-
16 2018 00:00:00 GMT+0000;,24608.17,-
17 2018 00:00:00 GMT+0000;,20015.95,-
18 2018 00:00:00 GMT+0000;,19782.95,-
19 2018 00:00:00 GMT+0000;,20375.14,2
20 2018 00:00:00 GMT+0000;,20684.16,1
21 2018 00:00:00 GMT+0000;,22654.66,9
22 2018 00:00:00 GMT+0000;,20289.92,-
23 2018 00:00:00 GMT+0000;,19155.94,-
24 2018 00:00:00 GMT+0000;,19105.46,-
25 2018 00:00:00 GMT+0000;,20020.29,4
26 2018 00:00:00 GMT+0000;,19620.89,-
27 2018 00:00:00 GMT+0000;,19372.78,-
28 2018 00:00:00 GMT+0000;,19878.17,2
29 2018 00:00:00 GMT+0000;,21125.12,6
30 2018 00:00:00 GMT+0000;,20133.7,-4
31 2018 00:00:00 GMT+0000;,18014.08,-
01 2018 00:00:00 GMT+0000;,18422.28,2
02 2018 00:00:00 GMT+0000;,16334.58,-
03 2018 00:00:00 GMT+0000;,15473.95,-
04 2018 00:00:00 GMT+0000;,16420.74,6
05 2018 00:00:00 GMT+0000;,14305.09,-
06 2018 00:00:00 GMT+0000;,11930.5,-1
07 2018 00:00:00 GMT+0000;,13419.31,1
08 2018 00:00:00 GMT+0000;,13009.9,-3
09 2018 00:00:00 GMT+0000;,14334.81,1
10 2018 00:00:00 GMT+0000;,15428.91,7
11 2018 00:00:00 GMT+0000;,15285.73,-
12 2018 00:00:00 GMT+0000;,14467.61,-
13 2018 00:00:00 GMT+0000;,15697.15,8
14 2018 00:00:00 GMT+0000;,15121.24,-
15 2018 00:00:00 GMT+0000;,16954.05,1
16 2018 00:00:00 GMT+0000;,17426.09,2
17 2018 00:00:00 GMT+0000;,17770.61,1
18 2018 00:00:00 GMT+0000;,18915.54,6
19 2018 00:00:00 GMT+0000;,17600.21,-
20 2018 00:00:00 GMT+0000;,18553.16,5
21 2018 00:00:00 GMT+0000;,18015.84,-
22 2018 00:00:00 GMT+0000;,16862.85,-
23 2018 00:00:00 GMT+0000;,15880.44,-
24 2018 00:00:00 GMT+0000;,16568.58,4
25 2018 00:00:00 GMT+0000;,15904.85,-
26 2018 00:00:00 GMT+0000;,15903.09,-
27 2018 00:00:00 GMT+0000;,16769.99,5
28 2018 00:00:00 GMT+0000;,17005.42,1
01 2018 00:00:00 GMT+0000;,16485.99,-
02 2018 00:00:00 GMT+0000;,17243.96,4
03 2018 00:00:00 GMT+0000;,17203.39,-
04 2018 00:00:00 GMT+0000;,17556.21,2
05 2018 00:00:00 GMT+0000;,17880.15,1
06 2018 00:00:00 GMT+0000;,17574.89,-
07 2018 00:00:00 GMT+0000;,16618.01,-
08 2018 00:00:00 GMT+0000;,15422.8,-7
09 2018 00:00:00 GMT+0000;,14435.29,-
10 2018 00:00:00 GMT+0000;,14622.24,1
11 2018 00:00:00 GMT+0000;,13806.46,-
12 2018 00:00:00 GMT+0000;,14867.22,7
13 2018 00:00:00 GMT+0000;,14195.28,-
14 2018 00:00:00 GMT+0000;,14164.42,-
15 2018 00:00:00 GMT+0000;,12646.63,-
16 2018 00:00:00 GMT+0000;,12655.52,0
17 2018 00:00:00 GMT+0000;,12625.12,-
18 2018 00:00:00 GMT+0000;,11864.89,-
19 2018 00:00:00 GMT+0000;,12161.08,2
20 2018 00:00:00 GMT+0000;,12865.36,5
21 2018 00:00:00 GMT+0000;,13189.41,2
22 2018 00:00:00 GMT+0000;,13144.25,-
23 2018 00:00:00 GMT+0000;,12809.98,-
24 2018 00:00:00 GMT+0000;,13003.64,1
25 2018 00:00:00 GMT+0000;,12451.29,-
26 2018 00:00:00 GMT+0000;,12415.31,-
27 2018 00:00:00 GMT+0000;,11771.98,-
28 2018 00:00:00 GMT+0000;,11189.23,-
29 2018 00:00:00 GMT+0000;,11311.91,1
30 2018 00:00:00 GMT+0000;,9977.68,-1
31 2018 00:00:00 GMT+0000;,9812.55,-1
01 2018 00:00:00 GMT+0000;,9884.14,0.
02 2018 00:00:00 GMT+0000;,9624.68,-2
03 2018 00:00:00 GMT+0000;,9936.9,3.2
04 2018 00:00:00 GMT+0000;,10605.18,6
05 2018 00:00:00 GMT+0000;,9641.02,-9
06 2018 00:00:00 GMT+0000;,9666.5,0.2
07 2018 00:00:00 GMT+0000;,9362,-3.15
08 2018 00:00:00 GMT+0000;,9731.29,3.
09 2018 00:00:00 GMT+0000;,9961.01,2.
10 2018 00:00:00 GMT+0000;,9699.66,-2
11 2018 00:00:00 GMT+0000;,9838.22,1.
12 2018 00:00:00 GMT+0000;,10267.14,4
13 2018 00:00:00 GMT+0000;,11699.38,1
14 2018 00:00:00 GMT+0000;,11655.69,-
15 2018 00:00:00 GMT+0000;,11782.35,1
16 2018 00:00:00 GMT+0000;,12426.27,5
17 2018 00:00:00 GMT+0000;,11954.23,-
18 2018 00:00:00 GMT+0000;,11809.61,-
19 2018 00:00:00 GMT+0000;,12514.89,5
20 2018 00:00:00 GMT+0000;,13032.24,4
21 2018 00:00:00 GMT+0000;,14303.23,9
22 2018 00:00:00 GMT+0000;,14124.47,-
23 2018 00:00:00 GMT+0000;,14131.85,0
24 2018 00:00:00 GMT+0000;,14621.98,3
25 2018 00:00:00 GMT+0000;,15766.34,7
26 2018 00:00:00 GMT+0000;,14217.38,-
27 2018 00:00:00 GMT+0000;,15096.94,6
28 2018 00:00:00 GMT+0000;,14580.89,-
29 2018 00:00:00 GMT+0000;,15422.83,5
30 2018 00:00:00 GMT+0000;,15740.95,2
01 2018 00:00:00 GMT+0000;,15125.07,-
02 2018 00:00:00 GMT+0000;,15074.2,-0
03 2018 00:00:00 GMT+0000;,15412.58,2
04 2018 00:00:00 GMT+0000;,16248.35,5
05 2018 00:00:00 GMT+0000;,16235.79,-
06 2018 00:00:00 GMT+0000;,16740.45,3
07 2018 00:00:00 GMT+0000;,16317.14,-
08 2018 00:00:00 GMT+0000;,15789.73,-
09 2018 00:00:00 GMT+0000;,15502.08,-
10 2018 00:00:00 GMT+0000;,15598.68,0
11 2018 00:00:00 GMT+0000;,14964.25,-
12 2018 00:00:00 GMT+0000;,13801.9,-7
13 2018 00:00:00 GMT+0000;,14007.95,1
14 2018 00:00:00 GMT+0000;,14533.38,3
15 2018 00:00:00 GMT+0000;,14432.79,-
16 2018 00:00:00 GMT+0000;,13947.07,-
17 2018 00:00:00 GMT+0000;,13801.33,-
18 2018 00:00:00 GMT+0000;,13158.65,-
19 2018 00:00:00 GMT+0000;,13513.79,2
20 2018 00:00:00 GMT+0000;,13492.5,-0
21 2018 00:00:00 GMT+0000;,14019.55,3
22 2018 00:00:00 GMT+0000;,13682.58,-
23 2018 00:00:00 GMT+0000;,12838.31,-
24 2018 00:00:00 GMT+0000;,11845.96,-
25 2018 00:00:00 GMT+0000;,12289.21,3
26 2018 00:00:00 GMT+0000;,11966.33,-
27 2018 00:00:00 GMT+0000;,11853.33,-
28 2018 00:00:00 GMT+0000;,11784,-0.5
29 2018 00:00:00 GMT+0000;,11023.52,-
30 2018 00:00:00 GMT+0000;,11839.15,7
31 2018 00:00:00 GMT+0000;,11698.14,-
01 2018 00:00:00 GMT+0000;,11940.27,2
02 2018 00:00:00 GMT+0000;,12003.76,0
03 2018 00:00:00 GMT+0000;,12306.52,2
04 2018 00:00:00 GMT+0000;,12661.57,2
05 2018 00:00:00 GMT+0000;,12179.73,-
06 2018 00:00:00 GMT+0000;,12452.11,2
07 2018 00:00:00 GMT+0000;,12458.59,0
08 2018 00:00:00 GMT+0000;,12485.5,0.
09 2018 00:00:00 GMT+0000;,12364.12,-
10 2018 00:00:00 GMT+0000;,12142.26,-
11 2018 00:00:00 GMT+0000;,10847.19,-
12 2018 00:00:00 GMT+0000;,11029.16,1
13 2018 00:00:00 GMT+0000;,10356.52,-
14 2018 00:00:00 GMT+0000;,9945.35,-3
15 2018 00:00:00 GMT+0000;,10591.88,6
16 2018 00:00:00 GMT+0000;,10102.99,-
17 2018 00:00:00 GMT+0000;,10239.31,1
18 2018 00:00:00 GMT+0000;,10177.85,-
19 2018 00:00:00 GMT+0000;,10570.41,3
20 2018 00:00:00 GMT+0000;,10726.03,1
21 2018 00:00:00 GMT+0000;,10686.27,-
22 2018 00:00:00 GMT+0000;,10566.82,-
23 2018 00:00:00 GMT+0000;,9436.37,-1
24 2018 00:00:00 GMT+0000;,9614.99,1.
25 2018 00:00:00 GMT+0000;,9439.91,-1
26 2018 00:00:00 GMT+0000;,9574.57,1.
27 2018 00:00:00 GMT+0000;,9145.25,-4
28 2018 00:00:00 GMT+0000;,9333.4,2.0
29 2018 00:00:00 GMT+0000;,8854.17,-5
30 2018 00:00:00 GMT+0000;,9317.44,5.
01 2018 00:00:00 GMT+0000;,9632.49,3.
02 2018 00:00:00 GMT+0000;,9570.49,-0
03 2018 00:00:00 GMT+0000;,10048.38,4
04 2018 00:00:00 GMT+0000;,9839.94,-2
05 2018 00:00:00 GMT+0000;,9967.48,1.
06 2018 00:00:00 GMT+0000;,9857.5,-1.
07 2018 00:00:00 GMT+0000;,9914.3,0.5
08 2018 00:00:00 GMT+0000;,10173.42,2
09 2018 00:00:00 GMT+0000;,10096.26,-
10 2018 00:00:00 GMT+0000;,9953.18,-1
11 2018 00:00:00 GMT+0000;,9330.53,-6
12 2018 00:00:00 GMT+0000;,9493.55,1.
13 2018 00:00:00 GMT+0000;,9255.93,-2
14 2018 00:00:00 GMT+0000;,9285.58,0.
15 2018 00:00:00 GMT+0000;,9329.03,0.
16 2018 00:00:00 GMT+0000;,9540.57,2.
17 2018 00:00:00 GMT+0000;,10180.47,6
18 2018 00:00:00 GMT+0000;,10906.23,7
19 2018 00:00:00 GMT+0000;,10849.49,-
20 2018 00:00:00 GMT+0000;,10859.76,0
21 2018 00:00:00 GMT+0000;,10456.64,-
22 2018 00:00:00 GMT+0000;,10652.85,1
23 2018 00:00:00 GMT+0000;,10598.39,-
24 2018 00:00:00 GMT+0000;,10818.42,2
25 2018 00:00:00 GMT+0000;,11679.63,7
26 2018 00:00:00 GMT+0000;,11455.32,-
27 2018 00:00:00 GMT+0000;,11136.66,-
28 2018 00:00:00 GMT+0000;,11418.15,2
29 2018 00:00:00 GMT+0000;,11408.14,-
30 2018 00:00:00 GMT+0000;,11416.36,0
31 2018 00:00:00 GMT+0000;,11284.29,-
31 2018 20:00:00 GMT+0000;,10731.81,-
01 2018 20:00:00 GMT+0000;,10496.14,-
02 2018 20:00:00 GMT+0000;,10363.7,-1
03 2018 20:00:00 GMT+0000;,10238.48,-
04 2018 20:00:00 GMT+0000;,9823.1,-4.
05 2018 20:00:00 GMT+0000;,9861.1,0.3
06 2018 20:00:00 GMT+0000;,9751.81,-1
07 2018 20:00:00 GMT+0000;,9723.37,-0
08 2018 20:00:00 GMT+0000;,8709.65,-1
09 2018 20:00:00 GMT+0000;,8859.02,1.
10 2018 20:00:00 GMT+0000;,8723.52,-1
11 2018 20:00:00 GMT+0000;,8475.24,-2
12 2018 20:00:00 GMT+0000;,8382.31,-1
13 2018 20:00:00 GMT+0000;,8064.71,-3
14 2018 20:00:00 GMT+0000;,7696.21,-4
15 2018 20:00:00 GMT+0000;,8172.06,6.
16 2018 20:00:00 GMT+0000;,8241.17,0.
17 2018 20:00:00 GMT+0000;,8509.27,3.
18 2018 20:00:00 GMT+0000;,8295.81,-2
19 2018 20:00:00 GMT+0000;,8383.47,1.
20 2018 20:00:00 GMT+0000;,8343.77,-0
21 2018 20:00:00 GMT+0000;,8251.05,-1
22 2018 20:00:00 GMT+0000;,8189.47,-0
23 2018 20:00:00 GMT+0000;,8188.49,-0
24 2018 20:00:00 GMT+0000;,8422.41,2.
25 2018 20:00:00 GMT+0000;,8505.73,0.
26 2018 20:00:00 GMT+0000;,8446.51,-0
27 2018 20:00:00 GMT+0000;,8552.81,1.
28 2018 20:00:00 GMT+0000;,9064.18,5.
29 2018 20:00:00 GMT+0000;,8926,-1.52
30 2018 20:00:00 GMT+0000;,8632.98,-3
31 2018 20:00:00 GMT+0000;,8937.43,3.
01 2018 20:00:00 GMT+0000;,9358.99,4.
02 2018 20:00:00 GMT+0000;,9325.12,-0
03 2018 20:00:00 GMT+0000;,9330.47,0.
04 2018 20:00:00 GMT+0000;,9293.53,-0
05 2018 20:00:00 GMT+0000;,8485.99,-8
06 2018 20:00:00 GMT+0000;,8029.48,-5
07 2018 20:00:00 GMT+0000;,7916.89,-1
08 2018 20:00:00 GMT+0000;,7570.18,-4
09 2018 20:00:00 GMT+0000;,7801.11,3.
10 2018 20:00:00 GMT+0000;,7568.77,-2
11 2018 20:00:00 GMT+0000;,7481.16,-1
12 2018 20:00:00 GMT+0000;,7522.18,0.
13 2018 20:00:00 GMT+0000;,7818.69,3.
14 2018 20:00:00 GMT+0000;,7988.61,2.
15 2018 20:00:00 GMT+0000;,8012.08,0.
16 2018 20:00:00 GMT+0000;,7966.43,-0
17 2018 20:00:00 GMT+0000;,7563.71,-5
18 2018 20:00:00 GMT+0000;,7745.7,2.4
19 2018 20:00:00 GMT+0000;,7882.85,1.
20 2018 20:00:00 GMT+0000;,8033.94,1.
21 2018 20:00:00 GMT+0000;,8981.84,11
22 2018 20:00:00 GMT+0000;,8851.31,-1
23 2018 20:00:00 GMT+0000;,8878.2,0.3
24 2018 20:00:00 GMT+0000;,8656.75,-2
25 2018 20:00:00 GMT+0000;,8111.16,-6
26 2018 20:00:00 GMT+0000;,8516.13,4.
27 2018 20:00:00 GMT+0000;,8808.24,3.
28 2018 20:00:00 GMT+0000;,8755.83,-0
29 2018 20:00:00 GMT+0000;,8749.34,-0
30 2018 20:00:00 GMT+0000;,8756.49,0.
01 2018 20:00:00 GMT+0000;,8670.37,-0
02 2018 20:00:00 GMT+0000;,8674.56,0.
03 2018 20:00:00 GMT+0000;,8417.78,-2
04 2018 20:00:00 GMT+0000;,8602.78,2.
05 2018 20:00:00 GMT+0000;,8532.96,-0
06 2018 20:00:00 GMT+0000;,8440.96,-1
07 2018 20:00:00 GMT+0000;,8452.4,0.1
08 2018 20:00:00 GMT+0000;,8660.24,2.
09 2018 20:00:00 GMT+0000;,8557.79,-1
10 2018 20:00:00 GMT+0000;,8468.41,-1
11 2018 20:00:00 GMT+0000;,7825.73,-7
12 2018 20:00:00 GMT+0000;,7843.54,0.
13 2018 20:00:00 GMT+0000;,7851.91,0.
14 2018 20:00:00 GMT+0000;,7920.4,0.8
15 2018 20:00:00 GMT+0000;,8203.85,3.
16 2018 20:00:00 GMT+0000;,8188.01,-0
17 2018 20:00:00 GMT+0000;,8263.52,0.
18 2018 20:00:00 GMT+0000;,8108.25,-1
19 2018 20:00:00 GMT+0000;,8114.87,0.
20 2018 20:00:00 GMT+0000;,8166.24,0.
21 2018 20:00:00 GMT+0000;,8195.73,0.
22 2018 20:00:00 GMT+0000;,8107,-1.08
23 2018 20:00:00 GMT+0000;,8134.01,0.
24 2018 20:00:00 GMT+0000;,8197.18,0.
25 2018 20:00:00 GMT+0000;,8125.15,-0
26 2018 20:00:00 GMT+0000;,8103.71,-0
27 2018 20:00:00 GMT+0000;,8115.22,0.
28 2018 20:00:00 GMT+0000;,8123.28,0.
29 2018 20:00:00 GMT+0000;,7844.6,-3.
30 2018 20:00:00 GMT+0000;,7872.84,0.
31 2018 20:00:00 GMT+0000;,7953.8,1.0
01 2018 20:00:00 GMT+0000;,7979.37,0.
02 2018 20:00:00 GMT+0000;,8083.42,1.
03 2018 20:00:00 GMT+0000;,8060.63,-0
04 2018 21:00:00 GMT+0000;,8290.77,2.
05 2018 21:00:00 GMT+0000;,8297.15,0.
06 2018 21:00:00 GMT+0000;,8528.02,2.
07 2018 21:00:00 GMT+0000;,8589.94,0.
08 2018 21:00:00 GMT+0000;,8453.4,-1.
09 2018 21:00:00 GMT+0000;,8296.02,-1
10 2018 21:00:00 GMT+0000;,8354.57,0.
11 2018 21:00:00 GMT+0000;,8273.02,-0
12 2018 21:00:00 GMT+0000;,8324.33,0.
13 2018 21:00:00 GMT+0000;,8258.65,-0
14 2018 21:00:00 GMT+0000;,7117.8,-13
15 2018 21:00:00 GMT+0000;,7039.07,-1
16 2018 21:00:00 GMT+0000;,7057.85,0.
17 2018 21:00:00 GMT+0000;,7085.66,0.
18 2018 21:00:00 GMT+0000;,7149.59,0.
19 2018 21:00:00 GMT+0000;,6327.35,-1
20 2018 21:00:00 GMT+0000;,5539.95,-1
21 2018 21:00:00 GMT+0000;,5732.33,3.
22 2018 21:00:00 GMT+0000;,5696.4,-0.
23 2018 21:00:00 GMT+0000;,5370.02,-5
24 2018 21:00:00 GMT+0000;,5287.15,-1
25 2018 21:00:00 GMT+0000;,4992.59,-5
26 2018 21:00:00 GMT+0000;,4662.54,-6
27 2018 21:00:00 GMT+0000;,4736.02,1.
28 2018 21:00:00 GMT+0000;,5506.5,16.
29 2018 21:00:00 GMT+0000;,5265.83,-4
30 2018 21:00:00 GMT+0000;,5005.17,-4
01 2018 21:00:00 GMT+0000;,5260.17,5.
02 2018 21:00:00 GMT+0000;,5250.11,-0
03 2018 21:00:00 GMT+0000;,4830.61,-7
04 2018 21:00:00 GMT+0000;,4846.85,0.
05 2018 21:00:00 GMT+0000;,4655.49,-3
06 2018 21:00:00 GMT+0000;,4456.94,-4
07 2018 21:00:00 GMT+0000;,4109.62,-7
08 2018 21:00:00 GMT+0000;,4066.29,-1
09 2018 21:00:00 GMT+0000;,4395.89,8.
10 2018 21:00:00 GMT+0000;,4161.16,-5
11 2018 21:00:00 GMT+0000;,4082.2,-1.
12 2018 21:00:00 GMT+0000;,4193.51,2.
13 2018 21:00:00 GMT+0000;,3971.18,-5
14 2018 21:00:00 GMT+0000;,3843.24,-3
15 2018 21:00:00 GMT+0000;,3883.79,1.
16 2018 21:00:00 GMT+0000;,3946.39,1.
17 2018 21:00:00 GMT+0000;,4404.66,11
18 2018 21:00:00 GMT+0000;,4342.48,-1
19 2018 21:00:00 GMT+0000;,4685.79,7.
20 2018 21:00:00 GMT+0000;,4906.65,4.
21 2018 21:00:00 GMT+0000;,4782.08,-2
22 2018 21:00:00 GMT+0000;,4896,2.38%
23 2018 21:00:00 GMT+0000;,5083.78,3.
24 2018 21:00:00 GMT+0000;,5230.11,2.
25 2018 21:00:00 GMT+0000;,4911.14,-6
26 2018 21:00:00 GMT+0000;,4856.58,-1
27 2018 21:00:00 GMT+0000;,4554.89,-6
28 2018 21:00:00 GMT+0000;,5034.33,10
29 2018 21:00:00 GMT+0000;,4977.22,-1
30 2018 21:00:00 GMT+0000;,4931.49,-0
31 2018 21:00:00 GMT+0000;,4733.43,-4
01 2019 21:00:00 GMT+0000;,4848.3,2.4
02 2019 21:00:00 GMT+0000;,5076.37,4.
03 2019 21:00:00 GMT+0000;,4950.03,-2
04 2019 21:00:00 GMT+0000;,4949.49,-0
05 2019 21:00:00 GMT+0000;,5035.84,1.
06 2019 21:00:00 GMT+0000;,5233.37,3.
07 2019 21:00:00 GMT+0000;,5186.22,-0
08 2019 21:00:00 GMT+0000;,5169.13,-0
09 2019 21:00:00 GMT+0000;,5180.95,0.
10 2019 21:00:00 GMT+0000;,4626.92,-1
11 2019 21:00:00 GMT+0000;,4636.04,0.
12 2019 21:00:00 GMT+0000;,4615.7,-0.
13 2019 21:00:00 GMT+0000;,4395.54,-4
14 2019 21:00:00 GMT+0000;,4663.56,6.
15 2019 21:00:00 GMT+0000;,4496.28,-3
16 2019 21:00:00 GMT+0000;,4541.17,1.
17 2019 21:00:00 GMT+0000;,4585.85,0.
18 2019 21:00:00 GMT+0000;,4536.15,-1
19 2019 21:00:00 GMT+0000;,4668.13,2.
20 2019 21:00:00 GMT+0000;,4448.2,-4.
21 2019 21:00:00 GMT+0000;,4454.89,0.
22 2019 21:00:00 GMT+0000;,4518.13,1.
23 2019 21:00:00 GMT+0000;,4438.19,-1
24 2019 21:00:00 GMT+0000;,4504,1.48%
25 2019 21:00:00 GMT+0000;,4459.57,-0
26 2019 21:00:00 GMT+0000;,4464.28,0.
27 2019 21:00:00 GMT+0000;,4431.87,-0
28 2019 21:00:00 GMT+0000;,4208.5,-5.
29 2019 21:00:00 GMT+0000;,4196.39,-0
30 2019 21:00:00 GMT+0000;,4300.89,2.
31 2019 21:00:00 GMT+0000;,4271.48,-0
01 2019 21:00:00 GMT+0000;,4285.78,0.
02 2019 21:00:00 GMT+0000;,4279.05,-0
03 2019 21:00:00 GMT+0000;,4228.74,-1
04 2019 21:00:00 GMT+0000;,4253.51,0.
05 2019 21:00:00 GMT+0000;,4250.2,-0.
06 2019 21:00:00 GMT+0000;,4157.45,-2
07 2019 21:00:00 GMT+0000;,4165.71,0.
08 2019 21:00:00 GMT+0000;,4545.38,9.
09 2019 21:00:00 GMT+0000;,4539.62,-0
10 2019 21:00:00 GMT+0000;,4519.01,-0
11 2019 21:00:00 GMT+0000;,4524.24,0.
12 2019 21:00:00 GMT+0000;,4558.33,0.
13 2019 21:00:00 GMT+0000;,4493.36,-1
14 2019 21:00:00 GMT+0000;,4483.88,-0
15 2019 21:00:00 GMT+0000;,4485.51,0.
16 2019 21:00:00 GMT+0000;,4537.36,1.
17 2019 21:00:00 GMT+0000;,4525.48,-0
18 2019 21:00:00 GMT+0000;,4950.09,9.
19 2019 21:00:00 GMT+0000;,5051.25,2.
20 2019 21:00:00 GMT+0000;,5059.03,0.
21 2019 21:00:00 GMT+0000;,4970.08,-1
22 2019 21:00:00 GMT+0000;,5038.45,1.
23 2019 21:00:00 GMT+0000;,5309.69,5.
24 2019 21:00:00 GMT+0000;,4818.78,-9
25 2019 21:00:00 GMT+0000;,4889.37,1.
26 2019 21:00:00 GMT+0000;,4822.9,-1.
27 2019 21:00:00 GMT+0000;,4707.65,-2
28 2019 21:00:00 GMT+0000;,4833.57,2.
01 2019 21:00:00 GMT+0000;,4885.22,1.
02 2019 21:00:00 GMT+0000;,4821.79,-1
03 2019 21:00:00 GMT+0000;,4817.79,-0
04 2019 21:00:00 GMT+0000;,4670.2,-3.
05 2019 21:00:00 GMT+0000;,4894.51,4.
06 2019 21:00:00 GMT+0000;,4909.25,0.
07 2019 21:00:00 GMT+0000;,4943.08,0.
08 2019 21:00:00 GMT+0000;,4959.65,0.
09 2019 21:00:00 GMT+0000;,4953.47,-0
10 2019 20:00:00 GMT+0000;,4943.14,-0
11 2019 20:00:00 GMT+0000;,4874.97,-1
12 2019 20:00:00 GMT+0000;,4908.08,0.
13 2019 20:00:00 GMT+0000;,4911.59,0.
14 2019 20:00:00 GMT+0000;,4907.82,-0
15 2019 20:00:00 GMT+0000;,5005.82,2.
16 2019 20:00:00 GMT+0000;,5107.89,2.
17 2019 20:00:00 GMT+0000;,5096.05,-0
18 2019 20:00:00 GMT+0000;,5072.77,-0
19 2019 20:00:00 GMT+0000;,5112.6,0.7
20 2019 20:00:00 GMT+0000;,5129.12,0.
21 2019 20:00:00 GMT+0000;,5051.7,-1.
22 2019 20:00:00 GMT+0000;,5091.19,0.
23 2019 20:00:00 GMT+0000;,5074.06,-0
24 2019 20:00:00 GMT+0000;,5056.28,-0
25 2019 20:00:00 GMT+0000;,4962.48,-1
26 2019 20:00:00 GMT+0000;,4973.76,0.
27 2019 20:00:00 GMT+0000;,5138.85,3.
28 2019 20:00:00 GMT+0000;,5131.55,-0
29 2019 20:00:00 GMT+0000;,5214.23,1.
30 2019 20:00:00 GMT+0000;,5217.32,0.
31 2019 20:00:00 GMT+0000;,5234.34,0.
01 2019 20:00:00 GMT+0000;,5274.34,0.
02 2019 20:00:00 GMT+0000;,6077.88,15
03 2019 20:00:00 GMT+0000;,6704.06,10
04 2019 20:00:00 GMT+0000;,6124.92,-8
05 2019 20:00:00 GMT+0000;,6456.42,5.
06 2019 20:00:00 GMT+0000;,6655.92,3.
07 2019 20:00:00 GMT+0000;,6613.07,-0
08 2019 20:00:00 GMT+0000;,6682.95,1.
09 2019 20:00:00 GMT+0000;,6669.69,-0
10 2019 20:00:00 GMT+0000;,6906.14,3.
11 2019 20:00:00 GMT+0000;,6396.15,-7
12 2019 20:00:00 GMT+0000;,6372.08,-0
13 2019 20:00:00 GMT+0000;,6374.2,0.0
14 2019 20:00:00 GMT+0000;,6397.39,0.
15 2019 20:00:00 GMT+0000;,6294.22,-1
16 2019 20:00:00 GMT+0000;,6524.17,3.
17 2019 20:00:00 GMT+0000;,6573.48,0.
18 2019 20:00:00 GMT+0000;,6680.34,1.
19 2019 20:00:00 GMT+0000;,6657.96,-0
20 2019 20:00:00 GMT+0000;,6663.28,0.
21 2019 20:00:00 GMT+0000;,6520.95,-2
22 2019 20:00:00 GMT+0000;,6674.8,2.3
23 2019 20:00:00 GMT+0000;,6835.8,2.4
24 2019 20:00:00 GMT+0000;,6545.24,-4
25 2019 20:00:00 GMT+0000;,6621.83,1.
26 2019 20:00:00 GMT+0000;,6145.35,-7
27 2019 20:00:00 GMT+0000;,6305.34,2.
28 2019 20:00:00 GMT+0000;,6198.46,-1
29 2019 20:00:00 GMT+0000;,6183.47,-0
30 2019 20:00:00 GMT+0000;,6331.82,2.
01 2019 20:00:00 GMT+0000;,6397.02,1.
02 2019 20:00:00 GMT+0000;,6466.36,1.
03 2019 20:00:00 GMT+0000;,6796.2,5.1
04 2019 20:00:00 GMT+0000;,6685.44,-1
05 2019 20:00:00 GMT+0000;,6770.29,1.
06 2019 20:00:00 GMT+0000;,6862.93,1.
07 2019 20:00:00 GMT+0000;,6907.06,0.
08 2019 20:00:00 GMT+0000;,6945.17,0.
09 2019 20:00:00 GMT+0000;,7039.92,1.
10 2019 20:00:00 GMT+0000;,7368.22,4.
11 2019 20:00:00 GMT+0000;,8086.63,9.
12 2019 20:00:00 GMT+0000;,8087.04,0.
13 2019 20:00:00 GMT+0000;,8970.66,10
14 2019 20:00:00 GMT+0000;,9004.43,0.
15 2019 20:00:00 GMT+0000;,9713.73,7.
16 2019 20:00:00 GMT+0000;,9448.78,-2
17 2019 20:00:00 GMT+0000;,8557.73,-9
18 2019 20:00:00 GMT+0000;,8692.68,1.
19 2019 20:00:00 GMT+0000;,9520.83,9.
20 2019 20:00:00 GMT+0000;,9321.66,-2
21 2019 20:00:00 GMT+0000;,9568.75,2.
22 2019 20:00:00 GMT+0000;,9435.07,-1
23 2019 20:00:00 GMT+0000;,9181.46,-2
24 2019 20:00:00 GMT+0000;,9566.22,4.
25 2019 20:00:00 GMT+0000;,9492.69,-0
26 2019 20:00:00 GMT+0000;,10067.79,6
27 2019 20:00:00 GMT+0000;,10460.08,3
28 2019 20:00:00 GMT+0000;,10421.35,-
29 2019 20:00:00 GMT+0000;,10473.21,0
30 2019 20:00:00 GMT+0000;,10350.95,-
31 2019 20:00:00 GMT+0000;,10119.27,-
01 2019 20:00:00 GMT+0000;,10219,0.99
02 2019 20:00:00 GMT+0000;,10367.22,1
03 2019 20:00:00 GMT+0000;,10230.78,-
04 2019 20:00:00 GMT+0000;,9057.04,-1
05 2019 20:00:00 GMT+0000;,9330.63,3.
06 2019 20:00:00 GMT+0000;,9124.77,-2
07 2019 20:00:00 GMT+0000;,9592.3,5.1
08 2019 20:00:00 GMT+0000;,9392.41,-2
09 2019 20:00:00 GMT+0000;,9231.17,-1
10 2019 20:00:00 GMT+0000;,9552.73,3.
11 2019 20:00:00 GMT+0000;,9494.3,-0.
12 2019 20:00:00 GMT+0000;,9810.54,3.
13 2019 20:00:00 GMT+0000;,9877.32,0.
14 2019 20:00:00 GMT+0000;,9952.48,0.
15 2019 20:00:00 GMT+0000;,10490.63,5
16 2019 20:00:00 GMT+0000;,10519.77,0
17 2019 20:00:00 GMT+0000;,10896.97,3
18 2019 20:00:00 GMT+0000;,10628.51,-
19 2019 20:00:00 GMT+0000;,10752.4,1.
20 2019 20:00:00 GMT+0000;,11036.95,2
21 2019 20:00:00 GMT+0000;,11513.81,4
22 2019 20:00:00 GMT+0000;,12335.79,7
23 2019 20:00:00 GMT+0000;,12581.5,1.
24 2019 20:00:00 GMT+0000;,12441.74,-
25 2019 20:00:00 GMT+0000;,12818.68,3
26 2019 20:00:00 GMT+0000;,15058.94,1
27 2019 20:00:00 GMT+0000;,11967.15,-
28 2019 20:00:00 GMT+0000;,13373.05,1
29 2019 20:00:00 GMT+0000;,13065.05,-
30 2019 20:00:00 GMT+0000;,12418.3,-4
01 2019 20:00:00 GMT+0000;,11382.23,-
02 2019 20:00:00 GMT+0000;,11911.08,4
03 2019 20:00:00 GMT+0000;,12355.83,3
04 2019 20:00:00 GMT+0000;,12852.48,4
05 2019 20:00:00 GMT+0000;,12173.01,-
06 2019 20:00:00 GMT+0000;,12552.25,3
07 2019 20:00:00 GMT+0000;,12646.79,0
08 2019 20:00:00 GMT+0000;,13205.87,4
09 2019 20:00:00 GMT+0000;,13395.78,1
10 2019 20:00:00 GMT+0000;,12779.57,-
11 2019 20:00:00 GMT+0000;,12204.03,-
12 2019 20:00:00 GMT+0000;,12296.45,0
13 2019 20:00:00 GMT+0000;,11870.22,-
14 2019 20:00:00 GMT+0000;,11012.62,-
15 2019 20:00:00 GMT+0000;,11317.99,2
16 2019 20:00:00 GMT+0000;,10122.99,-
17 2019 20:00:00 GMT+0000;,10274.28,1
18 2019 20:00:00 GMT+0000;,11015.39,7
19 2019 20:00:00 GMT+0000;,10873.77,-
20 2019 20:00:00 GMT+0000;,11479.02,5
21 2019 20:00:00 GMT+0000;,10934.92,-
22 2019 20:00:00 GMT+0000;,10619.8,-2
23 2019 20:00:00 GMT+0000;,10646.08,0
24 2019 20:00:00 GMT+0000;,10221.62,-
25 2019 20:00:00 GMT+0000;,10438.69,2
26 2019 20:00:00 GMT+0000;,10494.49,0
27 2019 20:00:00 GMT+0000;,9981.33,-4
28 2019 20:00:00 GMT+0000;,10101.94,1
29 2019 20:00:00 GMT+0000;,10042.89,-
30 2019 20:00:00 GMT+0000;,10200.57,1
31 2019 20:00:00 GMT+0000;,10556.67,3
01 2019 20:00:00 GMT+0000;,10792.47,2
02 2019 20:00:00 GMT+0000;,10903.41,1
03 2019 20:00:00 GMT+0000;,11277.54,3
04 2019 20:00:00 GMT+0000;,11343.29,0
05 2019 20:00:00 GMT+0000;,12082.09,6
06 2019 20:00:00 GMT+0000;,11943.34,-
07 2019 20:00:00 GMT+0000;,11970.67,0
08 2019 20:00:00 GMT+0000;,11751.63,-
09 2019 20:00:00 GMT+0000;,11851.46,0
10 2019 20:00:00 GMT+0000;,11484.91,-
11 2019 20:00:00 GMT+0000;,11615.38,1
12 2019 20:00:00 GMT+0000;,11616.82,0
13 2019 20:00:00 GMT+0000;,11142.12,-
14 2019 20:00:00 GMT+0000;,10288.6,-7
15 2019 20:00:00 GMT+0000;,10262.52,-
16 2019 20:00:00 GMT+0000;,10561.24,2
17 2019 20:00:00 GMT+0000;,10290.94,-
18 2019 20:00:00 GMT+0000;,10599.01,2
19 2019 20:00:00 GMT+0000;,10846.02,2
20 2019 20:00:00 GMT+0000;,10841.85,-
21 2019 20:00:00 GMT+0000;,10248.91,-
22 2019 20:00:00 GMT+0000;,10362.87,1
23 2019 20:00:00 GMT+0000;,10589.94,2
24 2019 20:00:00 GMT+0000;,10316.98,-
25 2019 20:00:00 GMT+0000;,10230,-0.8
26 2019 20:00:00 GMT+0000;,10438.84,2
27 2019 20:00:00 GMT+0000;,10309.06,-
28 2019 20:00:00 GMT+0000;,9759.57,-5
29 2019 20:00:00 GMT+0000;,9600.77,-1
30 2019 20:00:00 GMT+0000;,9649.58,0.
31 2019 20:00:00 GMT+0000;,9649.81,0.
01 2019 20:00:00 GMT+0000;,9717.62,0.
02 2019 20:00:00 GMT+0000;,10222.68,5
03 2019 20:00:00 GMT+0000;,10633.81,4
04 2019 20:00:00 GMT+0000;,10648.66,0
05 2019 20:00:00 GMT+0000;,10444.05,-
06 2019 20:00:00 GMT+0000;,10310.95,-
07 2019 20:00:00 GMT+0000;,10511.08,1
08 2019 20:00:00 GMT+0000;,10396.37,-
09 2019 20:00:00 GMT+0000;,10375.96,-
10 2019 20:00:00 GMT+0000;,10101.49,-
11 2019 20:00:00 GMT+0000;,10129.09,0
12 2019 20:00:00 GMT+0000;,10341.53,2
13 2019 20:00:00 GMT+0000;,10249.13,-
14 2019 20:00:00 GMT+0000;,10497.34,2
15 2019 20:00:00 GMT+0000;,10419.01,-
16 2019 20:00:00 GMT+0000;,10278.01,-
17 2019 20:00:00 GMT+0000;,10579.85,2
18 2019 20:00:00 GMT+0000;,10591.84,0
19 2019 20:00:00 GMT+0000;,10551.9,-0
20 2019 20:00:00 GMT+0000;,10502.11,-
21 2019 20:00:00 GMT+0000;,10377.51,-
22 2019 20:00:00 GMT+0000;,10259.81,-
23 2019 20:00:00 GMT+0000;,10117,-1.3
24 2019 20:00:00 GMT+0000;,8641.15,-1
25 2019 20:00:00 GMT+0000;,8548.74,-1
26 2019 20:00:00 GMT+0000;,8324.16,-2
27 2019 20:00:00 GMT+0000;,8232.88,-1
28 2019 20:00:00 GMT+0000;,8411.64,2.
29 2019 20:00:00 GMT+0000;,8184.45,-2
30 2019 20:00:00 GMT+0000;,8560.76,4.
01 2019 20:00:00 GMT+0000;,8559.99,-0
02 2019 20:00:00 GMT+0000;,8536.27,-0
03 2019 20:00:00 GMT+0000;,8402.88,-1
04 2019 20:00:00 GMT+0000;,8498.86,1.
05 2019 20:00:00 GMT+0000;,8381.78,-1
06 2019 20:00:00 GMT+0000;,8202.62,-2
07 2019 20:00:00 GMT+0000;,8593.12,4.
08 2019 20:00:00 GMT+0000;,8524.54,-0
09 2019 20:00:00 GMT+0000;,8968.77,5.
10 2019 20:00:00 GMT+0000;,8918.47,-0
11 2019 20:00:00 GMT+0000;,8659.83,-2
12 2019 20:00:00 GMT+0000;,8630.69,-0
13 2019 20:00:00 GMT+0000;,8775.14,1.
14 2019 20:00:00 GMT+0000;,8721.54,-0
15 2019 20:00:00 GMT+0000;,8533.04,-2
16 2019 20:00:00 GMT+0000;,8300.39,-2
17 2019 20:00:00 GMT+0000;,8449.62,1.
18 2019 20:00:00 GMT+0000;,8334.07,-1
19 2019 20:00:00 GMT+0000;,8339.33,0.
20 2019 20:00:00 GMT+0000;,8585.93,2.
21 2019 20:00:00 GMT+0000;,8546.35,-0
22 2019 20:00:00 GMT+0000;,8519.55,-0
23 2019 20:00:00 GMT+0000;,7815.76,-8
24 2019 20:00:00 GMT+0000;,7859.7,0.5
25 2019 20:00:00 GMT+0000;,8977.03,14
26 2019 20:00:00 GMT+0000;,9230.42,2.
27 2019 20:00:00 GMT+0000;,9913.38,7.
28 2019 20:00:00 GMT+0000;,9638.47,-2
29 2019 20:00:00 GMT+0000;,9538.43,-1
30 2019 20:00:00 GMT+0000;,9477.37,-0
31 2019 20:00:00 GMT+0000;,9489.5,0.1
01 2019 20:00:00 GMT+0000;,9431.19,-0
02 2019 20:00:00 GMT+0000;,9599.68,1.
03 2019 21:00:00 GMT+0000;,9420.34,-1
04 2019 21:00:00 GMT+0000;,9737.61,3.
05 2019 21:00:00 GMT+0000;,9693.79,-0
06 2019 21:00:00 GMT+0000;,9637.4,-0.
07 2019 21:00:00 GMT+0000;,9489.43,-1
08 2019 21:00:00 GMT+0000;,9132.09,-3
09 2019 21:00:00 GMT+0000;,9125.83,-0
10 2019 21:00:00 GMT+0000;,9397.66,2.
11 2019 21:00:00 GMT+0000;,9088.19,-3
12 2019 21:00:00 GMT+0000;,9144.07,0.
13 2019 21:00:00 GMT+0000;,9107.01,-0
14 2019 21:00:00 GMT+0000;,8992.27,-1
15 2019 21:00:00 GMT+0000;,8789.52,-2
16 2019 21:00:00 GMT+0000;,8789.81,0.
17 2019 21:00:00 GMT+0000;,8880.46,1.
18 2019 21:00:00 GMT+0000;,8524.54,-4
19 2019 21:00:00 GMT+0000;,8400.68,-1
20 2019 21:00:00 GMT+0000;,8386.21,-0
21 2019 21:00:00 GMT+0000;,7851.76,-6
22 2019 21:00:00 GMT+0000;,7582.73,-3
23 2019 21:00:00 GMT+0000;,7542.71,-0
24 2019 21:00:00 GMT+0000;,7281.44,-3
25 2019 21:00:00 GMT+0000;,7379.33,1.
26 2019 21:00:00 GMT+0000;,7341.85,-0
27 2019 21:00:00 GMT+0000;,7773.09,5.
28 2019 21:00:00 GMT+0000;,7780.07,0.
29 2019 21:00:00 GMT+0000;,7940.58,2.
30 2019 21:00:00 GMT+0000;,7707.24,-2
01 2019 21:00:00 GMT+0000;,7575.5,-1.
02 2019 21:00:00 GMT+0000;,7499.19,-1
03 2019 21:00:00 GMT+0000;,7505.71,0.
04 2019 21:00:00 GMT+0000;,7392.17,-1
05 2019 21:00:00 GMT+0000;,7573.79,2.
06 2019 21:00:00 GMT+0000;,7620.09,0.
07 2019 21:00:00 GMT+0000;,7692.06,0.
08 2019 21:00:00 GMT+0000;,7735.3,0.5