date,open,high,low,close,adjclose,volume,dividend,split
2015-12-31,23.350000381469727,23.350000381469727,23.190000534057617,23.270000457763672,19.242931365966797,85900,0,1
2016-01-04,23.270000457763672,23.270000457763672,23.040000915527344,23.139999389648438,19.13543701171875,41700,0,1
2016-01-05,23.110000610351562,23.239999771118164,23.049999237060547,23.18000030517578,19.16851234436035,39800,0,1
2016-01-06,23.049999237060547,23.18000030517578,23.049999237060547,23.1299991607666,19.127168655395508,18700,0,1
2016-01-07,22.959999084472656,23.06999969482422,22.940000534057617,22.959999084472656,18.98658561706543,32300,0,1
2016-01-08,23.0,23.010000228881836,22.8700008392334,22.889999389648438,18.928699493408203,33200,0,1
2016-01-11,22.8799991607666,22.959999084472656,22.790000915527344,22.84000015258789,18.88735008239746,55100,0,1
2016-01-12,22.8799991607666,22.969999313354492,22.799999237060547,22.829999923706055,18.879077911376953,87800,0,1
2016-01-13,22.940000534057617,22.940000534057617,22.649999618530273,22.65999984741211,18.738500595092773,64400,0,1
2016-01-14,22.81999969482422,22.81999969482422,22.59000015258789,22.739999771118164,18.804649353027344,35400,0,1
2016-01-15,22.600000381469727,22.600000381469727,22.350000381469727,22.440000534057617,18.55657196044922,72000,0,1
2016-01-19,22.43000030517578,22.510000228881836,22.350000381469727,22.3700008392334,18.498689651489258,140800,0,1
2016-01-20,22.1200008392334,22.350000381469727,21.950000762939453,22.190000534057617,18.34984016418457,108600,0,1
2016-01-21,22.200000762939453,22.329999923706055,22.200000762939453,22.270000457763672,18.41598892211914,22900,0,1
2016-01-22,22.399999618530273,22.559999465942383,22.399999618530273,22.559999465942383,18.655811309814453,80600,0,1
2016-01-25,22.520000457763672,22.520000457763672,22.389999389648438,22.389999389648438,18.515226364135742,35200,0,1
2016-01-26,22.40999984741211,22.6200008392334,22.40999984741211,22.56999969482422,18.664077758789062,40100,0,1
2016-01-27,22.540000915527344,22.700000762939453,22.489999771118164,22.559999465942383,18.655811309814453,18800,0,1
2016-01-28,22.6299991607666,22.700000762939453,22.59000015258789,22.65999984741211,18.738500595092773,199200,0,1
2016-01-29,22.700000762939453,22.889999389648438,22.700000762939453,22.8700008392334,18.912158966064453,45400,0,1
2016-02-01,22.829999923706055,22.940000534057617,22.770000457763672,22.84000015258789,18.88735008239746,33400,0,1
2016-02-02,22.700000762939453,22.700000762939453,22.6200008392334,22.649999618530273,18.78038787841797,25400,0,1
2016-02-03,22.719999313354492,22.799999237060547,22.639999389648438,22.75,18.86330795288086,46500,0,1
2016-02-04,22.68000030517578,22.829999923706055,22.68000030517578,22.770000457763672,18.8798828125,59600,0,1
2016-02-05,22.700000762939453,22.75,22.6200008392334,22.6299991607666,18.763803482055664,80100,0,1
2016-02-08,22.649999618530273,22.649999618530273,22.459999084472656,22.600000381469727,18.738935470581055,20900,0,1
2016-02-09,22.450000762939453,22.549999237060547,22.3799991607666,22.450000762939453,18.614559173583984,116900,0,1
2016-02-10,22.459999084472656,22.59000015258789,22.450000762939453,22.469999313354492,18.631141662597656,41600,0,1
2016-02-11,22.290000915527344,22.389999389648438,22.219999313354492,22.3700008392334,18.548227310180664,33900,0,1
2016-02-12,22.3700008392334,22.469999313354492,22.309999465942383,22.440000534057617,18.60626220703125,40300,0,1
2016-02-16,22.59000015258789,22.59000015258789,22.459999084472656,22.530000686645508,18.68089485168457,53100,0,1
2016-02-17,22.549999237060547,22.760000228881836,22.549999237060547,22.729999542236328,18.846721649169922,25400,0,1
2016-02-18,22.729999542236328,22.850000381469727,22.729999542236328,22.790000915527344,18.896469116210938,37000,0,1
2016-02-19,22.770000457763672,22.84000015258789,22.719999313354492,22.81999969482422,18.921350479125977,25200,0,1
2016-02-22,22.809999465942383,22.979999542236328,22.809999465942383,22.940000534057617,19.020851135253906,27700,0,1
2016-02-23,22.889999389648438,22.90999984741211,22.860000610351562,22.899999618530273,18.98767852783203,20700,0,1
2016-02-24,22.790000915527344,22.899999618530273,22.760000228881836,22.889999389648438,18.97939109802246,37300,0,1
2016-02-25,23.190000534057617,23.190000534057617,22.899999618530273,23.079999923706055,19.136926651000977,22200,0,1
2016-02-26,23.18000030517578,23.18000030517578,22.979999542236328,22.979999542236328,19.05400848388672,59100,0,1
2016-02-29,22.940000534057617,23.1200008392334,22.93000030517578,23.100000381469727,19.15351104736328,26000,0,1
2016-03-01,23.239999771118164,23.239999771118164,23.09000015258789,23.239999771118164,19.269590377807617,21900,0,1
2016-03-02,23.190000534057617,23.219999313354492,23.100000381469727,23.200000762939453,19.28455352783203,55100,0,1
2016-03-03,23.239999771118164,23.360000610351562,23.200000762939453,23.34000015258789,19.400930404663086,16800,0,1
2016-03-04,23.309999465942383,23.5,23.309999465942383,23.469999313354492,19.508991241455078,24500,0,1
2016-03-07,23.420000076293945,23.530000686645508,23.389999389648438,23.469999313354492,19.508991241455078,25900,0,1
2016-03-08,23.510000228881836,23.530000686645508,23.399999618530273,23.399999618530273,19.450796127319336,13900,0,1
2016-03-09,23.549999237060547,23.549999237060547,23.43000030517578,23.459999084472656,19.500675201416016,32600,0,1
2016-03-10,23.649999618530273,23.649999618530273,23.3799991607666,23.540000915527344,19.567174911499023,31100,0,1
2016-03-11,23.729999542236328,23.780000686645508,23.68000030517578,23.780000686645508,19.766666412353516,22000,0,1
2016-03-14,23.739999771118164,23.75,23.639999389648438,23.709999084472656,19.708478927612305,9900,0,1
2016-03-15,23.670000076293945,23.670000076293945,23.540000915527344,23.6200008392334,19.63367462158203,25000,0,1
2016-03-16,23.520000457763672,23.790000915527344,23.510000228881836,23.739999771118164,19.73341941833496,20800,0,1
2016-03-17,23.719999313354492,24.0,23.719999313354492,23.959999084472656,19.916288375854492,33300,0,1
2016-03-18,23.950000762939453,24.040000915527344,23.950000762939453,23.969999313354492,19.924602508544922,9000,0,1
2016-03-21,23.8799991607666,24.040000915527344,23.8799991607666,23.979999542236328,19.932910919189453,17200,0,1
2016-03-22,24.0,24.020000457763672,23.780000686645508,23.950000762939453,19.907976150512695,16800,0,1
2016-03-23,23.950000762939453,23.959999084472656,23.84000015258789,23.8799991607666,19.849794387817383,17200,0,1
2016-03-24,23.670000076293945,23.8799991607666,23.5,23.81999969482422,19.79991912841797,22800,0,1
2016-03-28,23.700000762939453,23.889999389648438,23.700000762939453,23.860000610351562,19.833166122436523,32800,0,1
2016-03-29,23.829999923706055,24.010000228881836,23.760000228881836,23.969999313354492,19.924602508544922,54200,0,1
2016-03-30,24.06999969482422,24.100000381469727,24.010000228881836,24.020000457763672,19.966169357299805,30500,0,1
2016-03-31,23.950000762939453,24.1299991607666,23.950000762939453,24.079999923706055,20.016036987304688,22600,0,1
2016-04-01,24.020000457763672,24.110000610351562,23.84000015258789,24.100000381469727,20.03266716003418,13200,0,1
2016-04-04,24.0,24.0,23.799999237060547,23.860000610351562,19.833166122436523,31400,0,1
2016-04-05,23.739999771118164,23.790000915527344,23.639999389648438,23.719999313354492,19.863309860229492,19100,0,1
2016-04-06,23.729999542236328,23.8799991607666,23.65999984741211,23.829999923706055,19.95543098449707,51600,0,1
2016-04-07,23.799999237060547,23.84000015258789,23.729999542236328,23.75,19.8884334564209,36100,0,1
2016-04-08,23.8799991607666,23.950000762939453,23.780000686645508,23.84000015258789,19.96379852294922,31400,0,1
2016-04-11,23.940000534057617,24.010000228881836,23.920000076293945,23.950000762939453,20.0559139251709,35600,0,1
2016-04-12,23.989999771118164,24.030000686645508,23.93000030517578,23.989999771118164,20.08941078186035,11500,0,1
2016-04-13,24.15999984741211,24.18000030517578,24.059999465942383,24.15999984741211,20.231773376464844,30500,0,1
2016-04-14,24.149999618530273,24.18000030517578,24.059999465942383,24.15999984741211,20.231773376464844,27200,0,1
2016-04-15,23.809999465942383,24.209999084472656,23.770000457763672,24.200000762939453,20.265274047851562,20600,0,1
2016-04-18,24.190000534057617,24.260000228881836,24.100000381469727,24.260000228881836,20.315509796142578,22700,0,1
2016-04-19,24.350000381469727,24.389999389648438,24.309999465942383,24.34000015258789,20.382509231567383,30000,0,1
2016-04-20,24.329999923706055,24.479999542236328,24.329999923706055,24.329999923706055,20.374135971069336,19300,0,1
2016-04-21,24.280000686645508,24.329999923706055,24.239999771118164,24.280000686645508,20.332258224487305,22900,0,1
2016-04-22,24.270000457763672,24.31999969482422,24.25,24.31999969482422,20.36576271057129,15300,0,1
2016-04-25,24.25,24.280000686645508,24.209999084472656,24.25,20.307138442993164,25700,0,1
2016-04-26,24.299999237060547,24.350000381469727,24.219999313354492,24.290000915527344,20.340639114379883,33100,0,1
2016-04-27,24.290000915527344,24.40999984741211,24.25,24.3799991607666,20.416004180908203,16000,0,1
2016-04-28,24.34000015258789,24.440000534057617,24.34000015258789,24.3799991607666,20.416004180908203,34900,0,1
2016-04-29,24.420000076293945,24.459999084472656,24.290000915527344,24.420000076293945,20.449501037597656,31500,0,1
2016-05-02,24.489999771118164,24.489999771118164,24.200000762939453,24.420000076293945,20.449501037597656,25800,0,1
2016-05-03,24.360000610351562,24.360000610351562,24.190000534057617,24.229999542236328,20.33536148071289,22900,0,1
2016-05-04,24.200000762939453,24.200000762939453,24.09000015258789,24.18000030517578,20.29339599609375,20400,0,1
2016-05-05,24.239999771118164,24.239999771118164,24.149999618530273,24.209999084472656,20.31856918334961,10800,0,1
2016-05-06,24.18000030517578,24.239999771118164,24.1200008392334,24.219999313354492,20.326963424682617,25200,0,1
2016-05-09,24.1299991607666,24.229999542236328,24.1299991607666,24.209999084472656,20.31856918334961,24300,0,1
2016-05-10,24.309999465942383,24.350000381469727,24.219999313354492,24.350000381469727,20.436067581176758,29100,0,1
2016-05-11,24.229999542236328,24.389999389648438,24.229999542236328,24.350000381469727,20.436067581176758,32000,0,1
2016-05-12,24.420000076293945,24.420000076293945,24.280000686645508,24.34000015258789,20.42768096923828,20900,0,1
2016-05-13,24.270000457763672,24.31999969482422,24.239999771118164,24.280000686645508,20.3773193359375,15900,0,1
2016-05-16,24.270000457763672,24.350000381469727,24.270000457763672,24.350000381469727,20.436067581176758,13200,0,1
2016-05-17,24.280000686645508,24.389999389648438,24.25,24.299999237060547,20.394107818603516,21400,0,1
2016-05-18,24.229999542236328,24.299999237060547,24.110000610351562,24.1299991607666,20.251432418823242,17200,0,1
2016-05-19,24.06999969482422,24.09000015258789,24.0,24.06999969482422,20.201080322265625,11600,0,1
2016-05-20,24.149999618530273,24.200000762939453,24.1200008392334,24.139999389648438,20.259828567504883,64300,0,1
2016-05-23,24.09000015258789,24.239999771118164,24.06999969482422,24.170000076293945,20.28500747680664,20900,0,1
2016-05-24,24.139999389648438,24.239999771118164,24.1200008392334,24.239999771118164,20.343751907348633,42000,0,1
2016-05-25,24.209999084472656,24.350000381469727,24.209999084472656,24.299999237060547,20.394107818603516,15400,0,1
2016-05-26,24.290000915527344,24.43000030517578,24.290000915527344,24.389999389648438,20.469635009765625,23300,0,1
2016-05-27,24.399999618530273,24.399999618530273,24.309999465942383,24.309999465942383,20.402496337890625,12800,0,1
2016-05-31,24.399999618530273,24.399999618530273,24.299999237060547,24.350000381469727,20.436067581176758,20500,0,1
2016-06-01,24.350000381469727,24.389999389648438,24.15999984741211,24.389999389648438,20.469635009765625,16700,0,1
2016-06-02,24.309999465942383,24.3799991607666,24.280000686645508,24.3700008392334,20.49907875061035,27100,0,1
2016-06-03,24.299999237060547,24.5,24.299999237060547,24.5,20.608430862426758,12200,0,1
2016-06-06,24.649999618530273,24.649999618530273,24.530000686645508,24.600000381469727,20.69254493713379,22500,0,1
2016-06-07,24.6299991607666,24.700000762939453,24.600000381469727,24.639999389648438,20.7261962890625,19500,0,1
2016-06-08,24.65999984741211,24.75,24.559999465942383,24.739999771118164,20.810304641723633,18000,0,1
2016-06-09,24.6299991607666,24.729999542236328,24.6299991607666,24.729999542236328,20.801897048950195,11600,0,1
2016-06-10,24.700000762939453,24.75,24.5,24.530000686645508,20.6336669921875,23800,0,1
2016-06-13,24.530000686645508,24.530000686645508,24.399999618530273,24.420000076293945,20.541141510009766,17700,0,1
2016-06-14,24.34000015258789,24.34000015258789,24.239999771118164,24.309999465942383,20.4486083984375,25900,0,1
2016-06-15,24.31999969482422,24.520000457763672,24.31999969482422,24.3799991607666,20.507490158081055,23300,0,1
2016-06-16,24.389999389648438,24.399999618530273,24.200000762939453,24.350000381469727,20.482255935668945,27700,0,1
2016-06-17,24.399999618530273,24.440000534057617,24.34000015258789,24.40999984741211,20.532733917236328,9700,0,1
2016-06-20,24.700000762939453,24.700000762939453,24.489999771118164,24.579999923706055,20.675722122192383,18200,0,1
2016-06-21,24.59000015258789,24.690000534057617,24.540000915527344,24.56999969482422,20.66731071472168,11700,0,1
2016-06-22,24.639999389648438,24.639999389648438,24.5,24.59000015258789,20.684131622314453,91500,0,1
2016-06-23,24.809999465942383,24.809999465942383,24.6299991607666,24.719999313354492,20.793485641479492,155900,0,1
2016-06-24,24.040000915527344,24.510000228881836,23.690000534057617,24.34000015258789,20.47385025024414,22900,0,1
2016-06-27,24.299999237060547,24.299999237060547,24.079999923706055,24.15999984741211,20.32244110107422,18900,0,1
2016-06-28,24.219999313354492,24.459999084472656,24.219999313354492,24.440000534057617,20.55796241760254,64000,0,1
2016-06-29,24.610000610351562,24.709999084472656,24.59000015258789,24.709999084472656,20.785078048706055,81600,0,1
2016-06-30,24.81999969482422,24.8700008392334,24.639999389648438,24.8700008392334,20.919666290283203,31200,0,1
2016-07-01,24.920000076293945,24.959999084472656,24.850000381469727,24.920000076293945,20.96171760559082,46000,0,1
2016-07-05,24.809999465942383,24.850000381469727,24.780000686645508,24.790000915527344,20.85236930847168,25100,0,1
2016-07-06,24.600000381469727,24.690000534057617,24.540000915527344,24.690000534057617,20.938871383666992,27800,0,1
2016-07-07,24.6200008392334,24.709999084472656,24.610000610351562,24.610000610351562,20.871023178100586,35200,0,1
2016-07-08,24.649999618530273,24.8700008392334,24.649999618530273,24.850000381469727,21.074565887451172,30800,0,1
2016-07-11,24.829999923706055,24.920000076293945,24.829999923706055,24.920000076293945,21.133926391601562,31600,0,1
2016-07-12,25.030000686645508,25.030000686645508,24.920000076293945,24.950000762939453,21.159372329711914,51000,0,1
2016-07-13,24.979999542236328,25.0,24.90999984741211,24.979999542236328,21.184814453125,44300,0,1
2016-07-14,24.989999771118164,25.06999969482422,24.940000534057617,24.989999771118164,21.193294525146484,25000,0,1
2016-07-15,25.020000457763672,25.020000457763672,24.8700008392334,24.940000534057617,21.150890350341797,33000,0,1
2016-07-18,24.899999618530273,24.969999313354492,24.899999618530273,24.940000534057617,21.150890350341797,36500,0,1
2016-07-19,24.959999084472656,24.959999084472656,24.889999389648438,24.920000076293945,21.133926391601562,21000,0,1
2016-07-20,25.0,25.0,24.889999389648438,24.969999313354492,21.17633056640625,59600,0,1
2016-07-21,24.899999618530273,25.350000381469727,24.899999618530273,24.940000534057617,21.150890350341797,38400,0,1
2016-07-22,24.950000762939453,25.030000686645508,24.93000030517578,25.010000228881836,21.21025276184082,27900,0,1
2016-07-25,24.969999313354492,25.010000228881836,24.940000534057617,24.959999084472656,21.167848587036133,45000,0,1
2016-07-26,25.010000228881836,25.010000228881836,24.90999984741211,24.93000030517578,21.142406463623047,23200,0,1
2016-07-27,25.010000228881836,25.030000686645508,24.920000076293945,24.989999771118164,21.193294525146484,36300,0,1
2016-07-28,25.020000457763672,25.030000686645508,24.959999084472656,25.030000686645508,21.227222442626953,21500,0,1
2016-07-29,25.049999237060547,25.1200008392334,25.030000686645508,25.1200008392334,21.303546905517578,19700,0,1
2016-08-01,25.09000015258789,25.09000015258789,24.940000534057617,24.940000534057617,21.150890350341797,438300,0,1
2016-08-02,24.860000610351562,24.899999618530273,24.809999465942383,24.809999465942383,21.08460807800293,31400,0,1
2016-08-03,24.729999542236328,24.899999618530273,24.729999542236328,24.889999389648438,21.152587890625,29000,0,1
2016-08-04,24.940000534057617,24.989999771118164,24.93000030517578,24.989999771118164,21.23757553100586,38700,0,1
2016-08-05,25.020000457763672,25.049999237060547,24.989999771118164,25.020000457763672,21.26307487487793,25600,0,1
2016-08-08,25.049999237060547,25.100000381469727,25.020000457763672,25.06999969482422,21.305564880371094,15500,0,1
2016-08-09,25.079999923706055,25.219999313354492,25.079999923706055,25.209999084472656,21.424537658691406,25100,0,1
2016-08-10,25.219999313354492,25.25,25.209999084472656,25.239999771118164,21.45003318786621,27200,0,1
2016-08-11,25.290000915527344,25.290000915527344,25.200000762939453,25.229999542236328,21.4415340423584,33800,0,1
2016-08-12,25.200000762939453,25.299999237060547,25.200000762939453,25.209999084472656,21.424537658691406,13600,0,1
2016-08-15,25.270000457763672,25.290000915527344,25.209999084472656,25.239999771118164,21.45003318786621,22700,0,1
2016-08-16,25.270000457763672,25.270000457763672,25.15999984741211,25.170000076293945,21.39055061340332,35000,0,1
2016-08-17,25.229999542236328,25.229999542236328,25.110000610351562,25.219999313354492,21.43303871154785,35000,0,1
2016-08-18,25.239999771118164,25.309999465942383,25.229999542236328,25.260000228881836,21.467029571533203,60500,0,1
2016-08-19,25.229999542236328,25.229999542236328,25.15999984741211,25.219999313354492,21.43303871154785,28000,0,1
2016-08-22,25.219999313354492,25.239999771118164,25.15999984741211,25.209999084472656,21.424537658691406,33600,0,1
2016-08-23,25.280000686645508,25.350000381469727,25.25,25.299999237060547,21.501028060913086,704400,0,1
2016-08-24,25.31999969482422,25.31999969482422,25.239999771118164,25.25,21.458538055419922,112800,0,1
2016-08-25,25.229999542236328,25.290000915527344,25.209999084472656,25.25,21.458538055419922,31700,0,1
2016-08-26,25.309999465942383,25.3799991607666,25.079999923706055,25.149999618530273,21.37354850769043,18900,0,1
2016-08-29,25.15999984741211,25.270000457763672,25.15999984741211,25.270000457763672,21.47553062438965,22100,0,1
2016-08-30,25.229999542236328,25.290000915527344,25.219999313354492,25.25,21.458538055419922,48600,0,1
2016-08-31,25.25,25.25,25.15999984741211,25.209999084472656,21.424537658691406,25500,0,1
2016-09-01,25.219999313354492,25.219999313354492,25.110000610351562,25.209999084472656,21.424537658691406,45100,0,1
2016-09-02,25.260000228881836,25.309999465942383,25.229999542236328,25.309999465942383,21.551406860351562,91900,0,1
2016-09-06,25.290000915527344,25.450000762939453,25.290000915527344,25.43000030517578,21.653593063354492,24200,0,1
2016-09-07,25.489999771118164,25.489999771118164,25.399999618530273,25.450000762939453,21.67062759399414,47300,0,1
2016-09-08,25.450000762939453,25.450000762939453,25.31999969482422,25.34000015258789,21.576953887939453,31700,0,1
2016-09-09,25.219999313354492,25.219999313354492,24.899999618530273,24.899999618530273,21.202293395996094,36500,0,1
2016-09-12,24.75,25.030000686645508,24.75,25.010000228881836,21.295963287353516,61200,0,1
2016-09-13,24.920000076293945,24.920000076293945,24.6299991607666,24.719999313354492,21.04902458190918,50000,0,1
2016-09-14,24.739999771118164,24.829999923706055,24.639999389648438,24.670000076293945,21.006454467773438,52800,0,1
2016-09-15,24.639999389648438,24.8799991607666,24.639999389648438,24.8799991607666,21.185266494750977,43200,0,1
2016-09-16,24.75,24.81999969482422,24.709999084472656,24.780000686645508,21.100116729736328,26000,0,1
2016-09-19,24.790000915527344,24.940000534057617,24.790000915527344,24.860000610351562,21.168245315551758,39800,0,1
2016-09-20,24.940000534057617,24.969999313354492,24.860000610351562,24.899999618530273,21.202293395996094,63100,0,1
2016-09-21,24.920000076293945,25.1200008392334,24.850000381469727,25.1200008392334,21.389631271362305,35700,0,1
2016-09-22,25.270000457763672,25.329999923706055,25.209999084472656,25.299999237060547,21.542896270751953,79800,0,1
2016-09-23,25.18000030517578,25.260000228881836,25.170000076293945,25.170000076293945,21.432199478149414,49500,0,1
2016-09-26,25.15999984741211,25.209999084472656,25.139999389648438,25.139999389648438,21.406654357910156,15000,0,1
2016-09-27,25.09000015258789,25.25,25.09000015258789,25.170000076293945,21.432199478149414,28600,0,1
2016-09-28,25.149999618530273,25.299999237060547,25.149999618530273,25.280000686645508,21.525867462158203,19900,0,1
2016-09-29,25.229999542236328,25.299999237060547,25.139999389648438,25.18000030517578,21.44071388244629,22400,0,1
2016-09-30,25.209999084472656,25.299999237060547,25.200000762939453,25.280000686645508,21.525867462158203,32600,0,1
2016-10-03,25.290000915527344,25.290000915527344,25.18000030517578,25.209999084472656,21.466262817382812,18200,0,1
2016-10-04,25.1299991607666,25.1299991607666,24.780000686645508,24.84000015258789,21.324607849121094,28400,0,1
2016-10-05,24.860000610351562,24.860000610351562,24.760000228881836,24.81999969482422,21.30744171142578,15700,0,1
2016-10-06,24.799999237060547,24.81999969482422,24.670000076293945,24.739999771118164,21.2387638092041,52200,0,1
2016-10-07,24.770000457763672,24.809999465942383,24.65999984741211,24.75,21.247346878051758,57100,0,1
2016-10-10,24.860000610351562,24.8700008392334,24.790000915527344,24.84000015258789,21.324607849121094,18300,0,1
2016-10-11,24.850000381469727,24.850000381469727,24.65999984741211,24.65999984741211,21.170085906982422,28400,0,1
2016-10-12,24.739999771118164,24.760000228881836,24.5,24.719999313354492,21.22159767150879,42000,0,1
2016-10-13,24.59000015258789,24.790000915527344,24.59000015258789,24.75,21.247346878051758,19800,0,1
2016-10-14,24.84000015258789,24.84000015258789,24.670000076293945,24.729999542236328,21.230180740356445,37700,0,1
2016-10-17,24.68000030517578,24.729999542236328,24.649999618530273,24.670000076293945,21.178672790527344,25600,0,1
2016-10-18,24.829999923706055,24.84000015258789,24.719999313354492,24.81999969482422,21.30744171142578,33400,0,1
2016-10-19,24.850000381469727,24.93000030517578,24.799999237060547,24.90999984741211,21.384708404541016,39600,0,1
2016-10-20,24.8799991607666,24.93000030517578,24.84000015258789,24.860000610351562,21.34178352355957,37600,0,1
2016-10-21,24.780000686645508,24.889999389648438,24.780000686645508,24.8700008392334,21.350366592407227,47800,0,1
2016-10-24,24.950000762939453,24.950000762939453,24.829999923706055,24.860000610351562,21.34178352355957,34200,0,1
2016-10-25,24.90999984741211,24.979999542236328,24.899999618530273,24.950000762939453,21.419048309326172,49800,0,1
2016-10-26,24.899999618530273,24.90999984741211,24.81999969482422,24.84000015258789,21.324607849121094,55300,0,1
2016-10-27,24.8799991607666,24.8799991607666,24.670000076293945,24.690000534057617,21.195838928222656,41800,0,1
2016-10-28,24.75,24.75,24.6200008392334,24.649999618530273,21.1614990234375,56900,0,1
2016-10-31,24.68000030517578,24.700000762939453,24.6200008392334,24.68000030517578,21.1872501373291,28100,0,1
2016-11-01,24.709999084472656,24.709999084472656,24.440000534057617,24.559999465942383,21.084232330322266,65200,0,1
2016-11-02,24.469999313354492,24.510000228881836,24.389999389648438,24.389999389648438,20.981014251708984,49500,0,1
2016-11-03,24.31999969482422,24.5,24.31999969482422,24.3799991607666,20.972412109375,41500,0,1
2016-11-04,24.43000030517578,24.489999771118164,24.399999618530273,24.440000534057617,21.02402687072754,34200,0,1
2016-11-07,24.489999771118164,24.639999389648438,24.43000030517578,24.600000381469727,21.161663055419922,30600,0,1
2016-11-08,24.610000610351562,24.65999984741211,24.549999237060547,24.6299991607666,21.18746566772461,22800,0,1
2016-11-09,24.549999237060547,24.579999923706055,24.299999237060547,24.34000015258789,20.93799591064453,59400,0,1
2016-11-10,24.329999923706055,24.360000610351562,24.059999465942383,24.059999465942383,20.69713592529297,38600,0,1
2016-11-11,24.059999465942383,24.059999465942383,23.899999618530273,23.959999084472656,20.611112594604492,51500,0,1
2016-11-14,23.8799991607666,23.979999542236328,23.790000915527344,23.8799991607666,20.542293548583984,71800,0,1
2016-11-15,23.8700008392334,24.110000610351562,23.81999969482422,24.100000381469727,20.731544494628906,35700,0,1
2016-11-16,23.969999313354492,24.100000381469727,23.969999313354492,24.020000457763672,20.662731170654297,53600,0,1
2016-11-17,24.1299991607666,24.139999389648438,23.969999313354492,23.969999313354492,20.619712829589844,69600,0,1
2016-11-18,23.989999771118164,24.049999237060547,23.8700008392334,23.899999618530273,20.559499740600586,43900,0,1
2016-11-21,23.920000076293945,24.06999969482422,23.920000076293945,24.059999465942383,20.69713592529297,51800,0,1
2016-11-22,24.040000915527344,24.190000534057617,24.040000915527344,24.190000534057617,20.80897331237793,50400,0,1
2016-11-23,24.059999465942383,24.1200008392334,24.0,24.079999923706055,20.714338302612305,28700,0,1
2016-11-25,24.110000610351562,24.149999618530273,24.100000381469727,24.1200008392334,20.74875259399414,11500,0,1
2016-11-28,24.18000030517578,24.239999771118164,24.1200008392334,24.200000762939453,20.817569732666016,32100,0,1
2016-11-29,24.170000076293945,24.280000686645508,24.149999618530273,24.239999771118164,20.85197639465332,47300,0,1
2016-11-30,24.299999237060547,24.299999237060547,24.079999923706055,24.190000534057617,20.80897331237793,69800,0,1
2016-12-01,24.09000015258789,24.09000015258789,24.0,24.0,20.645523071289062,18000,0,1
2016-12-02,24.0,24.09000015258789,24.0,24.030000686645508,20.717079162597656,63200,0,1
2016-12-05,24.020000457763672,24.190000534057617,24.020000457763672,24.15999984741211,20.82915687561035,90300,0,1
2016-12-06,24.100000381469727,24.25,24.100000381469727,24.239999771118164,20.898128509521484,125800,0,1
2016-12-07,24.31999969482422,24.43000030517578,24.290000915527344,24.43000030517578,21.061931610107422,43600,0,1
2016-12-08,24.399999618530273,24.420000076293945,24.31999969482422,24.3700008392334,21.010208129882812,40700,0,1
2016-12-09,24.420000076293945,24.420000076293945,24.34000015258789,24.399999618530273,21.036067962646484,71600,0,1
2016-12-12,24.40999984741211,24.43000030517578,24.34000015258789,24.3799991607666,21.018821716308594,42900,0,1
2016-12-13,24.389999389648438,24.450000762939453,24.3700008392334,24.3799991607666,21.018821716308594,78000,0,1
2016-12-14,24.350000381469727,24.479999542236328,24.149999618530273,24.149999618530273,20.820537567138672,52500,0,1
2016-12-15,24.170000076293945,24.18000030517578,24.040000915527344,24.06999969482422,20.75156593322754,136100,0,1
2016-12-16,24.030000686645508,24.219999313354492,24.030000686645508,24.149999618530273,20.820537567138672,24000,0,1
2016-12-19,24.239999771118164,24.299999237060547,24.149999618530273,24.260000228881836,20.91537094116211,70900,0,1
2016-12-20,24.290000915527344,24.31999969482422,24.229999542236328,24.299999237060547,20.949859619140625,45000,0,1
2016-12-21,24.219999313354492,24.40999984741211,24.219999313354492,24.34000015258789,20.984338760375977,111500,0,1
2016-12-22,24.299999237060547,24.3700008392334,24.239999771118164,24.329999923706055,20.975719451904297,28600,0,1
2016-12-23,24.280000686645508,24.389999389648438,24.280000686645508,24.389999389648438,21.027448654174805,45800,0,1
2016-12-27,24.420000076293945,24.420000076293945,24.309999465942383,24.3799991607666,21.018821716308594,54900,0,1
2016-12-28,24.260000228881836,24.260000228881836,24.170000076293945,24.190000534057617,20.995389938354492,50100,0,1
2016-12-29,24.170000076293945,24.329999923706055,24.170000076293945,24.299999237060547,21.09086799621582,67100,0,1
2016-12-30,24.40999984741211,24.40999984741211,24.25,24.309999465942383,21.09954833984375,30000,0,1
2017-01-03,24.329999923706055,24.420000076293945,24.290000915527344,24.420000076293945,21.195016860961914,43400,0,1
2017-01-04,24.450000762939453,24.56999969482422,24.450000762939453,24.559999465942383,21.316526412963867,108700,0,1
2017-01-05,24.530000686645508,24.68000030517578,24.530000686645508,24.68000030517578,21.42068099975586,57000,0,1
2017-01-06,24.6299991607666,24.6299991607666,24.549999237060547,24.600000381469727,21.351247787475586,35000,0,1
2017-01-09,24.540000915527344,24.6200008392334,24.540000915527344,24.559999465942383,21.316526412963867,51900,0,1
2017-01-10,24.56999969482422,24.610000610351562,24.510000228881836,24.579999923706055,21.33388900756836,78000,0,1
2017-01-11,24.6200008392334,24.670000076293945,24.510000228881836,24.639999389648438,21.385957717895508,54400,0,1
2017-01-12,24.639999389648438,24.719999313354492,24.6200008392334,24.649999618530273,21.394643783569336,70000,0,1
2017-01-13,24.670000076293945,24.670000076293945,24.56999969482422,24.639999389648438,21.385957717895508,65000,0,1
2017-01-17,24.59000015258789,24.700000762939453,24.59000015258789,24.65999984741211,21.403324127197266,41000,0,1
2017-01-18,24.690000534057617,24.690000534057617,24.549999237060547,24.579999923706055,21.33388900756836,150400,0,1
2017-01-19,24.559999465942383,24.600000381469727,24.469999313354492,24.5,21.264453887939453,36900,0,1
2017-01-20,24.600000381469727,24.600000381469727,24.469999313354492,24.56999969482422,21.32520866394043,58600,0,1
2017-01-23,24.579999923706055,24.670000076293945,24.520000457763672,24.6200008392334,21.368606567382812,64400,0,1
2017-01-24,24.68000030517578,24.68000030517578,24.600000381469727,24.649999618530273,21.394643783569336,49400,0,1
2017-01-25,24.729999542236328,24.729999542236328,24.59000015258789,24.68000030517578,21.42068099975586,48400,0,1
2017-01-26,24.600000381469727,24.670000076293945,24.559999465942383,24.649999618530273,21.394643783569336,36100,0,1
2017-01-27,24.600000381469727,24.68000030517578,24.600000381469727,24.65999984741211,21.403324127197266,29000,0,1
2017-01-30,24.56999969482422,24.6200008392334,24.530000686645508,24.559999465942383,21.316526412963867,45800,0,1
2017-01-31,24.59000015258789,24.610000610351562,24.520000457763672,24.559999465942383,21.316526412963867,45500,0,1
2017-02-01,24.6299991607666,24.6299991607666,24.520000457763672,24.59000015258789,21.34256935119629,19100,0,1
2017-02-02,24.610000610351562,24.649999618530273,24.579999923706055,24.59000015258789,21.380826950073242,41100,0,1
2017-02-03,24.59000015258789,24.719999313354492,24.59000015258789,24.6299991607666,21.415597915649414,35300,0,1
2017-02-06,24.579999923706055,24.700000762939453,24.579999923706055,24.690000534057617,21.467771530151367,41100,0,1
2017-02-07,24.719999313354492,24.719999313354492,24.639999389648438,24.690000534057617,21.467771530151367,40900,0,1
2017-02-08,24.75,24.760000228881836,24.700000762939453,24.719999313354492,21.49385643005371,39700,0,1
2017-02-09,24.770000457763672,24.829999923706055,24.700000762939453,24.75,21.519943237304688,31600,0,1
2017-02-10,24.790000915527344,24.829999923706055,24.700000762939453,24.790000915527344,21.55472183227539,35500,0,1
2017-02-13,24.81999969482422,24.860000610351562,24.770000457763672,24.829999923706055,21.589506149291992,63100,0,1
2017-02-14,24.780000686645508,24.84000015258789,24.700000762939453,24.809999465942383,21.572111129760742,48200,0,1
2017-02-15,24.81999969482422,24.84000015258789,24.719999313354492,24.829999923706055,21.589506149291992,44900,0,1
2017-02-16,24.75,24.899999618530273,24.75,24.899999618530273,21.650365829467773,37600,0,1
2017-02-17,24.8799991607666,24.920000076293945,24.81999969482422,24.889999389648438,21.64167022705078,33300,0,1
2017-02-21,24.940000534057617,24.959999084472656,24.860000610351562,24.950000762939453,21.693843841552734,48500,0,1
2017-02-22,24.959999084472656,24.979999542236328,24.8799991607666,24.979999542236328,21.719924926757812,49000,0,1
2017-02-23,25.06999969482422,25.06999969482422,24.950000762939453,25.020000457763672,21.75470733642578,44100,0,1
2017-02-24,24.93000030517578,25.059999465942383,24.899999618530273,25.020000457763672,21.75470733642578,35200,0,1
2017-02-27,25.059999465942383,25.06999969482422,24.989999771118164,25.020000457763672,21.75470733642578,69200,0,1
2017-02-28,25.049999237060547,25.06999969482422,24.989999771118164,25.010000228881836,21.74601173400879,50200,0,1
2017-03-01,24.93000030517578,25.049999237060547,24.93000030517578,25.020000457763672,21.75470733642578,35500,0,1
2017-03-02,24.979999542236328,24.979999542236328,24.8700008392334,24.93000030517578,21.71985626220703,42800,0,1
2017-03-03,24.850000381469727,24.940000534057617,24.829999923706055,24.940000534057617,21.728572845458984,45100,0,1
2017-03-06,24.860000610351562,24.90999984741211,24.84000015258789,24.899999618530273,21.69371795654297,23500,0,1
2017-03-07,24.860000610351562,24.8700008392334,24.799999237060547,24.799999237060547,21.60660171508789,82300,0,1
2017-03-08,24.780000686645508,24.780000686645508,24.6299991607666,24.639999389648438,21.467195510864258,38800,0,1
2017-03-09,24.639999389648438,24.639999389648438,24.5,24.56999969482422,21.40620994567871,61000,0,1
2017-03-10,24.649999618530273,24.68000030517578,24.600000381469727,24.649999618530273,21.47591209411621,45200,0,1
2017-03-13,24.600000381469727,24.690000534057617,24.59000015258789,24.59000015258789,21.42363739013672,60900,0,1
2017-03-14,24.530000686645508,24.59000015258789,24.530000686645508,24.559999465942383,21.397502899169922,19500,0,1
2017-03-15,24.6299991607666,24.8799991607666,24.559999465942383,24.8799991607666,21.67629623413086,34400,0,1
2017-03-16,24.950000762939453,24.950000762939453,24.81999969482422,24.8700008392334,21.667583465576172,28600,0,1
2017-03-17,24.899999618530273,24.959999084472656,24.899999618530273,24.920000076293945,21.711145401000977,23900,0,1
2017-03-20,24.950000762939453,24.979999542236328,24.899999618530273,24.959999084472656,21.74599266052246,28300,0,1
2017-03-21,25.049999237060547,25.049999237060547,24.889999389648438,24.920000076293945,21.711145401000977,34400,0,1
2017-03-22,24.969999313354492,24.979999542236328,24.899999618530273,24.979999542236328,21.763418197631836,30500,0,1
2017-03-23,25.0,25.010000228881836,24.90999984741211,24.969999313354492,21.75470542907715,31400,0,1
2017-03-24,24.93000030517578,25.059999465942383,24.93000030517578,24.989999771118164,21.77212905883789,50100,0,1
2017-03-27,24.979999542236328,25.040000915527344,24.959999084472656,25.040000915527344,21.815689086914062,48400,0,1
2017-03-28,25.079999923706055,25.100000381469727,25.0,25.079999923706055,21.85054588317871,29700,0,1
2017-03-29,25.139999389648438,25.15999984741211,25.040000915527344,25.15999984741211,21.920238494873047,43400,0,1
2017-03-30,25.110000610351562,25.190000534057617,25.100000381469727,25.170000076293945,21.9289493560791,67000,0,1
2017-03-31,25.190000534057617,25.200000762939453,25.1299991607666,25.170000076293945,21.9289493560791,38400,0,1
2017-04-03,25.1200008392334,25.209999084472656,25.1200008392334,25.200000762939453,21.955093383789062,34600,0,1
2017-04-04,25.06999969482422,25.06999969482422,24.969999313354492,25.040000915527344,21.980541229248047,35000,0,1
2017-04-05,25.059999465942383,25.06999969482422,24.959999084472656,25.010000228881836,21.95421028137207,37700,0,1
2017-04-06,25.030000686645508,25.030000686645508,24.950000762939453,25.030000686645508,21.971769332885742,38200,0,1
2017-04-07,25.059999465942383,25.06999969482422,24.979999542236328,25.0,21.945438385009766,39200,0,1
2017-04-10,25.059999465942383,25.059999465942383,25.0,25.020000457763672,21.962989807128906,55800,0,1
2017-04-11,25.010000228881836,25.110000610351562,25.010000228881836,25.100000381469727,22.033218383789062,39800,0,1
2017-04-12,25.020000457763672,25.149999618530273,25.020000457763672,25.139999389648438,22.06833267211914,35400,0,1
2017-04-13,25.1299991607666,25.18000030517578,25.09000015258789,25.149999618530273,22.07710838317871,37400,0,1
2017-04-17,25.200000762939453,25.229999542236328,25.170000076293945,25.219999313354492,22.138551712036133,25100,0,1
2017-04-18,25.200000762939453,25.25,25.15999984741211,25.25,22.164894104003906,41300,0,1
2017-04-19,25.299999237060547,25.299999237060547,25.139999389648438,25.170000076293945,22.094661712646484,41100,0,1
2017-04-20,25.209999084472656,25.219999313354492,25.1299991607666,25.18000030517578,22.103437423706055,29500,0,1
2017-04-21,25.190000534057617,25.209999084472656,25.149999618530273,25.170000076293945,22.094661712646484,49700,0,1
2017-04-24,25.280000686645508,25.280000686645508,25.190000534057617,25.270000457763672,22.18244743347168,28900,0,1
2017-04-25,25.290000915527344,25.309999465942383,25.25,25.270000457763672,22.18244743347168,35900,0,1
2017-04-26,25.270000457763672,25.309999465942383,25.25,25.270000457763672,22.18244743347168,50400,0,1
2017-04-27,25.34000015258789,25.360000610351562,25.219999313354492,25.34000015258789,22.2438907623291,21400,0,1
2017-04-28,25.350000381469727,25.350000381469727,25.239999771118164,25.299999237060547,22.208776473999023,51500,0,1
2017-05-01,25.3799991607666,25.3799991607666,25.260000228881836,25.309999465942383,22.217559814453125,49300,0,1
2017-05-02,25.25,25.25,25.200000762939453,25.25,22.207887649536133,167800,0,1
2017-05-03,25.299999237060547,25.299999237060547,25.139999389648438,25.18000030517578,22.146316528320312,34600,0,1
2017-05-04,25.170000076293945,25.170000076293945,25.059999465942383,25.1299991607666,22.102336883544922,46400,0,1
2017-05-05,25.18000030517578,25.209999084472656,25.100000381469727,25.18000030517578,22.146316528320312,37500,0,1
2017-05-08,25.229999542236328,25.229999542236328,25.1200008392334,25.170000076293945,22.13751792907715,32500,0,1
2017-05-09,25.18000030517578,25.18000030517578,25.020000457763672,25.06999969482422,22.0495662689209,47600,0,1
2017-05-10,25.040000915527344,25.149999618530273,25.040000915527344,25.139999389648438,22.11113739013672,43500,0,1
2017-05-11,25.079999923706055,25.1299991607666,25.059999465942383,25.1200008392334,22.093547821044922,50700,0,1
2017-05-12,25.1299991607666,25.18000030517578,25.1299991607666,25.170000076293945,22.13751792907715,21600,0,1
2017-05-15,25.239999771118164,25.270000457763672,25.209999084472656,25.229999542236328,22.190290451049805,60700,0,1
2017-05-16,25.190000534057617,25.329999923706055,25.190000534057617,25.280000686645508,22.23426628112793,58400,0,1
2017-05-17,25.190000534057617,25.309999465942383,25.190000534057617,25.280000686645508,22.23426628112793,32300,0,1
2017-05-18,25.309999465942383,25.309999465942383,25.170000076293945,25.239999771118164,22.199087142944336,25600,0,1
2017-05-19,25.280000686645508,25.34000015258789,25.270000457763672,25.34000015258789,22.28704071044922,56500,0,1
2017-05-22,25.3700008392334,25.420000076293945,25.360000610351562,25.40999984741211,22.348608016967773,22900,0,1
2017-05-23,25.450000762939453,25.450000762939453,25.3799991607666,25.40999984741211,22.348608016967773,40200,0,1
2017-05-24,25.389999389648438,25.489999771118164,25.389999389648438,25.489999771118164,22.41896629333496,29300,0,1
2017-05-25,25.420000076293945,25.530000686645508,25.420000076293945,25.5,22.42776107788086,23200,0,1
2017-05-26,25.450000762939453,25.5,25.450000762939453,25.479999542236328,22.410173416137695,25600,0,1
2017-05-30,25.530000686645508,25.530000686645508,25.459999084472656,25.510000228881836,22.43655776977539,27700,0,1
2017-05-31,25.59000015258789,25.59000015258789,25.479999542236328,25.540000915527344,22.46294593811035,37400,0,1
2017-06-01,25.559999465942383,25.6200008392334,25.510000228881836,25.6200008392334,22.533302307128906,52700,0,1
2017-06-02,25.549999237060547,25.649999618530273,25.549999237060547,25.639999389648438,22.604717254638672,39300,0,1
2017-06-05,25.6200008392334,25.6200008392334,25.549999237060547,25.56999969482422,22.54300880432129,38300,0,1
2017-06-06,25.540000915527344,25.59000015258789,25.540000915527344,25.559999465942383,22.53419303894043,32300,0,1
2017-06-07,25.530000686645508,25.610000610351562,25.489999771118164,25.549999237060547,22.52536964416504,118400,0,1
2017-06-08,25.549999237060547,25.56999969482422,25.459999084472656,25.56999969482422,22.54300880432129,19900,0,1
2017-06-09,25.5,25.600000381469727,25.469999313354492,25.59000015258789,22.56063461303711,59400,0,1
2017-06-12,25.579999923706055,25.6200008392334,25.579999923706055,25.6200008392334,22.587081909179688,118800,0,1
2017-06-13,25.610000610351562,25.65999984741211,25.59000015258789,25.65999984741211,22.622350692749023,32100,0,1
2017-06-14,25.780000686645508,25.799999237060547,25.709999084472656,25.760000228881836,22.710519790649414,51600,0,1
2017-06-15,25.649999618530273,25.719999313354492,25.649999618530273,25.709999084472656,22.66643524169922,63500,0,1
2017-06-16,25.780000686645508,25.799999237060547,25.690000534057617,25.739999771118164,22.692880630493164,24400,0,1
2017-06-19,25.799999237060547,25.84000015258789,25.75,25.799999237060547,22.745773315429688,146500,0,1
2017-06-20,25.729999542236328,25.760000228881836,25.68000030517578,25.729999542236328,22.684062957763672,61600,0,1
2017-06-21,25.739999771118164,25.739999771118164,25.610000610351562,25.649999618530273,22.61353302001953,47500,0,1
2017-06-22,25.649999618530273,25.709999084472656,25.6200008392334,25.700000762939453,22.657617568969727,49100,0,1
2017-06-23,25.6299991607666,25.770000457763672,25.6299991607666,25.739999771118164,22.692880630493164,39500,0,1
2017-06-26,25.799999237060547,25.850000381469727,25.780000686645508,25.81999969482422,22.763408660888672,45500,0,1
2017-06-27,25.68000030517578,25.81999969482422,25.649999618530273,25.65999984741211,22.622350692749023,54600,0,1
2017-06-28,25.690000534057617,25.729999542236328,25.6299991607666,25.729999542236328,22.684062957763672,28400,0,1
2017-06-29,25.600000381469727,25.670000076293945,25.549999237060547,25.600000381469727,22.569456100463867,56700,0,1
2017-06-30,25.670000076293945,25.670000076293945,25.559999465942383,25.610000610351562,22.578269958496094,46200,0,1
2017-07-03,25.610000610351562,25.649999618530273,25.59000015258789,25.639999389648438,22.604717254638672,15300,0,1
2017-07-05,25.65999984741211,25.65999984741211,25.59000015258789,25.6200008392334,22.587081909179688,27100,0,1
2017-07-06,25.3700008392334,25.3700008392334,25.25,25.25,22.439565658569336,49900,0,1
2017-07-07,25.18000030517578,25.260000228881836,25.18000030517578,25.229999542236328,22.421785354614258,24400,0,1
2017-07-10,25.280000686645508,25.31999969482422,25.219999313354492,25.290000915527344,22.47511100769043,39800,0,1
2017-07-11,25.31999969482422,25.31999969482422,25.219999313354492,25.309999465942383,22.49288558959961,75100,0,1
2017-07-12,25.3799991607666,25.459999084472656,25.3799991607666,25.440000534057617,22.60841941833496,106300,0,1
2017-07-13,25.389999389648438,25.459999084472656,25.350000381469727,25.399999618530273,22.572864532470703,30500,0,1
2017-07-14,25.389999389648438,25.5,25.389999389648438,25.489999771118164,22.65284538269043,27400,0,1
2017-07-17,25.520000457763672,25.520000457763672,25.459999084472656,25.459999084472656,22.626182556152344,21500,0,1
2017-07-18,25.40999984741211,25.489999771118164,25.399999618530273,25.450000762939453,22.6173038482666,138300,0,1
2017-07-19,25.479999542236328,25.540000915527344,25.469999313354492,25.540000915527344,22.697284698486328,44800,0,1
2017-07-20,25.549999237060547,25.610000610351562,25.540000915527344,25.549999237060547,22.706167221069336,19100,0,1
2017-07-21,25.6200008392334,25.6200008392334,25.5,25.600000381469727,22.7506046295166,28800,0,1
2017-07-24,25.559999465942383,25.610000610351562,25.520000457763672,25.579999923706055,22.73282814025879,67200,0,1
2017-07-25,25.600000381469727,25.600000381469727,25.469999313354492,25.5,22.6617374420166,34800,0,1
2017-07-26,25.530000686645508,25.6200008392334,25.510000228881836,25.600000381469727,22.7506046295166,31800,0,1
2017-07-27,25.579999923706055,25.59000015258789,25.510000228881836,25.59000015258789,22.74172019958496,34800,0,1
2017-07-28,25.579999923706055,25.600000381469727,25.540000915527344,25.600000381469727,22.7506046295166,25000,0,1
2017-07-31,25.600000381469727,25.670000076293945,25.579999923706055,25.670000076293945,22.81281089782715,43200,0,1
2017-08-01,25.709999084472656,25.729999542236328,25.65999984741211,25.729999542236328,22.866140365600586,30900,0,1
2017-08-02,25.729999542236328,25.729999542236328,25.610000610351562,25.65999984741211,22.859006881713867,21300,0,1
2017-08-03,25.729999542236328,25.729999542236328,25.6299991607666,25.670000076293945,22.8679141998291,55700,0,1
2017-08-04,25.709999084472656,25.709999084472656,25.549999237060547,25.579999923706055,22.78774070739746,87100,0,1
2017-08-07,25.649999618530273,25.649999618530273,25.559999465942383,25.610000610351562,22.814468383789062,86700,0,1
2017-08-08,25.639999389648438,25.639999389648438,25.549999237060547,25.56999969482422,22.77883529663086,41700,0,1
2017-08-09,25.530000686645508,25.600000381469727,25.530000686645508,25.59000015258789,22.796648025512695,46200,0,1
2017-08-10,25.489999771118164,25.549999237060547,25.43000030517578,25.469999313354492,22.68974494934082,63400,0,1
2017-08-11,25.34000015258789,25.489999771118164,25.34000015258789,25.43000030517578,22.654115676879883,58300,0,1
2017-08-14,25.43000030517578,25.6200008392334,25.43000030517578,25.520000457763672,22.734291076660156,26900,0,1
2017-08-15,25.510000228881836,25.559999465942383,25.469999313354492,25.549999237060547,22.761014938354492,119600,0,1
2017-08-16,25.579999923706055,25.6200008392334,25.530000686645508,25.59000015258789,22.796648025512695,14900,0,1
2017-08-17,25.59000015258789,25.59000015258789,25.489999771118164,25.5,22.716472625732422,32100,0,1
2017-08-18,25.440000534057617,25.520000457763672,25.440000534057617,25.510000228881836,22.725385665893555,42800,0,1
2017-08-21,25.579999923706055,25.579999923706055,25.469999313354492,25.540000915527344,22.752105712890625,22200,0,1
2017-08-22,25.600000381469727,25.610000610351562,25.520000457763672,25.610000610351562,22.814468383789062,17400,0,1
2017-08-23,25.6200008392334,25.6299991607666,25.540000915527344,25.6200008392334,22.8233699798584,47000,0,1
2017-08-24,25.65999984741211,25.65999984741211,25.549999237060547,25.6299991607666,22.8322811126709,41300,0,1
2017-08-25,25.6200008392334,25.690000534057617,25.6200008392334,25.690000534057617,22.885732650756836,22800,0,1
2017-08-28,25.690000534057617,25.690000534057617,25.59000015258789,25.649999618530273,22.8501033782959,28600,0,1
2017-08-29,25.59000015258789,25.670000076293945,25.579999923706055,25.6299991607666,22.8322811126709,19100,0,1
2017-08-30,25.59000015258789,25.649999618530273,25.56999969482422,25.649999618530273,22.8501033782959,33800,0,1
2017-08-31,25.59000015258789,25.739999771118164,25.59000015258789,25.729999542236328,22.92136573791504,28200,0,1
2017-09-01,25.700000762939453,25.780000686645508,25.700000762939453,25.770000457763672,22.95700454711914,18400,0,1
2017-09-05,25.709999084472656,25.770000457763672,25.649999618530273,25.690000534057617,22.885732650756836,27900,0,1
2017-09-06,25.6299991607666,25.700000762939453,25.6299991607666,25.68000030517578,22.924121856689453,32000,0,1
2017-09-07,25.75,25.75,25.649999618530273,25.709999084472656,22.950897216796875,31000,0,1
2017-09-08,25.639999389648438,25.700000762939453,25.6299991607666,25.670000076293945,22.915191650390625,33100,0,1
2017-09-11,25.709999084472656,25.75,25.670000076293945,25.739999771118164,22.977684020996094,26800,0,1
2017-09-12,25.770000457763672,25.780000686645508,25.6299991607666,25.739999771118164,22.977684020996094,26600,0,1
2017-09-13,25.75,25.75,25.65999984741211,25.690000534057617,22.93304443359375,70000,0,1
2017-09-14,25.6299991607666,25.729999542236328,25.6299991607666,25.709999084472656,22.950897216796875,25700,0,1
2017-09-15,25.690000534057617,25.790000915527344,25.690000534057617,25.790000915527344,23.022314071655273,41300,0,1
2017-09-18,25.799999237060547,25.799999237060547,25.729999542236328,25.75,22.98660659790039,21800,0,1
2017-09-19,25.809999465942383,25.829999923706055,25.760000228881836,25.829999923706055,23.05802345275879,29900,0,1
2017-09-20,25.90999984741211,25.90999984741211,25.719999313354492,25.799999237060547,23.031240463256836,25800,0,1
2017-09-21,25.8700008392334,25.8700008392334,25.739999771118164,25.739999771118164,22.977684020996094,25700,0,1
2017-09-22,25.809999465942383,25.850000381469727,25.790000915527344,25.829999923706055,23.05802345275879,22900,0,1
2017-09-25,25.799999237060547,25.8799991607666,25.799999237060547,25.8799991607666,23.1026554107666,25800,0,1
2017-09-26,25.899999618530273,25.90999984741211,25.84000015258789,25.889999389648438,23.111583709716797,49300,0,1
2017-09-27,25.8799991607666,25.8799991607666,25.760000228881836,25.81999969482422,23.049095153808594,35000,0,1
2017-09-28,25.850000381469727,25.8700008392334,25.75,25.860000610351562,23.084806442260742,38100,0,1
2017-09-29,25.799999237060547,25.90999984741211,25.799999237060547,25.889999389648438,23.111583709716797,35900,0,1
2017-10-02,25.90999984741211,25.940000534057617,25.860000610351562,25.940000534057617,23.156219482421875,58400,0,1
2017-10-03,25.799999237060547,25.799999237060547,25.670000076293945,25.780000686645508,23.176897048950195,44700,0,1
2017-10-04,25.780000686645508,25.780000686645508,25.709999084472656,25.780000686645508,23.176897048950195,17700,0,1
2017-10-05,25.829999923706055,25.829999923706055,25.75,25.760000228881836,23.158910751342773,33600,0,1
2017-10-06,25.719999313354492,25.719999313354492,25.649999618530273,25.709999084472656,23.11395835876465,24800,0,1
2017-10-09,25.639999389648438,25.719999313354492,25.639999389648438,25.68000030517578,23.086990356445312,42700,0,1
2017-10-10,25.760000228881836,25.780000686645508,25.709999084472656,25.760000228881836,23.158910751342773,32200,0,1
2017-10-11,25.780000686645508,25.81999969482422,25.729999542236328,25.729999542236328,23.131948471069336,30200,0,1
2017-10-12,25.760000228881836,25.780000686645508,25.709999084472656,25.770000457763672,23.16790008544922,26600,0,1
2017-10-13,25.81999969482422,25.81999969482422,25.760000228881836,25.790000915527344,23.185884475708008,30500,0,1
2017-10-16,25.729999542236328,25.81999969482422,25.729999542236328,25.770000457763672,23.16790008544922,30200,0,1
2017-10-17,25.709999084472656,25.829999923706055,25.709999084472656,25.829999923706055,23.22184944152832,30300,0,1
2017-10-18,25.790000915527344,25.850000381469727,25.780000686645508,25.799999237060547,23.19487190246582,28600,0,1
2017-10-19,25.780000686645508,25.860000610351562,25.780000686645508,25.809999465942383,23.203866958618164,150700,0,1
2017-10-20,25.799999237060547,25.829999923706055,25.770000457763672,25.770000457763672,23.16790008544922,33000,0,1
2017-10-23,25.770000457763672,25.809999465942383,25.729999542236328,25.770000457763672,23.16790008544922,28700,0,1
2017-10-24,25.770000457763672,25.770000457763672,25.690000534057617,25.719999313354492,23.122953414916992,25500,0,1
2017-10-25,25.709999084472656,25.709999084472656,25.530000686645508,25.600000381469727,23.01506805419922,44800,0,1
2017-10-26,25.649999618530273,25.649999618530273,25.479999542236328,25.5,22.9251651763916,57800,0,1
2017-10-27,25.489999771118164,25.59000015258789,25.440000534057617,25.579999923706055,22.997089385986328,25900,0,1
2017-10-30,25.579999923706055,25.6200008392334,25.540000915527344,25.559999465942383,22.979108810424805,21600,0,1
2017-10-31,25.479999542236328,25.59000015258789,25.479999542236328,25.56999969482422,22.988101959228516,72800,0,1
2017-11-01,25.540000915527344,25.639999389648438,25.540000915527344,25.600000381469727,23.01506805419922,26800,0,1
2017-11-02,25.520000457763672,25.559999465942383,25.440000534057617,25.5,22.9736270904541,22000,0,1
2017-11-03,25.5,25.5,25.440000534057617,25.450000762939453,22.92857551574707,19400,0,1
2017-11-06,25.469999313354492,25.469999313354492,25.34000015258789,25.40999984741211,22.89254379272461,42300,0,1
2017-11-07,25.360000610351562,25.40999984741211,25.34000015258789,25.3799991607666,22.865510940551758,27400,0,1
2017-11-08,25.329999923706055,25.420000076293945,25.329999923706055,25.40999984741211,22.89254379272461,38900,0,1
2017-11-09,25.3799991607666,25.420000076293945,25.260000228881836,25.360000610351562,22.847497940063477,97200,0,1
2017-11-10,25.25,25.329999923706055,25.25,25.260000228881836,22.757404327392578,45200,0,1
2017-11-13,25.200000762939453,25.329999923706055,25.200000762939453,25.329999923706055,22.820470809936523,41400,0,1
2017-11-14,25.239999771118164,25.329999923706055,25.239999771118164,25.299999237060547,22.79344367980957,28900,0,1
2017-11-15,25.209999084472656,25.299999237060547,25.209999084472656,25.299999237060547,22.79344367980957,27500,0,1
2017-11-16,25.34000015258789,25.440000534057617,25.34000015258789,25.420000076293945,22.901548385620117,58400,0,1
2017-11-17,25.309999465942383,25.440000534057617,25.309999465942383,25.440000534057617,22.91957664489746,45800,0,1
2017-11-20,25.389999389648438,25.479999542236328,25.389999389648438,25.450000762939453,22.92857551574707,37500,0,1
2017-11-21,25.469999313354492,25.56999969482422,25.469999313354492,25.56999969482422,23.036691665649414,42400,0,1
2017-11-22,25.649999618530273,25.670000076293945,25.559999465942383,25.670000076293945,23.12678337097168,22800,0,1
2017-11-24,25.68000030517578,25.68000030517578,25.6200008392334,25.649999618530273,23.108766555786133,21900,0,1
2017-11-27,25.65999984741211,25.670000076293945,25.59000015258789,25.6200008392334,23.08173942565918,25000,0,1
2017-11-28,25.600000381469727,25.690000534057617,25.600000381469727,25.65999984741211,23.117773056030273,36700,0,1
2017-11-29,25.649999618530273,25.690000534057617,25.6299991607666,25.690000534057617,23.144804000854492,28900,0,1
2017-11-30,25.760000228881836,25.770000457763672,25.649999618530273,25.690000534057617,23.144804000854492,41600,0,1
2017-12-01,25.690000534057617,25.700000762939453,25.579999923706055,25.68000030517578,23.135793685913086,16100,0,1
2017-12-04,25.700000762939453,25.770000457763672,25.700000762939453,25.700000762939453,23.204416275024414,30200,0,1
2017-12-05,25.729999542236328,25.729999542236328,25.65999984741211,25.65999984741211,23.168296813964844,19800,0,1
2017-12-06,25.709999084472656,25.719999313354492,25.65999984741211,25.690000534057617,23.195383071899414,26200,0,1
2017-12-07,25.6200008392334,25.729999542236328,25.6200008392334,25.649999618530273,23.15926742553711,31300,0,1
2017-12-08,25.75,25.75,25.649999618530273,25.739999771118164,23.240530014038086,34600,0,1
2017-12-11,25.700000762939453,25.760000228881836,25.700000762939453,25.729999542236328,23.23150062561035,15400,0,1
2017-12-12,25.68000030517578,25.75,25.68000030517578,25.729999542236328,23.23150062561035,38100,0,1
2017-12-13,25.75,25.81999969482422,25.700000762939453,25.799999237060547,23.29470443725586,24000,0,1
2017-12-14,25.799999237060547,25.799999237060547,25.719999313354492,25.760000228881836,23.258586883544922,19100,0,1
2017-12-15,25.84000015258789,25.8799991607666,25.780000686645508,25.850000381469727,23.33984375,31800,0,1
2017-12-18,25.920000076293945,25.920000076293945,25.850000381469727,25.8700008392334,23.357908248901367,42400,0,1
2017-12-19,25.790000915527344,25.850000381469727,25.729999542236328,25.739999771118164,23.240530014038086,35600,0,1
2017-12-20,25.719999313354492,25.75,25.68000030517578,25.729999542236328,23.23150062561035,93000,0,1
2017-12-21,25.790000915527344,25.809999465942383,25.719999313354492,25.729999542236328,23.23150062561035,25100,0,1
2017-12-22,25.790000915527344,25.790000915527344,25.739999771118164,25.760000228881836,23.258586883544922,21600,0,1
2017-12-26,25.920000076293945,25.920000076293945,25.780000686645508,25.799999237060547,23.29470443725586,28600,0,1
2017-12-27,25.84000015258789,25.889999389648438,25.809999465942383,25.8700008392334,23.357908248901367,38300,0,1
2017-12-28,25.850000381469727,25.850000381469727,25.760000228881836,25.809999465942383,23.38146209716797,20400,0,1
2017-12-29,25.780000686645508,25.850000381469727,25.780000686645508,25.829999923706055,23.399574279785156,46000,0,1
2018-01-02,25.850000381469727,25.850000381469727,25.729999542236328,25.799999237060547,23.372400283813477,92200,0,1
2018-01-03,25.709999084472656,25.799999237060547,25.709999084472656,25.770000457763672,23.3452205657959,55200,0,1
2018-01-04,25.829999923706055,25.850000381469727,25.780000686645508,25.829999923706055,23.399574279785156,24700,0,1
2018-01-05,25.8700008392334,25.8700008392334,25.770000457763672,25.850000381469727,23.417692184448242,44100,0,1
2018-01-08,25.799999237060547,25.8799991607666,25.799999237060547,25.8799991607666,23.444869995117188,30200,0,1
2018-01-09,25.829999923706055,25.860000610351562,25.75,25.75,23.32710838317871,82100,0,1
2018-01-10,25.670000076293945,25.739999771118164,25.649999618530273,25.739999771118164,23.31804656982422,69100,0,1
2018-01-11,25.780000686645508,25.84000015258789,25.690000534057617,25.829999923706055,23.399574279785156,96200,0,1
2018-01-12,25.809999465942383,25.860000610351562,25.760000228881836,25.860000610351562,23.426753997802734,53000,0,1
2018-01-16,25.850000381469727,25.8799991607666,25.760000228881836,25.809999465942383,23.38146209716797,30500,0,1
2018-01-17,25.81999969482422,25.8700008392334,25.799999237060547,25.850000381469727,23.417692184448242,37100,0,1
2018-01-18,25.84000015258789,25.84000015258789,25.729999542236328,25.770000457763672,23.3452205657959,73000,0,1
2018-01-19,25.690000534057617,25.799999237060547,25.690000534057617,25.799999237060547,23.372400283813477,19300,0,1
2018-01-22,25.829999923706055,25.850000381469727,25.780000686645508,25.799999237060547,23.372400283813477,57200,0,1
2018-01-23,25.780000686645508,25.920000076293945,25.780000686645508,25.90999984741211,23.472055435180664,171000,0,1
2018-01-24,25.959999084472656,25.959999084472656,25.81999969482422,25.899999618530273,23.462993621826172,25900,0,1
2018-01-25,25.8700008392334,25.90999984741211,25.850000381469727,25.860000610351562,23.426753997802734,79000,0,1
2018-01-26,25.899999618530273,25.940000534057617,25.860000610351562,25.940000534057617,23.49922752380371,41400,0,1
2018-01-29,25.899999618530273,25.899999618530273,25.700000762939453,25.700000762939453,23.281814575195312,60800,0,1
2018-01-30,25.649999618530273,25.709999084472656,25.6200008392334,25.649999618530273,23.236513137817383,41200,0,1
2018-01-31,25.690000534057617,25.760000228881836,25.56999969482422,25.65999984741211,23.24557113647461,121500,0,1
2018-02-01,25.65999984741211,25.690000534057617,25.559999465942383,25.56999969482422,23.16404151916504,57900,0,1
2018-02-02,25.299999237060547,25.309999465942383,25.1299991607666,25.1299991607666,22.913299560546875,75300,0,1
2018-02-05,25.020000457763672,25.110000610351562,24.729999542236328,24.860000610351562,22.6671199798584,65100,0,1
2018-02-06,24.530000686645508,24.959999084472656,24.520000457763672,24.90999984741211,22.71270179748535,61600,0,1
2018-02-07,24.959999084472656,25.079999923706055,24.84000015258789,24.889999389648438,22.69447135925293,29700,0,1
2018-02-08,24.889999389648438,24.889999389648438,24.59000015258789,24.610000610351562,22.439170837402344,35800,0,1
2018-02-09,24.709999084472656,24.709999084472656,24.389999389648438,24.6299991607666,22.457399368286133,38500,0,1
2018-02-12,24.729999542236328,24.81999969482422,24.649999618530273,24.780000686645508,22.59416961669922,47200,0,1
2018-02-13,24.68000030517578,24.799999237060547,24.68000030517578,24.770000457763672,22.585054397583008,31500,0,1
2018-02-14,24.690000534057617,24.850000381469727,24.690000534057617,24.850000381469727,22.658000946044922,332000,0,1
2018-02-15,24.959999084472656,25.030000686645508,24.860000610351562,24.989999771118164,22.7856502532959,168200,0,1
2018-02-16,24.969999313354492,25.149999618530273,24.969999313354492,25.149999618530273,22.93153190612793,31200,0,1
2018-02-20,25.100000381469727,25.100000381469727,24.889999389648438,24.93000030517578,22.730939865112305,65000,0,1
2018-02-21,24.899999618530273,25.010000228881836,24.790000915527344,24.799999237060547,22.612411499023438,43700,0,1
2018-02-22,24.81999969482422,24.950000762939453,24.799999237060547,24.799999237060547,22.612411499023438,44700,0,1
2018-02-23,24.959999084472656,25.06999969482422,24.889999389648438,25.06999969482422,22.85859489440918,30100,0,1
2018-02-26,25.139999389648438,25.149999618530273,25.06999969482422,25.149999618530273,22.93153190612793,44200,0,1
2018-02-27,25.260000228881836,25.260000228881836,24.969999313354492,24.979999542236328,22.776527404785156,67400,0,1
2018-02-28,25.049999237060547,25.049999237060547,24.84000015258789,24.84000015258789,22.648876190185547,62000,0,1
2018-03-01,24.8700008392334,24.8799991607666,24.75,24.799999237060547,22.612411499023438,37400,0,1
2018-03-02,24.6200008392334,24.790000915527344,24.6200008392334,24.790000915527344,22.655364990234375,29900,0,1
2018-03-05,24.719999313354492,24.84000015258789,24.719999313354492,24.809999465942383,22.67363929748535,19400,0,1
2018-03-06,24.809999465942383,24.90999984741211,24.809999465942383,24.84000015258789,22.701051712036133,19800,0,1
2018-03-07,24.780000686645508,24.889999389648438,24.780000686645508,24.889999389648438,22.74675178527832,112600,0,1
2018-03-08,24.850000381469727,24.899999618530273,24.850000381469727,24.899999618530273,22.755889892578125,76900,0,1
2018-03-09,24.899999618530273,24.950000762939453,24.829999923706055,24.950000762939453,22.801586151123047,40500,0,1
2018-03-12,24.899999618530273,25.010000228881836,24.899999618530273,24.989999771118164,22.8381404876709,20900,0,1
2018-03-13,24.979999542236328,25.049999237060547,24.90999984741211,24.969999313354492,22.819856643676758,24000,0,1
2018-03-14,24.950000762939453,25.0,24.940000534057617,24.969999313354492,22.819856643676758,31800,0,1
2018-03-15,25.040000915527344,25.040000915527344,24.889999389648438,24.93000030517578,22.783306121826172,23200,0,1
2018-03-16,24.959999084472656,24.979999542236328,24.90999984741211,24.969999313354492,22.819856643676758,18200,0,1
2018-03-19,24.899999618530273,24.899999618530273,24.809999465942383,24.860000610351562,22.719335556030273,17600,0,1
2018-03-20,24.850000381469727,24.8799991607666,24.81999969482422,24.8700008392334,22.728469848632812,23600,0,1
2018-03-21,24.799999237060547,24.920000076293945,24.799999237060547,24.920000076293945,22.774171829223633,24000,0,1
2018-03-22,24.760000228881836,24.850000381469727,24.709999084472656,24.709999084472656,22.58224868774414,28200,0,1
2018-03-23,24.84000015258789,24.84000015258789,24.6299991607666,24.65999984741211,22.536556243896484,47400,0,1
2018-03-26,24.700000762939453,24.84000015258789,24.700000762939453,24.790000915527344,22.655364990234375,27500,0,1
2018-03-27,24.84000015258789,24.889999389648438,24.770000457763672,24.770000457763672,22.637083053588867,32400,0,1
2018-03-28,24.739999771118164,24.8799991607666,24.739999771118164,24.8799991607666,22.73760986328125,42300,0,1
2018-03-29,24.850000381469727,25.0,24.850000381469727,24.979999542236328,22.82900047302246,29100,0,1
2018-04-02,24.8799991607666,24.959999084472656,24.760000228881836,24.790000915527344,22.655364990234375,27100,0,1
2018-04-03,24.780000686645508,24.780000686645508,24.649999618530273,24.739999771118164,22.755619049072266,35800,0,1
2018-04-04,24.75,24.829999923706055,24.65999984741211,24.829999923706055,22.838397979736328,42100,0,1
2018-04-05,24.760000228881836,24.860000610351562,24.760000228881836,24.850000381469727,22.856796264648438,37900,0,1
2018-04-06,24.780000686645508,24.8700008392334,24.719999313354492,24.760000228881836,22.774017333984375,23400,0,1
2018-04-09,24.850000381469727,24.8799991607666,24.799999237060547,24.829999923706055,22.838397979736328,29900,0,1
2018-04-10,24.920000076293945,24.950000762939453,24.850000381469727,24.90999984741211,22.91197967529297,54000,0,1
2018-04-11,24.90999984741211,24.940000534057617,24.8700008392334,24.920000076293945,22.921184539794922,24800,0,1
2018-04-12,24.950000762939453,24.959999084472656,24.8799991607666,24.8799991607666,22.88438606262207,28100,0,1
2018-04-13,24.8700008392334,24.969999313354492,24.8700008392334,24.93000030517578,22.93037986755371,32900,0,1
2018-04-16,24.940000534057617,24.969999313354492,24.899999618530273,24.959999084472656,22.957975387573242,35100,0,1
2018-04-17,24.959999084472656,25.020000457763672,24.950000762939453,25.010000228881836,23.003963470458984,100300,0,1
2018-04-18,25.059999465942383,25.059999465942383,24.940000534057617,25.0,22.99476432800293,43400,0,1
2018-04-19,24.979999542236328,24.979999542236328,24.860000610351562,24.8700008392334,22.87519073486328,25300,0,1
2018-04-20,24.84000015258789,24.84000015258789,24.770000457763672,24.829999923706055,22.838397979736328,32800,0,1
2018-04-23,24.780000686645508,24.799999237060547,24.739999771118164,24.75,22.764814376831055,40500,0,1
2018-04-24,24.81999969482422,24.81999969482422,24.690000534057617,24.700000762939453,22.718830108642578,39100,0,1
2018-04-25,24.6299991607666,24.729999542236328,24.6299991607666,24.729999542236328,22.746421813964844,41100,0,1
2018-04-26,24.719999313354492,24.799999237060547,24.719999313354492,24.770000457763672,22.783212661743164,16700,0,1
2018-04-27,24.75,24.860000610351562,24.75,24.860000610351562,22.865997314453125,29400,0,1
2018-04-30,24.8799991607666,24.8799991607666,24.739999771118164,24.739999771118164,22.755619049072266,40100,0,1
2018-05-01,24.690000534057617,24.739999771118164,24.65999984741211,24.739999771118164,22.755619049072266,28700,0,1
2018-05-02,24.6200008392334,24.670000076293945,24.559999465942383,24.610000610351562,22.693836212158203,34200,0,1
2018-05-03,24.540000915527344,24.639999389648438,24.540000915527344,24.59000015258789,22.67539405822754,28000,0,1
2018-05-04,24.549999237060547,24.709999084472656,24.520000457763672,24.690000534057617,22.767606735229492,35600,0,1
2018-05-07,24.649999618530273,24.709999084472656,24.649999618530273,24.649999618530273,22.730724334716797,17100,0,1
2018-05-08,24.65999984741211,24.65999984741211,24.530000686645508,24.549999237060547,22.638507843017578,20800,0,1
2018-05-09,24.610000610351562,24.6200008392334,24.530000686645508,24.59000015258789,22.67539405822754,38200,0,1
2018-05-10,24.639999389648438,24.739999771118164,24.639999389648438,24.719999313354492,22.79527473449707,26000,0,1
2018-05-11,24.690000534057617,24.790000915527344,24.690000534057617,24.790000915527344,22.859821319580078,33000,0,1
2018-05-14,24.75,24.799999237060547,24.729999542236328,24.729999542236328,22.80449104309082,30600,0,1
2018-05-15,24.649999618530273,24.65999984741211,24.579999923706055,24.6299991607666,22.71227264404297,74300,0,1
2018-05-16,24.559999465942383,24.68000030517578,24.559999465942383,24.649999618530273,22.730724334716797,18900,0,1
2018-05-17,24.600000381469727,24.649999618530273,24.59000015258789,24.6299991607666,22.71227264404297,35600,0,1
2018-05-18,24.540000915527344,24.6299991607666,24.540000915527344,24.6299991607666,22.71227264404297,175500,0,1
2018-05-21,24.639999389648438,24.690000534057617,24.6200008392334,24.690000534057617,22.767606735229492,19200,0,1
2018-05-22,24.809999465942383,24.809999465942383,24.6299991607666,24.670000076293945,22.749162673950195,33100,0,1
2018-05-23,24.719999313354492,24.75,24.649999618530273,24.739999771118164,22.81371307373047,12900,0,1
2018-05-24,24.65999984741211,24.75,24.65999984741211,24.700000762939453,22.776826858520508,28600,0,1
2018-05-25,24.700000762939453,24.719999313354492,24.6299991607666,24.690000534057617,22.767606735229492,18600,0,1
2018-05-29,24.709999084472656,24.709999084472656,24.559999465942383,24.6299991607666,22.71227264404297,38800,0,1
2018-05-30,24.610000610351562,24.760000228881836,24.610000610351562,24.760000228881836,22.83216094970703,23500,0,1
2018-05-31,24.68000030517578,24.690000534057617,24.6299991607666,24.6299991607666,22.71227264404297,28100,0,1
2018-06-01,24.760000228881836,24.760000228881836,24.639999389648438,24.670000076293945,22.749162673950195,21600,0,1
2018-06-04,24.6200008392334,24.690000534057617,24.6200008392334,24.670000076293945,22.807405471801758,27300,0,1
2018-06-05,24.6200008392334,24.65999984741211,24.59000015258789,24.6200008392334,22.76118278503418,32500,0,1
2018-06-06,24.56999969482422,24.65999984741211,24.56999969482422,24.65999984741211,22.79816436767578,40200,0,1
2018-06-07,24.6299991607666,24.700000762939453,24.6299991607666,24.68000030517578,22.816654205322266,41600,0,1
2018-06-08,24.690000534057617,24.719999313354492,24.649999618530273,24.700000762939453,22.835145950317383,15800,0,1
2018-06-11,24.65999984741211,24.739999771118164,24.65999984741211,24.739999771118164,22.872119903564453,30300,0,1
2018-06-12,24.719999313354492,24.719999313354492,24.649999618530273,24.649999618530273,22.78891944885254,25900,0,1
2018-06-13,24.610000610351562,24.68000030517578,24.540000915527344,24.579999923706055,22.72420310974121,65800,0,1
2018-06-14,24.65999984741211,24.700000762939453,24.610000610351562,24.6200008392334,22.76118278503418,37200,0,1
2018-06-15,24.600000381469727,24.6299991607666,24.56999969482422,24.59000015258789,22.733448028564453,27000,0,1
2018-06-18,24.530000686645508,24.610000610351562,24.530000686645508,24.600000381469727,22.742691040039062,28200,0,1
2018-06-19,24.469999313354492,24.6200008392334,24.459999084472656,24.579999923706055,22.72420310974121,32000,0,1
2018-06-20,24.559999465942383,24.639999389648438,24.559999465942383,24.6200008392334,22.76118278503418,28700,0,1
2018-06-21,24.559999465942383,24.600000381469727,24.559999465942383,24.559999465942383,22.70571517944336,35100,0,1
2018-06-22,24.600000381469727,24.700000762939453,24.600000381469727,24.670000076293945,22.807405471801758,19600,0,1
2018-06-25,24.610000610351562,24.639999389648438,24.549999237060547,24.59000015258789,22.733448028564453,24100,0,1
2018-06-26,24.559999465942383,24.6200008392334,24.540000915527344,24.559999465942383,22.70571517944336,72600,0,1
2018-06-27,24.540000915527344,24.600000381469727,24.469999313354492,24.510000228881836,22.659488677978516,19700,0,1
2018-06-28,24.459999084472656,24.579999923706055,24.459999084472656,24.540000915527344,22.68722152709961,14100,0,1
2018-06-29,24.610000610351562,24.6299991607666,24.520000457763672,24.559999465942383,22.70571517944336,24100,0,1
2018-07-02,24.559999465942383,24.559999465942383,24.469999313354492,24.520000457763672,22.668731689453125,82700,0,1
2018-07-03,24.40999984741211,24.469999313354492,24.399999618530273,24.399999618530273,22.762022018432617,10500,0,1
2018-07-05,24.489999771118164,24.559999465942383,24.40999984741211,24.559999465942383,22.911279678344727,78700,0,1
2018-07-06,24.600000381469727,24.690000534057617,24.59000015258789,24.68000030517578,23.023223876953125,113400,0,1
2018-07-09,24.68000030517578,24.700000762939453,24.670000076293945,24.670000076293945,23.013891220092773,44300,0,1
2018-07-10,24.760000228881836,24.760000228881836,24.670000076293945,24.709999084472656,23.05120849609375,31800,0,1
2018-07-11,24.700000762939453,24.729999542236328,24.59000015258789,24.610000610351562,22.957921981811523,286100,0,1
2018-07-12,24.700000762939453,24.700000762939453,24.6299991607666,24.639999389648438,22.985902786254883,17400,0,1
2018-07-13,24.65999984741211,24.690000534057617,24.649999618530273,24.670000076293945,23.013891220092773,66300,0,1
2018-07-16,24.649999618530273,24.649999618530273,24.610000610351562,24.6299991607666,22.976577758789062,28600,0,1
2018-07-17,24.639999389648438,24.670000076293945,24.610000610351562,24.6200008392334,22.96725082397461,42300,0,1
2018-07-18,24.68000030517578,24.68000030517578,24.56999969482422,24.649999618530273,22.9952392578125,25800,0,1
2018-07-19,24.6200008392334,24.649999618530273,24.579999923706055,24.610000610351562,22.957921981811523,37900,0,1
2018-07-20,24.68000030517578,24.700000762939453,24.639999389648438,24.700000762939453,23.041881561279297,21000,0,1
2018-07-23,24.639999389648438,24.65999984741211,24.600000381469727,24.600000381469727,22.948591232299805,46700,0,1
2018-07-24,24.59000015258789,24.690000534057617,24.59000015258789,24.6299991607666,22.976577758789062,35200,0,1
2018-07-25,24.610000610351562,24.780000686645508,24.610000610351562,24.780000686645508,23.11650848388672,20900,0,1
2018-07-26,24.719999313354492,24.790000915527344,24.719999313354492,24.719999313354492,23.06053924560547,26000,0,1
2018-07-27,24.799999237060547,24.81999969482422,24.739999771118164,24.760000228881836,23.097856521606445,22000,0,1
2018-07-30,24.809999465942383,24.850000381469727,24.75,24.799999237060547,23.135164260864258,29300,0,1
2018-07-31,24.799999237060547,24.920000076293945,24.799999237060547,24.850000381469727,23.181814193725586,38800,0,1
2018-08-01,24.809999465942383,24.84000015258789,24.739999771118164,24.809999465942383,23.14449691772461,29300,0,1
2018-08-02,24.65999984741211,24.75,24.65999984741211,24.709999084472656,23.105222702026367,28300,0,1
2018-08-03,24.68000030517578,24.780000686645508,24.68000030517578,24.729999542236328,23.123926162719727,29900,0,1
2018-08-06,24.690000534057617,24.780000686645508,24.690000534057617,24.709999084472656,23.105222702026367,22000,0,1
2018-08-07,24.799999237060547,24.799999237060547,24.700000762939453,24.739999771118164,23.133272171020508,26100,0,1
2018-08-08,24.760000228881836,24.760000228881836,24.65999984741211,24.729999542236328,23.123926162719727,41100,0,1
2018-08-09,24.65999984741211,24.780000686645508,24.649999618530273,24.700000762939453,23.095876693725586,53900,0,1
2018-08-10,24.559999465942383,24.6200008392334,24.510000228881836,24.510000228881836,22.918214797973633,45800,0,1
2018-08-13,24.5,24.530000686645508,24.459999084472656,24.469999313354492,22.880807876586914,53400,0,1
2018-08-14,24.459999084472656,24.579999923706055,24.459999084472656,24.530000686645508,22.93691635131836,46500,0,1
2018-08-15,24.440000534057617,24.520000457763672,24.440000534057617,24.489999771118164,22.899511337280273,23600,0,1
2018-08-16,24.489999771118164,24.6200008392334,24.489999771118164,24.56999969482422,22.974315643310547,22000,0,1
2018-08-17,24.540000915527344,24.690000534057617,24.540000915527344,24.68000030517578,23.077171325683594,20700,0,1
2018-08-20,24.739999771118164,24.739999771118164,24.68000030517578,24.719999313354492,23.114574432373047,81700,0,1
2018-08-21,24.760000228881836,24.809999465942383,24.739999771118164,24.739999771118164,23.133272171020508,27700,0,1
2018-08-22,24.81999969482422,24.81999969482422,24.75,24.760000228881836,23.151981353759766,21600,0,1
2018-08-23,24.700000762939453,24.770000457763672,24.68000030517578,24.68000030517578,23.077171325683594,19700,0,1
2018-08-24,24.65999984741211,24.770000457763672,24.65999984741211,24.770000457763672,23.16132354736328,21600,0,1
2018-08-27,24.770000457763672,24.829999923706055,24.770000457763672,24.790000915527344,23.180028915405273,22700,0,1
2018-08-28,24.760000228881836,24.809999465942383,24.75,24.75,23.142623901367188,34500,0,1
2018-08-29,24.790000915527344,24.81999969482422,24.75,24.790000915527344,23.180028915405273,17200,0,1
2018-08-30,24.709999084472656,24.760000228881836,24.690000534057617,24.690000534057617,23.08652114868164,18500,0,1
2018-08-31,24.649999618530273,24.729999542236328,24.6299991607666,24.65999984741211,23.0584716796875,21100,0,1
2018-09-04,24.649999618530273,24.649999618530273,24.559999465942383,24.56999969482422,22.974315643310547,36200,0,1
2018-09-05,24.479999542236328,24.549999237060547,24.479999542236328,24.510000228881836,22.967758178710938,47000,0,1
2018-09-06,24.510000228881836,24.56999969482422,24.510000228881836,24.559999465942383,23.014610290527344,38800,0,1
2018-09-07,24.459999084472656,24.510000228881836,24.440000534057617,24.510000228881836,22.967758178710938,93000,0,1
2018-09-10,24.489999771118164,24.559999465942383,24.489999771118164,24.520000457763672,22.977127075195312,25700,0,1
2018-09-11,24.549999237060547,24.549999237060547,24.450000762939453,24.520000457763672,22.977127075195312,33700,0,1
2018-09-12,24.479999542236328,24.559999465942383,24.479999542236328,24.549999237060547,23.005239486694336,25000,0,1
2018-09-13,24.610000610351562,24.639999389648438,24.59000015258789,24.6200008392334,23.070833206176758,27100,0,1
2018-09-14,24.59000015258789,24.610000610351562,24.559999465942383,24.579999923706055,23.033349990844727,29600,0,1
2018-09-17,24.559999465942383,24.65999984741211,24.559999465942383,24.610000610351562,23.061464309692383,19600,0,1
2018-09-18,24.610000610351562,24.68000030517578,24.600000381469727,24.639999389648438,23.089570999145508,38400,0,1
2018-09-19,24.65999984741211,24.65999984741211,24.579999923706055,24.579999923706055,23.033349990844727,37500,0,1
2018-09-20,24.579999923706055,24.700000762939453,24.579999923706055,24.690000534057617,23.136430740356445,37000,0,1
2018-09-21,24.670000076293945,24.739999771118164,24.670000076293945,24.739999771118164,23.183279037475586,33600,0,1
2018-09-24,24.670000076293945,24.75,24.65999984741211,24.65999984741211,23.108318328857422,32700,0,1
2018-09-25,24.670000076293945,24.719999313354492,24.670000076293945,24.68000030517578,23.127058029174805,39000,0,1
2018-09-26,24.65999984741211,24.739999771118164,24.65999984741211,24.739999771118164,23.183279037475586,27500,0,1
2018-09-27,24.75,24.790000915527344,24.729999542236328,24.760000228881836,23.202030181884766,29000,0,1
2018-09-28,24.690000534057617,24.75,24.690000534057617,24.739999771118164,23.183279037475586,15800,0,1
2018-10-01,24.790000915527344,24.790000915527344,24.700000762939453,24.729999542236328,23.17391586303711,52600,0,1
2018-10-02,24.600000381469727,24.600000381469727,24.510000228881836,24.540000915527344,23.16730308532715,21700,0,1
2018-10-03,24.520000457763672,24.579999923706055,24.420000076293945,24.459999084472656,23.091777801513672,29900,0,1
2018-10-04,24.40999984741211,24.40999984741211,24.25,24.270000457763672,22.912410736083984,53700,0,1
2018-10-05,24.270000457763672,24.299999237060547,24.190000534057617,24.229999542236328,22.874645233154297,26200,0,1
2018-10-08,24.200000762939453,24.229999542236328,24.149999618530273,24.200000762939453,22.846328735351562,36300,0,1
2018-10-09,24.229999542236328,24.25,24.170000076293945,24.25,22.893526077270508,67600,0,1
2018-10-10,24.260000228881836,24.290000915527344,24.079999923706055,24.09000015258789,22.742477416992188,56500,0,1
2018-10-11,24.010000228881836,24.100000381469727,23.940000534057617,23.940000534057617,22.600868225097656,48800,0,1
2018-10-12,23.989999771118164,24.079999923706055,23.920000076293945,23.969999313354492,22.629188537597656,39700,0,1
2018-10-15,23.950000762939453,24.100000381469727,23.950000762939453,24.040000915527344,22.695274353027344,38500,0,1
2018-10-16,24.1299991607666,24.219999313354492,24.1299991607666,24.219999313354492,22.865203857421875,102900,0,1
2018-10-17,24.139999389648438,24.219999313354492,24.1200008392334,24.18000030517578,22.827438354492188,61200,0,1
2018-10-18,24.18000030517578,24.18000030517578,24.0,24.010000228881836,22.666948318481445,49500,0,1
2018-10-19,24.010000228881836,24.1200008392334,24.010000228881836,24.049999237060547,22.704713821411133,23700,0,1
2018-10-22,24.010000228881836,24.09000015258789,24.0,24.010000228881836,22.666948318481445,30900,0,1
2018-10-23,23.920000076293945,24.0,23.8799991607666,23.940000534057617,22.600868225097656,31900,0,1
2018-10-24,24.0,24.0,23.850000381469727,23.8700008392334,22.53478240966797,52400,0,1
2018-10-25,23.81999969482422,23.940000534057617,23.81999969482422,23.899999618530273,22.563106536865234,24700,0,1
2018-10-26,23.81999969482422,23.959999084472656,23.75,23.829999923706055,22.497018814086914,82100,0,1
2018-10-29,23.920000076293945,23.979999542236328,23.75,23.829999923706055,22.497018814086914,24600,0,1
2018-10-30,23.860000610351562,23.920000076293945,23.81999969482422,23.889999389648438,22.55366325378418,17800,0,1
2018-10-31,23.8799991607666,23.979999542236328,23.8799991607666,23.940000534057617,22.600868225097656,44000,0,1
2018-11-01,24.0,24.049999237060547,23.93000030517578,24.020000457763672,22.6763916015625,20100,0,1
2018-11-02,24.06999969482422,24.06999969482422,23.8799991607666,23.920000076293945,22.642316818237305,29600,0,1
2018-11-05,23.8799991607666,24.040000915527344,23.8799991607666,23.989999771118164,22.708572387695312,47900,0,1
2018-11-06,23.940000534057617,24.059999465942383,23.940000534057617,24.049999237060547,22.765371322631836,36300,0,1
2018-11-07,24.079999923706055,24.209999084472656,24.079999923706055,24.18000030517578,22.888425827026367,306300,0,1
2018-11-08,24.200000762939453,24.200000762939453,24.079999923706055,24.1200008392334,22.83163070678711,33600,0,1
2018-11-09,24.030000686645508,24.1299991607666,24.030000686645508,24.1200008392334,22.83163070678711,60800,0,1
2018-11-12,24.059999465942383,24.079999923706055,23.940000534057617,23.979999542236328,22.699106216430664,306600,0,1
2018-11-13,24.0,24.049999237060547,23.940000534057617,23.940000534057617,22.66124725341797,22000,0,1
2018-11-14,23.950000762939453,24.020000457763672,23.889999389648438,23.969999313354492,22.68964385986328,73600,0,1
2018-11-15,23.860000610351562,23.90999984741211,23.780000686645508,23.860000610351562,22.585519790649414,64300,0,1
2018-11-16,23.780000686645508,23.920000076293945,23.780000686645508,23.90999984741211,22.632848739624023,22000,0,1
2018-11-19,23.899999618530273,23.93000030517578,23.81999969482422,23.8700008392334,22.594985961914062,30500,0,1
2018-11-20,23.75,23.770000457763672,23.649999618530273,23.649999618530273,22.386737823486328,41800,0,1
2018-11-21,23.719999313354492,23.860000610351562,23.719999313354492,23.790000915527344,22.519258499145508,21300,0,1
2018-11-23,23.739999771118164,23.75,23.739999771118164,23.75,22.481395721435547,4000,0,1
2018-11-26,23.739999771118164,23.860000610351562,23.739999771118164,23.799999237060547,22.528724670410156,25000,0,1
2018-11-27,23.799999237060547,23.799999237060547,23.729999542236328,23.770000457763672,22.50032615661621,25600,0,1
2018-11-28,23.780000686645508,24.0,23.760000228881836,24.0,22.718046188354492,63500,0,1
2018-11-29,24.0,24.030000686645508,23.93000030517578,23.989999771118164,22.708572387695312,24400,0,1
2018-11-30,23.93000030517578,23.959999084472656,23.8700008392334,23.90999984741211,22.632848739624023,55000,0,1
2018-12-03,23.950000762939453,24.100000381469727,23.950000762939453,24.030000686645508,22.746442794799805,147300,0,1
2018-12-04,23.959999084472656,24.0,23.809999465942383,23.850000381469727,22.63351058959961,52700,0,1
2018-12-06,23.81999969482422,23.829999923706055,23.6299991607666,23.81999969482422,22.605037689208984,72500,0,1
2018-12-07,23.780000686645508,23.90999984741211,23.729999542236328,23.809999465942383,22.595548629760742,81300,0,1
2018-12-10,23.829999923706055,23.829999923706055,23.600000381469727,23.719999313354492,22.51013946533203,72000,0,1
2018-12-11,23.719999313354492,23.8700008392334,23.690000534057617,23.690000534057617,22.481672286987305,52800,0,1
2018-12-12,23.84000015258789,23.93000030517578,23.799999237060547,23.799999237060547,22.5860595703125,54900,0,1
2018-12-13,23.770000457763672,23.84000015258789,23.770000457763672,23.81999969482422,22.605037689208984,60500,0,1
2018-12-14,23.65999984741211,23.799999237060547,23.65999984741211,23.719999313354492,22.51013946533203,57700,0,1
2018-12-17,23.75,23.75,23.520000457763672,23.540000915527344,22.33932113647461,50000,0,1
2018-12-18,23.540000915527344,23.639999389648438,23.479999542236328,23.520000457763672,22.320341110229492,58800,0,1
2018-12-19,23.6299991607666,23.65999984741211,23.440000534057617,23.5,22.301359176635742,51400,0,1
2018-12-20,23.459999084472656,23.610000610351562,23.209999084472656,23.270000457763672,22.083091735839844,91100,0,1
2018-12-21,23.270000457763672,23.440000534057617,23.1299991607666,23.170000076293945,21.98819351196289,68100,0,1
2018-12-24,23.059999465942383,23.139999389648438,23.020000457763672,23.020000457763672,21.845844268798828,57300,0,1
2018-12-26,23.030000686645508,23.31999969482422,23.010000228881836,23.270000457763672,22.083091735839844,160100,0,1
2018-12-27,23.239999771118164,23.309999465942383,23.139999389648438,23.270000457763672,22.083091735839844,88200,0,1
2018-12-28,23.1299991607666,23.31999969482422,23.1299991607666,23.290000915527344,22.292715072631836,192900,0,1
2018-12-31,23.209999084472656,23.299999237060547,23.18000030517578,23.280000686645508,22.283143997192383,137300,0,1
2019-01-02,23.200000762939453,23.329999923706055,23.15999984741211,23.329999923706055,22.33100128173828,95300,0,1
2019-01-03,23.329999923706055,23.399999618530273,23.190000534057617,23.389999389648438,22.388431549072266,26200,0,1
2019-01-04,23.549999237060547,23.65999984741211,23.469999313354492,23.639999389648438,22.627727508544922,68600,0,1
2019-01-07,23.670000076293945,23.809999465942383,23.670000076293945,23.739999771118164,22.723447799682617,56800,0,1
2019-01-08,23.739999771118164,23.799999237060547,23.719999313354492,23.799999237060547,22.780872344970703,60200,0,1
2019-01-09,23.790000915527344,23.93000030517578,23.790000915527344,23.90999984741211,22.88616371154785,26000,0,1
2019-01-10,23.920000076293945,23.959999084472656,23.84000015258789,23.959999084472656,22.934022903442383,96700,0,1
2019-01-11,23.940000534057617,23.969999313354492,23.90999984741211,23.959999084472656,22.934022903442383,37600,0,1
2019-01-14,23.93000030517578,23.959999084472656,23.889999389648438,23.93000030517578,22.905311584472656,42000,0,1
2019-01-15,23.8799991607666,23.969999313354492,23.8799991607666,23.950000762939453,22.924453735351562,32100,0,1
2019-01-16,23.979999542236328,24.020000457763672,23.979999542236328,24.0,22.972312927246094,26700,0,1
2019-01-17,23.989999771118164,24.059999465942383,23.969999313354492,24.059999465942383,23.02973747253418,59200,0,1
2019-01-18,24.190000534057617,24.190000534057617,24.079999923706055,24.1299991607666,23.096744537353516,35000,0,1
2019-01-22,24.170000076293945,24.170000076293945,24.0,24.049999237060547,23.020170211791992,54900,0,1
2019-01-23,24.040000915527344,24.15999984741211,24.040000915527344,24.1200008392334,23.087175369262695,52800,0,1
2019-01-24,24.1200008392334,24.229999542236328,24.1200008392334,24.200000762939453,23.163747787475586,230900,0,1
2019-01-25,24.239999771118164,24.34000015258789,24.239999771118164,24.31999969482422,23.278608322143555,72000,0,1
2019-01-28,24.31999969482422,24.31999969482422,24.209999084472656,24.229999542236328,23.192462921142578,85200,0,1
2019-01-29,24.309999465942383,24.329999923706055,24.260000228881836,24.299999237060547,23.25946617126465,40700,0,1
2019-01-30,24.290000915527344,24.5,24.290000915527344,24.459999084472656,23.412612915039062,69800,0,1
2019-01-31,24.440000534057617,24.610000610351562,24.440000534057617,24.610000610351562,23.556194305419922,69100,0,1
2019-02-01,24.65999984741211,24.65999984741211,24.520000457763672,24.600000381469727,23.546621322631836,128400,0,1
2019-02-04,24.459999084472656,24.469999313354492,24.350000381469727,24.469999313354492,23.558170318603516,54500,0,1
2019-02-05,24.420000076293945,24.559999465942383,24.420000076293945,24.559999465942383,23.644819259643555,69500,0,1
2019-02-06,24.59000015258789,24.59000015258789,24.459999084472656,24.510000228881836,23.596683502197266,129800,0,1
2019-02-07,24.5,24.5,24.350000381469727,24.3799991607666,23.471527099609375,40200,0,1
2019-02-08,24.299999237060547,24.389999389648438,24.299999237060547,24.389999389648438,23.48115348815918,73200,0,1
2019-02-11,24.43000030517578,24.440000534057617,24.309999465942383,24.34000015258789,23.433015823364258,59500,0,1
2019-02-12,24.420000076293945,24.459999084472656,24.34000015258789,24.3700008392334,23.461894989013672,1049700,0,1
2019-02-13,24.360000610351562,24.440000534057617,24.350000381469727,24.350000381469727,23.442642211914062,95600,0,1
2019-02-14,24.299999237060547,24.3799991607666,24.299999237060547,24.34000015258789,23.433015823364258,54100,0,1
2019-02-15,24.34000015258789,24.440000534057617,24.34000015258789,24.399999618530273,23.490779876708984,33000,0,1
2019-02-19,24.489999771118164,24.5,24.40999984741211,24.450000762939453,23.53891944885254,75900,0,1
2019-02-20,24.459999084472656,24.5,24.450000762939453,24.479999542236328,23.567798614501953,54200,0,1
2019-02-21,24.5,24.5,24.399999618530273,24.420000076293945,23.51003646850586,34900,0,1
2019-02-22,24.549999237060547,24.559999465942383,24.450000762939453,24.510000228881836,23.596683502197266,25700,0,1
2019-02-25,24.65999984741211,24.65999984741211,24.549999237060547,24.56999969482422,23.65444564819336,63700,0,1
2019-02-26,24.510000228881836,24.6200008392334,24.510000228881836,24.610000610351562,23.692956924438477,41900,0,1
2019-02-27,24.520000457763672,24.600000381469727,24.520000457763672,24.579999923706055,23.664073944091797,37300,0,1
2019-02-28,24.6200008392334,24.6200008392334,24.540000915527344,24.56999969482422,23.65444564819336,40100,0,1
2019-03-01,24.639999389648438,24.639999389648438,24.530000686645508,24.579999923706055,23.664073944091797,83400,0,1
2019-03-04,24.549999237060547,24.559999465942383,24.399999618530273,24.510000228881836,23.647672653198242,70400,0,1
2019-03-05,24.56999969482422,24.56999969482422,24.450000762939453,24.489999771118164,23.628374099731445,37100,0,1
2019-03-06,24.450000762939453,24.520000457763672,24.43000030517578,24.450000762939453,23.589784622192383,74200,0,1
2019-03-07,24.399999618530273,24.440000534057617,24.360000610351562,24.3799991607666,23.52224349975586,39400,0,1
2019-03-08,24.420000076293945,24.420000076293945,24.309999465942383,24.399999618530273,23.541540145874023,33900,0,1
2019-03-11,24.3700008392334,24.520000457763672,24.3700008392334,24.520000457763672,23.65732192993164,42400,0,1
2019-03-12,24.530000686645508,24.56999969482422,24.520000457763672,24.559999465942383,23.695913314819336,54600,0,1
2019-03-13,24.600000381469727,24.639999389648438,24.559999465942383,24.6200008392334,23.75380516052246,49600,0,1
2019-03-14,24.649999618530273,24.649999618530273,24.600000381469727,24.6299991607666,23.763450622558594,23700,0,1
2019-03-15,24.670000076293945,24.700000762939453,24.649999618530273,24.700000762939453,23.83098602294922,29400,0,1
2019-03-18,24.729999542236328,24.739999771118164,24.700000762939453,24.700000762939453,23.83098602294922,41000,0,1
2019-03-19,24.700000762939453,24.780000686645508,24.700000762939453,24.729999542236328,23.85993003845215,102800,0,1
2019-03-20,24.700000762939453,24.84000015258789,24.65999984741211,24.799999237060547,23.927467346191406,74100,0,1
2019-03-21,24.860000610351562,24.860000610351562,24.75,24.809999465942383,23.937116622924805,29100,0,1
2019-03-22,24.760000228881836,24.780000686645508,24.600000381469727,24.6200008392334,23.75380516052246,32400,0,1
2019-03-25,24.68000030517578,24.68000030517578,24.59000015258789,24.65999984741211,23.792394638061523,38100,0,1
2019-03-26,24.739999771118164,24.739999771118164,24.65999984741211,24.719999313354492,23.850278854370117,38300,0,1
2019-03-27,24.780000686645508,24.780000686645508,24.610000610351562,24.68000030517578,23.811691284179688,20200,0,1
2019-03-28,24.6200008392334,24.690000534057617,24.6200008392334,24.670000076293945,23.80204200744629,41100,0,1
2019-03-29,24.770000457763672,24.770000457763672,24.670000076293945,24.719999313354492,23.850278854370117,54100,0,1
2019-04-01,24.719999313354492,24.81999969482422,24.719999313354492,24.799999237060547,23.927467346191406,51800,0,1
2019-04-02,24.690000534057617,24.690000534057617,24.600000381469727,24.68000030517578,23.9682559967041,40600,0,1
2019-04-03,24.780000686645508,24.780000686645508,24.68000030517578,24.690000534057617,23.977968215942383,40900,0,1
2019-04-04,24.700000762939453,24.729999542236328,24.670000076293945,24.729999542236328,24.016813278198242,26800,0,1
2019-04-05,24.700000762939453,24.770000457763672,24.700000762939453,24.760000228881836,24.045949935913086,41000,0,1
2019-04-08,24.850000381469727,24.850000381469727,24.729999542236328,24.75,24.036235809326172,41400,0,1
2019-04-09,24.760000228881836,24.760000228881836,24.700000762939453,24.709999084472656,23.99738883972168,41500,0,1
2019-04-10,24.770000457763672,24.799999237060547,24.729999542236328,24.790000915527344,24.075084686279297,27000,0,1
2019-04-11,24.84000015258789,24.84000015258789,24.75,24.75,24.036235809326172,27100,0,1
2019-04-12,24.81999969482422,24.84000015258789,24.790000915527344,24.829999923706055,24.11393165588379,34100,0,1
2019-04-15,24.799999237060547,24.84000015258789,24.799999237060547,24.81999969482422,24.104217529296875,38100,0,1
2019-04-16,24.84000015258789,24.84000015258789,24.809999465942383,24.809999465942383,24.094507217407227,25900,0,1
2019-04-17,24.8700008392334,24.8700008392334,24.81999969482422,24.829999923706055,24.11393165588379,28900,0,1
2019-04-18,24.8700008392334,24.8700008392334,24.780000686645508,24.81999969482422,24.104217529296875,42100,0,1
2019-04-22,24.829999923706055,24.829999923706055,24.760000228881836,24.799999237060547,24.084794998168945,44100,0,1
2019-04-23,24.780000686645508,24.860000610351562,24.770000457763672,24.850000381469727,24.13335418701172,22500,0,1
2019-04-24,24.90999984741211,24.90999984741211,24.780000686645508,24.81999969482422,24.104217529296875,60600,0,1
2019-04-25,24.760000228881836,24.790000915527344,24.670000076293945,24.709999084472656,23.99738883972168,49300,0,1
2019-04-26,24.709999084472656,24.81999969482422,24.709999084472656,24.790000915527344,24.075084686279297,63100,0,1
2019-04-29,24.75,24.81999969482422,24.75,24.799999237060547,24.084794998168945,48900,0,1
2019-04-30,24.850000381469727,24.850000381469727,24.760000228881836,24.84000015258789,24.12364387512207,62800,0,1
2019-05-01,24.739999771118164,24.899999618530273,24.739999771118164,24.75,24.036235809326172,23100,0,1
2019-05-02,24.639999389648438,24.700000762939453,24.610000610351562,24.639999389648438,23.97784996032715,36400,0,1
2019-05-03,24.719999313354492,24.75,24.68000030517578,24.729999542236328,24.0654296875,31700,0,1
2019-05-06,24.65999984741211,24.68000030517578,24.600000381469727,24.65999984741211,23.997314453125,37200,0,1
2019-05-07,24.600000381469727,24.6299991607666,24.5,24.549999237060547,23.890268325805664,39800,0,1
2019-05-08,24.549999237060547,24.59000015258789,24.510000228881836,24.520000457763672,23.861074447631836,20300,0,1
2019-05-09,24.530000686645508,24.540000915527344,24.360000610351562,24.479999542236328,23.8221492767334,249100,0,1
2019-05-10,24.559999465942383,24.56999969482422,24.420000076293945,24.549999237060547,23.890268325805664,26700,0,1
2019-05-13,24.440000534057617,24.440000534057617,24.31999969482422,24.31999969482422,23.666452407836914,47700,0,1
2019-05-14,24.34000015258789,24.479999542236328,24.34000015258789,24.440000534057617,23.783222198486328,11200,0,1
2019-05-15,24.329999923706055,24.5,24.329999923706055,24.5,23.841611862182617,214300,0,1
2019-05-16,24.5,24.56999969482422,24.5,24.5,23.841611862182617,24100,0,1
2019-05-17,24.520000457763672,24.520000457763672,24.399999618530273,24.399999618530273,23.744298934936523,48800,0,1
2019-05-20,24.360000610351562,24.440000534057617,24.360000610351562,24.399999618530273,23.744298934936523,14100,0,1
2019-05-21,24.360000610351562,24.5,24.360000610351562,24.450000762939453,23.792957305908203,49600,0,1
2019-05-22,24.389999389648438,24.479999542236328,24.389999389648438,24.440000534057617,23.783222198486328,23000,0,1
2019-05-23,24.3799991607666,24.3799991607666,24.329999923706055,24.360000610351562,23.705373764038086,32400,0,1
2019-05-24,24.350000381469727,24.469999313354492,24.350000381469727,24.459999084472656,23.802684783935547,43800,0,1
2019-05-28,24.510000228881836,24.510000228881836,24.360000610351562,24.360000610351562,23.705373764038086,20800,0,1
2019-05-29,24.350000381469727,24.350000381469727,24.25,24.270000457763672,23.61779022216797,44400,0,1
2019-05-30,24.260000228881836,24.329999923706055,24.260000228881836,24.299999237060547,23.646987915039062,17400,0,1
2019-05-31,24.25,24.25,24.1299991607666,24.209999084472656,23.559404373168945,22900,0,1
2019-06-03,24.31999969482422,24.31999969482422,24.229999542236328,24.309999465942383,23.656719207763672,30300,0,1
2019-06-04,24.270000457763672,24.469999313354492,24.270000457763672,24.469999313354492,23.862478256225586,20400,0,1
2019-06-05,24.459999084472656,24.540000915527344,24.43000030517578,24.469999313354492,23.862478256225586,28100,0,1
2019-06-06,24.600000381469727,24.600000381469727,24.489999771118164,24.559999465942383,23.950246810913086,13500,0,1
2019-06-07,24.56999969482422,24.700000762939453,24.56999969482422,24.670000076293945,24.05751609802246,49000,0,1
2019-06-10,24.670000076293945,24.719999313354492,24.649999618530273,24.700000762939453,24.086769104003906,21800,0,1
2019-06-11,24.729999542236328,24.799999237060547,24.670000076293945,24.709999084472656,24.09651756286621,38300,0,1
2019-06-12,24.770000457763672,24.770000457763672,24.649999618530273,24.65999984741211,24.04776382446289,32800,0,1
2019-06-13,24.75,24.75,24.670000076293945,24.719999313354492,24.106271743774414,48200,0,1
2019-06-14,24.739999771118164,24.739999771118164,24.65999984741211,24.700000762939453,24.086769104003906,67400,0,1
2019-06-17,24.75,24.75,24.65999984741211,24.670000076293945,24.05751609802246,26900,0,1
2019-06-18,24.719999313354492,24.860000610351562,24.719999313354492,24.829999923706055,24.213542938232422,76800,0,1
2019-06-19,24.809999465942383,24.989999771118164,24.809999465942383,24.989999771118164,24.369569778442383,36400,0,1
2019-06-20,25.0,25.110000610351562,25.0,25.110000610351562,24.486591339111328,37500,0,1
2019-06-21,25.139999389648438,25.139999389648438,25.0,25.049999237060547,24.42807960510254,54800,0,1
2019-06-24,25.0,25.079999923706055,25.0,25.059999465942383,24.43783187866211,30400,0,1
2019-06-25,25.139999389648438,25.139999389648438,24.950000762939453,24.969999313354492,24.350065231323242,30300,0,1
2019-06-26,25.110000610351562,25.110000610351562,24.950000762939453,24.969999313354492,24.350065231323242,45900,0,1
2019-06-27,24.93000030517578,25.079999923706055,24.93000030517578,25.059999465942383,24.43783187866211,39800,0,1
2019-06-28,25.18000030517578,25.18000030517578,25.079999923706055,25.1299991607666,24.506093978881836,40600,0,1
