,close
2015-12-31 00:00:00+00:00,100.0
2016-01-01 00:00:00+00:00,99.90313264329856
2016-01-02 00:00:00+00:00,99.7366508989138
2016-01-03 00:00:00+00:00,99.09991393602317
2016-01-04 00:00:00+00:00,99.67218111131616
2016-01-05 00:00:00+00:00,99.46203908861106
2016-01-06 00:00:00+00:00,98.93158371751731
2016-01-07 00:00:00+00:00,104.30919184740013
2016-01-08 00:00:00+00:00,103.41400871751732
2016-01-09 00:00:00+00:00,102.36999507005638
2016-01-10 00:00:00+00:00,102.44059997728294
2016-01-11 00:00:00+00:00,102.52179675462669
2016-01-12 00:00:00+00:00,100.15507512987085
2016-01-13 00:00:00+00:00,99.5384048845095
2016-01-14 00:00:00+00:00,99.15472743089622
2016-01-15 00:00:00+00:00,86.89657129686302
2016-01-16 00:00:00+00:00,91.20806347215598
2016-01-17 00:00:00+00:00,90.23502896287866
2016-01-18 00:00:00+00:00,91.13968694017356
2016-01-19 00:00:00+00:00,89.83555442674584
2016-01-20 00:00:00+00:00,97.2826087175173
2016-01-21 00:00:00+00:00,95.43055105150168
2016-01-22 00:00:00+00:00,90.27088709276146
2016-01-23 00:00:00+00:00,91.19969997728293
2016-01-24 00:00:00+00:00,94.0758860185427
2016-01-25 00:00:00+00:00,91.98656592576927
2016-01-26 00:00:00+00:00,92.0659028886599
2016-01-27 00:00:00+00:00,92.5896674638552
2016-01-28 00:00:00+00:00,89.86156914842552
2016-01-29 00:00:00+00:00,89.71014169481224
2016-01-30 00:00:00+00:00,89.48365258348412
2016-01-31 00:00:00+00:00,87.72078095872826
2016-02-01 00:00:00+00:00,88.51767743089621
2016-02-02 00:00:00+00:00,88.77631071336693
2016-02-03 00:00:00+00:00,87.94039782884543
2016-02-04 00:00:00+00:00,91.59043678758567
2016-02-05 00:00:00+00:00,91.02467896287865
2016-02-06 00:00:00+00:00,89.16166086595481
2016-02-07 00:00:00+00:00,89.17986776903099
2016-02-08 00:00:00+00:00,88.5903235978884
2016-02-09 00:00:00+00:00,89.07005933397241
2016-02-10 00:00:00+00:00,90.11425442674584
2016-02-11 00:00:00+00:00,89.74358433397241
2016-02-12 00:00:00+00:00,90.59993816698021
2016-02-13 00:00:00+00:00,92.01145795457786
2016-02-14 00:00:00+00:00,94.86720871751731
2016-02-15 00:00:00+00:00,93.55824522264426
2016-02-16 00:00:00+00:00,94.91514430101341
2016-02-17 00:00:00+00:00,96.5564985978884
2016-02-18 00:00:00+00:00,97.68077344530052
2016-02-19 00:00:00+00:00,97.38572635667747
2016-02-20 00:00:00+00:00,100.42894414842551
2016-02-21 00:00:00+00:00,100.73254184740013
2016-02-22 00:00:00+00:00,100.53744844530051
2016-02-23 00:00:00+00:00,97.37662007005638
2016-02-24 00:00:00+00:00,98.1605091813845
2016-02-25 00:00:00+00:00,98.08414905565208
2016-02-26 00:00:00+00:00,99.49771577318137
2016-02-27 00:00:00+00:00,99.56590518968528
2016-02-28 00:00:00+00:00,99.74891546800559
2016-02-29 00:00:00+00:00,100.5279735978884
2016-03-01 00:00:00+00:00,100.04972344530051
2016-03-02 00:00:00+00:00,97.98103141649192
2016-03-03 00:00:00+00:00,97.54662865770285
2016-03-04 00:00:00+00:00,95.55633801439231
2016-03-05 00:00:00+00:00,93.6297800370974
2016-03-06 00:00:00+00:00,94.95583341234153
2016-03-07 00:00:00+00:00,96.1847171525759
2016-03-08 00:00:00+00:00,96.1198674638552
2016-03-09 00:00:00+00:00,96.28485795457786
2016-03-10 00:00:00+00:00,96.70681469896263
2016-03-11 00:00:00+00:00,97.55387512987085
2016-03-12 00:00:00+00:00,95.68361056077903
2016-03-13 00:00:00+00:00,96.13715012987085
2016-03-14 00:00:00+00:00,96.5780508989138
2016-03-15 00:00:00+00:00,96.6508841813845
2016-03-16 00:00:00+00:00,96.68451393602317
2016-03-17 00:00:00+00:00,97.3552548845095
2016-03-18 00:00:00+00:00,95.29789184740012
2016-03-19 00:00:00+00:00,95.46436792161887
2016-03-20 00:00:00+00:00,96.07955258348412
2016-03-21 00:00:00+00:00,95.99631454637473
2016-03-22 00:00:00+00:00,96.88480688035911
2016-03-23 00:00:00+00:00,96.87588770921653
2016-03-24 00:00:00+00:00,96.56988018968528
2016-03-25 00:00:00+00:00,96.71535963914818
2016-03-26 00:00:00+00:00,96.85805503709742
2016-03-27 00:00:00+00:00,98.26140128038352
2016-03-28 00:00:00+00:00,96.59254384324973
2016-03-29 00:00:00+00:00,96.27668724534935
2016-03-30 00:00:00+00:00,96.6321216020388
2016-03-31 00:00:00+00:00,96.86069368095698
2016-04-01 00:00:00+00:00,97.40108326927485
2016-04-02 00:00:00+00:00,97.4068351662475
2016-04-03 00:00:00+00:00,97.50701215141596
2016-04-04 00:00:00+00:00,97.9867407396728
2016-04-05 00:00:00+00:00,97.87228025444331
2016-04-06 00:00:00+00:00,97.74835971031489
2016-04-07 00:00:00+00:00,97.30387847496333
2016-04-08 00:00:00+00:00,97.12987226890864
2016-04-09 00:00:00+00:00,97.52927244560541
2016-04-10 00:00:00+00:00,97.69975731315913
2016-04-11 00:00:00+00:00,98.2019330190307
2016-04-12 00:00:00+00:00,97.93183163658442
2016-04-13 00:00:00+00:00,98.03349188652338
2016-04-14 00:00:00+00:00,99.04099665123286
2016-04-15 00:00:00+00:00,99.20034571037593
2016-04-16 00:00:00+00:00,98.61172171043695
2016-04-17 00:00:00+00:00,98.83285271019282
2016-04-18 00:00:00+00:00,100.11621075432123
2016-04-19 00:00:00+00:00,101.20701046013178
2016-04-20 00:00:00+00:00,102.69776515159907
2016-04-21 00:00:00+00:00,102.01360644554438
2016-04-22 00:00:00+00:00,102.85675188652338
2016-04-23 00:00:00+00:00,104.39147235740961
2016-04-24 00:00:00+00:00,104.92407197502436
2016-04-25 00:00:00+00:00,105.78910406334224
2016-04-26 00:00:00+00:00,101.81882321007075
2016-04-27 00:00:00+00:00,102.62096373985591
2016-04-28 00:00:00+00:00,103.74997732811273
2016-04-29 00:00:00+00:00,102.49240657799066
2016-04-30 00:00:00+00:00,103.15226691612544
2016-05-01 00:00:00+00:00,101.81548303367914
2016-05-02 00:00:00+00:00,102.86082803398432
2016-05-03 00:00:00+00:00,102.19633107811273
2016-05-04 00:00:00+00:00,102.42896587181392
2016-05-05 00:00:00+00:00,104.58588760734858
2016-05-06 00:00:00+00:00,104.38795101890864
2016-05-07 00:00:00+00:00,104.3901759160644
2016-05-08 00:00:00+00:00,104.74913731315912
2016-05-09 00:00:00+00:00,102.9704650780517
2016-05-10 00:00:00+00:00,103.31050635734859
2016-05-11 00:00:00+00:00,103.68857469566645
2016-05-12 00:00:00+00:00,103.85627985710444
2016-05-13 00:00:00+00:00,103.85646101921381
2016-05-14 00:00:00+00:00,104.20837407799067
2016-05-15 00:00:00+00:00,103.5767127544433
2016-05-16 00:00:00+00:00,103.50621804863276
2016-05-17 00:00:00+00:00,103.6613041368896
2016-05-18 00:00:00+00:00,100.71095463676753
2016-05-19 00:00:00+00:00,101.44575947502436
2016-05-20 00:00:00+00:00,101.54073937218013
2016-05-21 00:00:00+00:00,100.82374503380122
2016-05-22 00:00:00+00:00,101.7201294896728
2016-05-23 00:00:00+00:00,102.05886866630854
2016-05-24 00:00:00+00:00,102.73004597496333
2016-05-25 00:00:00+00:00,103.43220200432124
2016-05-26 00:00:00+00:00,107.15724031334223
2016-05-27 00:00:00+00:00,117.652651989978
2016-05-28 00:00:00+00:00,116.94641415184319
2016-05-29 00:00:00+00:00,118.36204884239497
2016-05-30 00:00:00+00:00,117.9023499898559
2016-05-31 00:00:00+00:00,118.9289616957885
2016-06-01 00:00:00+00:00,119.12411857811273
2016-06-02 00:00:00+00:00,124.91610899010004
2016-06-03 00:00:00+00:00,125.5715195339233
2016-06-04 00:00:00+00:00,125.98891703392329
2016-06-05 00:00:00+00:00,127.94790218101801
2016-06-06 00:00:00+00:00,126.28944232811274
2016-06-07 00:00:00+00:00,127.22590323936763
2016-06-08 00:00:00+00:00,125.92454787193599
2016-06-09 00:00:00+00:00,126.45138993126216
2016-06-10 00:00:00+00:00,131.87885953392328
2016-06-11 00:00:00+00:00,144.13309487205805
2016-06-12 00:00:00+00:00,149.9937230782348
2016-06-13 00:00:00+00:00,146.5029896511108
2016-06-14 00:00:00+00:00,148.1558787691528
2016-06-15 00:00:00+00:00,161.48272966636958
2016-06-16 00:00:00+00:00,158.25504362205805
2016-06-17 00:00:00+00:00,159.61260453392327
2016-06-18 00:00:00+00:00,161.0139500630981
2016-06-19 00:00:00+00:00,156.08773337181393
2016-06-20 00:00:00+00:00,142.99554401939693
2016-06-21 00:00:00+00:00,129.91041998924555
2016-06-22 00:00:00+00:00,135.0789070339233
2016-06-23 00:00:00+00:00,142.7445552394897
2016-06-24 00:00:00+00:00,142.71190076927485
2016-06-25 00:00:00+00:00,136.07880865135493
2016-06-26 00:00:00+00:00,140.88500544517817
2016-06-27 00:00:00+00:00,139.35008682823482
2016-06-28 00:00:00+00:00,138.03093228355706
2016-06-29 00:00:00+00:00,144.2252253894855
2016-06-30 00:00:00+00:00,144.73586785591615
2016-07-01 00:00:00+00:00,149.4653222870685
2016-07-02 00:00:00+00:00,141.69311032967104
2016-07-03 00:00:00+00:00,146.00701274605288
2016-07-04 00:00:00+00:00,143.75756743050113
2016-07-05 00:00:00+00:00,144.9144731714679
2016-07-06 00:00:00+00:00,138.56924995918763
2016-07-07 00:00:00+00:00,143.04933947639955
2016-07-08 00:00:00+00:00,140.36363458870423
2016-07-09 00:00:00+00:00,140.0875162690021
2016-07-10 00:00:00+00:00,139.7939766370441
2016-07-11 00:00:00+00:00,142.70903404854312
2016-07-12 00:00:00+00:00,140.96900939033998
2016-07-13 00:00:00+00:00,141.59198456245912
2016-07-14 00:00:00+00:00,142.4853797895099
2016-07-15 00:00:00+00:00,142.05602975838198
2016-07-16 00:00:00+00:00,145.2817005304767
2016-07-17 00:00:00+00:00,144.18536913460267
2016-07-18 00:00:00+00:00,144.14360643623843
2016-07-19 00:00:00+00:00,142.90472362556946
2016-07-20 00:00:00+00:00,142.78858856575502
2016-07-21 00:00:00+00:00,140.30478762886537
2016-07-22 00:00:00+00:00,141.15676774117006
2016-07-23 00:00:00+00:00,142.1454114124347
2016-07-24 00:00:00+00:00,140.9049802747394
2016-07-25 00:00:00+00:00,140.5058278870441
2016-07-26 00:00:00+00:00,140.94898646736635
2016-07-27 00:00:00+00:00,141.06684891243472
2016-07-28 00:00:00+00:00,141.40457379524722
2016-07-29 00:00:00+00:00,141.06892388130677
2016-07-30 00:00:00+00:00,135.82866899117005
2016-07-31 00:00:00+00:00,132.65181791817201
2016-08-01 00:00:00+00:00,122.5035032813312
2016-08-02 00:00:00+00:00,125.76334257637514
2016-08-03 00:00:00+00:00,127.82279657967104
2016-08-04 00:00:00+00:00,127.26263924690737
2016-08-05 00:00:00+00:00,129.4603156690265
2016-08-06 00:00:00+00:00,130.30797731819644
2016-08-07 00:00:00+00:00,130.0256551575519
2016-08-08 00:00:00+00:00,129.4642865485431
2016-08-09 00:00:00+00:00,130.2066830255939
2016-08-10 00:00:00+00:00,129.691901154256
2016-08-11 00:00:00+00:00,129.42252385017886
2016-08-12 00:00:00+00:00,129.08238694771302
2016-08-13 00:00:00+00:00,126.47399308296694
2016-08-14 00:00:00+00:00,125.91606871162904
2016-08-15 00:00:00+00:00,127.6761162928058
2016-08-16 00:00:00+00:00,126.94734930672182
2016-08-17 00:00:00+00:00,127.13751967720522
2016-08-18 00:00:00+00:00,127.3639335395099
2016-08-19 00:00:00+00:00,128.41091859444154
2016-08-20 00:00:00+00:00,128.3437822919513
2016-08-21 00:00:00+00:00,129.28342720589174
2016-08-22 00:00:00+00:00,128.70738635506166
2016-08-23 00:00:00+00:00,128.14947251656068
2016-08-24 00:00:00+00:00,127.73167700752748
2016-08-25 00:00:00+00:00,128.05783683540835
2016-08-26 00:00:00+00:00,126.38322109444154
2016-08-27 00:00:00+00:00,127.06745524605287
2016-08-28 00:00:00+00:00,127.1011076599933
2016-08-29 00:00:00+00:00,127.68715470589174
2016-08-30 00:00:00+00:00,127.33666402473939
2016-08-31 00:00:00+00:00,126.78978859932435
2016-09-01 00:00:00+00:00,127.34788149605288
2016-09-02 00:00:00+00:00,131.2609041394855
2016-09-03 00:00:00+00:00,133.0594281739093
2016-09-04 00:00:00+00:00,132.70670453133118
2016-09-05 00:00:00+00:00,133.3703996509601
2016-09-06 00:00:00+00:00,134.07932277229799
2016-09-07 00:00:00+00:00,136.11081209358704
2016-09-08 00:00:00+00:00,135.51459032722963
2016-09-09 00:00:00+00:00,135.62640692390931
2016-09-10 00:00:00+00:00,132.7289604157306
2016-09-11 00:00:00+00:00,132.99195482063783
2016-09-12 00:00:00+00:00,133.1641877698566
2016-09-13 00:00:00+00:00,133.41320510017886
2016-09-14 00:00:00+00:00,132.80420700264466
2016-09-15 00:00:00+00:00,132.77279808296694
2016-09-16 00:00:00+00:00,132.60212399361146
2016-09-17 00:00:00+00:00,133.27342382149232
2016-09-18 00:00:00+00:00,133.16176521736634
2016-09-19 00:00:00+00:00,133.00386745918763
2016-09-20 00:00:00+00:00,131.0774642517902
2016-09-21 00:00:00+00:00,130.9306049066974
2016-09-22 00:00:00+00:00,132.05990408211244
2016-09-23 00:00:00+00:00,132.02245984688295
2016-09-24 00:00:00+00:00,131.71200447884095
2016-09-25 00:00:00+00:00,132.95744924690737
2016-09-26 00:00:00+00:00,132.6335329132892
2016-09-27 00:00:00+00:00,132.38358633893347
2016-09-28 00:00:00+00:00,132.55249395612097
2016-09-29 00:00:00+00:00,133.26000426862097
2016-09-30 00:00:00+00:00,134.00357171002722
2016-10-01 00:00:00+00:00,133.4625331553397
2016-10-02 00:00:00+00:00,133.6797519834647
2016-10-03 00:00:00+00:00,133.34209700299596
2016-10-04 00:00:00+00:00,133.74591547955848
2016-10-05 00:00:00+00:00,133.83518758893345
2016-10-06 00:00:00+00:00,134.55284731549597
2016-10-07 00:00:00+00:00,134.9006517100272
2016-10-08 00:00:00+00:00,134.48826499127722
2016-10-09 00:00:00+00:00,134.88070544049597
2016-10-10 00:00:00+00:00,138.74523907330845
2016-10-11 00:00:00+00:00,137.89104301862096
2016-10-12 00:00:00+00:00,137.99501575299595
2016-10-13 00:00:00+00:00,138.6237559287772
2016-10-14 00:00:00+00:00,138.32058758893348
2016-10-15 00:00:00+00:00,138.84307942487095
2016-10-16 00:00:00+00:00,138.41633395612095
2016-10-17 00:00:00+00:00,138.2005146787772
2016-10-18 00:00:00+00:00,136.89821665143347
2016-10-19 00:00:00+00:00,136.95720077252722
2016-10-20 00:00:00+00:00,137.30220606549597
2016-10-21 00:00:00+00:00,141.58473530377722
2016-10-22 00:00:00+00:00,141.5456974522147
2016-10-23 00:00:00+00:00,140.96631547955846
2016-10-24 00:00:00+00:00,141.63619817487097
2016-10-25 00:00:00+00:00,145.2623274131522
2016-10-26 00:00:00+00:00,147.01429790143345
2016-10-27 00:00:00+00:00,147.24850364362098
2016-10-28 00:00:00+00:00,151.59439727643345
2016-10-29 00:00:00+00:00,149.38626938580848
2016-10-30 00:00:00+00:00,149.38626938580848
2016-10-31 00:00:00+00:00,149.23012866315221
2016-11-01 00:00:00+00:00,154.2749643662772
2016-11-02 00:00:00+00:00,156.20669700299595
2016-11-03 00:00:00+00:00,147.0820425694022
2016-11-04 00:00:00+00:00,149.62624426862095
2016-11-05 00:00:00+00:00,149.6582843662772
2016-11-06 00:00:00+00:00,151.07679852643346
2016-11-07 00:00:00+00:00,149.60803942487095
2016-11-08 00:00:00+00:00,150.78379028424595
2016-11-09 00:00:00+00:00,153.1337001475272
2016-11-10 00:00:00+00:00,151.77906319440223
2016-11-11 00:00:00+00:00,151.93257575299597
2016-11-12 00:00:00+00:00,149.9446474131522
2016-11-13 00:00:00+00:00,149.41549969830845
2016-11-14 00:00:00+00:00,149.93886758893348
2016-11-15 00:00:00+00:00,151.09378544049596
2016-11-16 00:00:00+00:00,156.79641001080847
2016-11-17 00:00:00+00:00,156.2326047178397
2016-11-18 00:00:00+00:00,158.08943467877722
2016-11-19 00:00:00+00:00,158.09486194440223
2016-11-20 00:00:00+00:00,154.49078364362097
2016-11-21 00:00:00+00:00,155.92995987408972
2016-11-22 00:00:00+00:00,158.04776866315223
2016-11-23 00:00:00+00:00,156.86572516705846
2016-11-24 00:00:00+00:00,156.1121792490897
2016-11-25 00:00:00+00:00,156.35023108502722
2016-11-26 00:00:00+00:00,155.2532610459647
2016-11-27 00:00:00+00:00,154.66739413190223
2016-11-28 00:00:00+00:00,155.32869790143346
2016-11-29 00:00:00+00:00,155.29211727643346
2016-11-30 00:00:00+00:00,157.05774139752722
2016-12-01 00:00:00+00:00,158.99771108502722
2016-12-02 00:00:00+00:00,162.70330489362095
2016-12-03 00:00:00+00:00,161.51496876080847
2016-12-04 00:00:00+00:00,161.9905489365897
2016-12-05 00:00:00+00:00,159.3348425694022
2016-12-06 00:00:00+00:00,160.30176122174598
2016-12-07 00:00:00+00:00,160.9858210459647
2016-12-08 00:00:00+00:00,161.4545744053397
2016-12-09 00:00:00+00:00,161.80185530377722
2016-12-10 00:00:00+00:00,162.12673270612098
2016-12-11 00:00:00+00:00,161.26570983502722
2016-12-12 00:00:00+00:00,163.0784165537772
2016-12-13 00:00:00+00:00,163.16051997174597
2016-12-14 00:00:00+00:00,163.3224298350272
2016-12-15 00:00:00+00:00,162.72851817487097
2016-12-16 00:00:00+00:00,163.92211063580845
2016-12-17 00:00:00+00:00,164.95869700299596
2016-12-18 00:00:00+00:00,164.90636876080848
2016-12-19 00:00:00+00:00,165.28864911237096
2016-12-20 00:00:00+00:00,166.71732337018346
2016-12-21 00:00:00+00:00,172.56453969830844
2016-12-22 00:00:00+00:00,177.8610701865897
2016-12-23 00:00:00+00:00,187.91607333112094
2016-12-24 00:00:00+00:00,183.86179907330845
2016-12-25 00:00:00+00:00,183.39986184674595
2016-12-26 00:00:00+00:00,185.3877188905307
2016-12-27 00:00:00+00:00,189.57698832900726
2016-12-28 00:00:00+00:00,196.57160156631193
2016-12-29 00:00:00+00:00,196.1747424476596
2016-12-30 00:00:00+00:00,194.16769353164398
2016-12-31 00:00:00+00:00,194.57781293105805
2017-01-01 00:00:00+00:00,200.23958308730803
2017-01-02 00:00:00+00:00,204.0747220887729
2017-01-03 00:00:00+00:00,207.5527616362278
2017-01-04 00:00:00+00:00,229.0294349860852
2017-01-05 00:00:00+00:00,207.42854643788266
2017-01-06 00:00:00+00:00,195.2162431703465
2017-01-07 00:00:00+00:00,193.55795952304769
2017-01-08 00:00:00+00:00,196.41849376550604
2017-01-09 00:00:00+00:00,195.71685312998704
2017-01-10 00:00:00+00:00,197.6137728189652
2017-01-11 00:00:00+00:00,178.27527980797697
2017-01-12 00:00:00+00:00,182.12418564339566
2017-01-13 00:00:00+00:00,183.6688317903893
2017-01-14 00:00:00+00:00,182.30868893732955
2017-01-15 00:00:00+00:00,184.2492580119889
2017-01-16 00:00:00+00:00,183.68840939006733
2017-01-17 00:00:00+00:00,196.13636182821202
2017-01-18 00:00:00+00:00,193.34049767754485
2017-01-19 00:00:00+00:00,195.7403169199841
2017-01-20 00:00:00+00:00,196.53426692970206
2017-01-21 00:00:00+00:00,201.3535833265107
2017-01-22 00:00:00+00:00,200.41603893836904
2017-01-23 00:00:00+00:00,200.7299373296349
2017-01-24 00:00:00+00:00,196.47154867121625
2017-01-25 00:00:00+00:00,197.0668287001984
2017-01-26 00:00:00+00:00,198.94267993300366
2017-01-27 00:00:00+00:00,198.8649963950627
2017-01-28 00:00:00+00:00,199.2358101922791
2017-01-29 00:00:00+00:00,198.51253347015313
2017-01-30 00:00:00+00:00,199.14085649295737
2017-01-31 00:00:00+00:00,205.58790728271413
2017-02-01 00:00:00+00:00,207.6615077933972
2017-02-02 00:00:00+00:00,210.70755573256423
2017-02-03 00:00:00+00:00,214.4818809158032
2017-02-04 00:00:00+00:00,217.85142709958006
2017-02-05 00:00:00+00:00,215.65181237735678
2017-02-06 00:00:00+00:00,217.06105242015767
2017-02-07 00:00:00+00:00,220.37643474819112
2017-02-08 00:00:00+00:00,220.053287889642
2017-02-09 00:00:00+00:00,210.07773569548536
2017-02-10 00:00:00+00:00,210.95276145983624
2017-02-11 00:00:00+00:00,213.11580986131597
2017-02-12 00:00:00+00:00,212.8395987248509
2017-02-13 00:00:00+00:00,211.111726869735
2017-02-14 00:00:00+00:00,223.33051703303266
2017-02-15 00:00:00+00:00,223.00999091613699
2017-02-16 00:00:00+00:00,225.10536579907347
2017-02-17 00:00:00+00:00,225.78396980187344
2017-02-18 00:00:00+00:00,227.5000560227864
2017-02-19 00:00:00+00:00,226.4656566695969
2017-02-20 00:00:00+00:00,227.99355860959935
2017-02-21 00:00:00+00:00,233.3248809912007
2017-02-22 00:00:00+00:00,233.14164048301626
2017-02-23 00:00:00+00:00,241.72011763918806
2017-02-24 00:00:00+00:00,242.17907019712376
2017-02-25 00:00:00+00:00,241.82062861863065
2017-02-26 00:00:00+00:00,250.08170647025037
2017-02-27 00:00:00+00:00,257.04154589358257
2017-02-28 00:00:00+00:00,259.6032854005711
2017-03-01 00:00:00+00:00,273.6073868272679
2017-03-02 00:00:00+00:00,286.9724360866635
2017-03-03 00:00:00+00:00,292.21794211428573
2017-03-04 00:00:00+00:00,284.92276539732865
2017-03-05 00:00:00+00:00,290.39916129206586
2017-03-06 00:00:00+00:00,292.87393022423674
2017-03-07 00:00:00+00:00,283.09235223708083
2017-03-08 00:00:00+00:00,261.3898155662625
2017-03-09 00:00:00+00:00,272.33717787127426
2017-03-10 00:00:00+00:00,274.0588956910794
2017-03-11 00:00:00+00:00,293.5848866651051
2017-03-12 00:00:00+00:00,310.5555724083798
2017-03-13 00:00:00+00:00,343.10469381651814
2017-03-14 00:00:00+00:00,344.3680682784741
2017-03-15 00:00:00+00:00,384.4028118883794
2017-03-16 00:00:00+00:00,446.36025703825885
2017-03-17 00:00:00+00:00,439.6749401523488
2017-03-18 00:00:00+00:00,348.6501659325307
2017-03-19 00:00:00+00:00,419.98623713759355
2017-03-20 00:00:00+00:00,413.6878401989644
2017-03-21 00:00:00+00:00,419.4801812187093
2017-03-22 00:00:00+00:00,406.746514298467
2017-03-23 00:00:00+00:00,413.72452335139207
2017-03-24 00:00:00+00:00,460.0369378680699
2017-03-25 00:00:00+00:00,452.5997549751561
2017-03-26 00:00:00+00:00,449.23897578391006
2017-03-27 00:00:00+00:00,457.87715449927265
2017-03-28 00:00:00+00:00,471.40535200640613
2017-03-29 00:00:00+00:00,464.3139412184041
2017-03-30 00:00:00+00:00,456.092700086469
2017-03-31 00:00:00+00:00,461.0818701502507
2017-04-01 00:00:00+00:00,451.5836600328725
2017-04-02 00:00:00+00:00,429.4125092315953
2017-04-03 00:00:00+00:00,429.66293040581564
2017-04-04 00:00:00+00:00,429.5164959838186
2017-04-05 00:00:00+00:00,436.4813975246511
2017-04-06 00:00:00+00:00,432.6752921315847
2017-04-07 00:00:00+00:00,437.66931822869157
2017-04-08 00:00:00+00:00,437.61327704216814
2017-04-09 00:00:00+00:00,437.8675717275319
2017-04-10 00:00:00+00:00,441.4916687111745
2017-04-11 00:00:00+00:00,447.504132316216
2017-04-12 00:00:00+00:00,450.6012979778371
2017-04-13 00:00:00+00:00,443.8397687526784
2017-04-14 00:00:00+00:00,448.56471204460956
2017-04-15 00:00:00+00:00,449.789257764214
2017-04-16 00:00:00+00:00,451.05262889183854
2017-04-17 00:00:00+00:00,460.5353120882497
2017-04-18 00:00:00+00:00,454.43647107689713
2017-04-19 00:00:00+00:00,461.62443334374285
2017-04-20 00:00:00+00:00,456.6688753957448
2017-04-21 00:00:00+00:00,459.45874935845234
2017-04-22 00:00:00+00:00,454.2458161263356
2017-04-23 00:00:00+00:00,466.84457939141134
2017-04-24 00:00:00+00:00,469.6724140450368
2017-04-25 00:00:00+00:00,479.738525720757
2017-04-26 00:00:00+00:00,510.1710052874074
2017-04-27 00:00:00+00:00,529.2542553154835
2017-04-28 00:00:00+00:00,526.0370755486379
2017-04-29 00:00:00+00:00,557.1879648711476
2017-04-30 00:00:00+00:00,565.8143676549611
2017-05-01 00:00:00+00:00,574.6005661394582
2017-05-02 00:00:00+00:00,588.2363146715627
2017-05-03 00:00:00+00:00,639.8417335936819
2017-05-04 00:00:00+00:00,637.261688519219
2017-05-05 00:00:00+00:00,650.3481384990773
2017-05-06 00:00:00+00:00,644.8342642131887
2017-05-07 00:00:00+00:00,664.7219784771047
2017-05-08 00:00:00+00:00,670.7081942321096
2017-05-09 00:00:00+00:00,673.3037135631641
2017-05-10 00:00:00+00:00,686.8485274352345
2017-05-11 00:00:00+00:00,658.2137865789114
2017-05-12 00:00:00+00:00,680.146661191338
2017-05-13 00:00:00+00:00,680.8542207604298
2017-05-14 00:00:00+00:00,670.2426397679982
2017-05-15 00:00:00+00:00,662.2160201122365
2017-05-16 00:00:00+00:00,684.8443847045216
2017-05-17 00:00:00+00:00,712.1303293023
2017-05-18 00:00:00+00:00,811.5341222899708
2017-05-19 00:00:00+00:00,824.2916009246144
2017-05-20 00:00:00+00:00,891.3377627367481
2017-05-21 00:00:00+00:00,958.1424188231739
2017-05-22 00:00:00+00:00,1007.1131644103322
2017-05-23 00:00:00+00:00,1052.1450692699514
2017-05-24 00:00:00+00:00,985.7588118456349
2017-05-25 00:00:00+00:00,930.5947823998341
2017-05-26 00:00:00+00:00,890.4234483825
2017-05-27 00:00:00+00:00,945.4325010692677
2017-05-28 00:00:00+00:00,1025.0902853746877
2017-05-29 00:00:00+00:00,1098.0966677660451
2017-05-30 00:00:00+00:00,1117.997635081719
2017-05-31 00:00:00+00:00,1122.6761122289356
2017-06-01 00:00:00+00:00,1143.0503658165821
2017-06-02 00:00:00+00:00,1150.0386360460743
2017-06-03 00:00:00+00:00,1200.0262228575978
2017-06-04 00:00:00+00:00,1243.740423696221
2017-06-05 00:00:00+00:00,1318.890086536797
2017-06-06 00:00:00+00:00,1276.355531060723
2017-06-07 00:00:00+00:00,1300.2242860997856
2017-06-08 00:00:00+00:00,1352.5568171032032
2017-06-09 00:00:00+00:00,1513.506111788262
2017-06-10 00:00:00+00:00,1522.771482918633
2017-06-11 00:00:00+00:00,1608.4878726744923
2017-06-12 00:00:00+00:00,1610.770572293633
2017-06-13 00:00:00+00:00,1474.135116885918
2017-06-14 00:00:00+00:00,1472.4766126378713
2017-06-15 00:00:00+00:00,1503.695811068047
2017-06-16 00:00:00+00:00,1554.284381614922
2017-06-17 00:00:00+00:00,1512.8138166002736
2017-06-18 00:00:00+00:00,1517.9503215197071
2017-06-19 00:00:00+00:00,1518.4988407897267
2017-06-20 00:00:00+00:00,1458.1818604039845
2017-06-21 00:00:00+00:00,1460.3369535167774
2017-06-22 00:00:00+00:00,1481.484789608086
2017-06-23 00:00:00+00:00,1409.6959019591602
2017-06-24 00:00:00+00:00,1356.2196244078907
2017-06-25 00:00:00+00:00,1259.355758824395
2017-06-26 00:00:00+00:00,1323.9985582701954
2017-06-27 00:00:00+00:00,1412.9300549791799
2017-06-28 00:00:00+00:00,1344.993709505547
2017-06-29 00:00:00+00:00,1313.6366856505665
2017-06-30 00:00:00+00:00,1254.9116107360157
2017-07-01 00:00:00+00:00,1302.158935755547
2017-07-02 00:00:00+00:00,1301.0519044188413
2017-07-03 00:00:00+00:00,1300.943401003314
2017-07-04 00:00:00+00:00,1295.9238276927672
2017-07-05 00:00:00+00:00,1299.8075809227475
2017-07-06 00:00:00+00:00,1246.360033137103
2017-07-07 00:00:00+00:00,1267.8624122362241
2017-07-08 00:00:00+00:00,1241.940614892474
2017-07-09 00:00:00+00:00,1169.9862453563412
2017-07-10 00:00:00+00:00,1139.7573504124937
2017-07-11 00:00:00+00:00,1194.9226233446225
2017-07-12 00:00:00+00:00,1159.4400373143492
2017-07-13 00:00:00+00:00,1112.4653040965757
2017-07-14 00:00:00+00:00,1012.6777873204526
2017-07-15 00:00:00+00:00,977.9257089903745
2017-07-16 00:00:00+00:00,1104.0051623192319
2017-07-17 00:00:00+00:00,1176.164255715228
2017-07-18 00:00:00+00:00,1123.966521965228
2017-07-19 00:00:00+00:00,1310.6083442992124
2017-07-20 00:00:00+00:00,1257.6661443968687
2017-07-21 00:00:00+00:00,1310.970402224017
2017-07-22 00:00:00+00:00,1284.2072921361264
2017-07-23 00:00:00+00:00,1289.7946043236266
2017-07-24 00:00:00+00:00,1218.477729494525
2017-07-25 00:00:00+00:00,1201.9233221458921
2017-07-26 00:00:00+00:00,1243.0038803294858
2017-07-27 00:00:00+00:00,1269.55978361806
2017-07-28 00:00:00+00:00,1260.2875448900327
2017-07-29 00:00:00+00:00,1260.238462565814
2017-07-30 00:00:00+00:00,1300.6618172826109
2017-07-31 00:00:00+00:00,1281.6632201024352
2017-08-01 00:00:00+00:00,1271.7885659715757
2017-08-02 00:00:00+00:00,1304.7572018236265
2017-08-03 00:00:00+00:00,1328.2394490843687
2017-08-04 00:00:00+00:00,1468.0445621019467
2017-08-05 00:00:00+00:00,1462.6294936131771
2017-08-06 00:00:00+00:00,1518.3806862645445
2017-08-07 00:00:00+00:00,1561.282244218646
2017-08-08 00:00:00+00:00,1538.307987722064
2017-08-09 00:00:00+00:00,1549.2445707249935
2017-08-10 00:00:00+00:00,1640.8666802245054
2017-08-11 00:00:00+00:00,1709.7166755272397
2017-08-12 00:00:00+00:00,1749.4192360326108
2017-08-13 00:00:00+00:00,1823.6841061913021
2017-08-14 00:00:00+00:00,1771.1482816844664
2017-08-15 00:00:00+00:00,1840.8521843700132
2017-08-16 00:00:00+00:00,1827.095873671771
2017-08-17 00:00:00+00:00,1771.5840310301694
2017-08-18 00:00:00+00:00,1783.1611592723568
2017-08-19 00:00:00+00:00,1757.336401183978
2017-08-20 00:00:00+00:00,1755.5787507591733
2017-08-21 00:00:00+00:00,1776.109666406146
2017-08-22 00:00:00+00:00,1793.7724199413021
2017-08-23 00:00:00+00:00,1855.2539455565366
2017-08-24 00:00:00+00:00,1872.9291346483335
2017-08-25 00:00:00+00:00,1869.6665370116148
2017-08-26 00:00:00+00:00,1894.2136352733335
2017-08-27 00:00:00+00:00,1893.9858188182554
2017-08-28 00:00:00+00:00,1976.0004712352475
2017-08-29 00:00:00+00:00,1980.9176537205992
2017-08-30 00:00:00+00:00,2025.525444819232
2017-08-31 00:00:00+00:00,2084.7314867821224
2017-09-01 00:00:00+00:00,1951.418594301654
2017-09-02 00:00:00+00:00,1950.9201862596617
2017-09-03 00:00:00+00:00,1792.7372732127867
2017-09-04 00:00:00+00:00,1852.942611249896
2017-09-05 00:00:00+00:00,1940.105933720599
2017-09-06 00:00:00+00:00,1935.3442134129818
2017-09-07 00:00:00+00:00,1792.0760698729428
2017-09-08 00:00:00+00:00,1788.942664247943
2017-09-09 00:00:00+00:00,1753.0823618309507
2017-09-10 00:00:00+00:00,1770.5737831932554
2017-09-11 00:00:00+00:00,1758.402364584857
2017-09-12 00:00:00+00:00,1671.2549831468687
2017-09-13 00:00:00+00:00,1391.9005712157164
2017-09-14 00:00:00+00:00,1571.108218972064
2017-09-15 00:00:00+00:00,1563.086275834857
2017-09-16 00:00:00+00:00,1556.948443598529
2017-09-17 00:00:00+00:00,1741.9537144212827
2017-09-18 00:00:00+00:00,1689.7984081322202
2017-09-19 00:00:00+00:00,1685.4241544017514
2017-09-20 00:00:00+00:00,1578.4310002684506
2017-09-21 00:00:00+00:00,1584.8110313744078
2017-09-22 00:00:00+00:00,1655.7218435545835
2017-09-23 00:00:00+00:00,1620.2517965306577
2017-09-24 00:00:00+00:00,1700.8832073460874
2017-09-25 00:00:00+00:00,1685.716208442279
2017-09-26 00:00:00+00:00,1795.3228385301695
2017-09-27 00:00:00+00:00,1779.6455210252866
2017-09-28 00:00:00+00:00,1767.623362626849
2017-09-29 00:00:00+00:00,1829.1107420848568
2017-09-30 00:00:00+00:00,1848.2527752210106
2017-10-01 00:00:00+00:00,1842.1715907587302
2017-10-02 00:00:00+00:00,1813.2742439871847
2017-10-03 00:00:00+00:00,1793.137582984072
2017-10-04 00:00:00+00:00,1820.9659045874655
2017-10-05 00:00:00+00:00,1850.0990954520285
2017-10-06 00:00:00+00:00,1866.949084770571
2017-10-07 00:00:00+00:00,1905.701680572573
2017-10-08 00:00:00+00:00,1926.1449746454489
2017-10-09 00:00:00+00:00,1932.215517847048
2017-10-10 00:00:00+00:00,1947.9707771518576
2017-10-11 00:00:00+00:00,2092.8613689005147
2017-10-12 00:00:00+00:00,2191.8197517963276
2017-10-13 00:00:00+00:00,2235.939514194094
2017-10-14 00:00:00+00:00,2195.7236694245016
2017-10-15 00:00:00+00:00,2201.843681652895
2017-10-16 00:00:00+00:00,2149.273022275454
2017-10-17 00:00:00+00:00,2141.645692343203
2017-10-18 00:00:00+00:00,2159.5154790946067
2017-10-19 00:00:00+00:00,2223.564116142031
2017-10-20 00:00:00+00:00,2222.4434234781515
2017-10-21 00:00:00+00:00,2209.8772543433247
2017-10-22 00:00:00+00:00,2178.8810237668476
2017-10-23 00:00:00+00:00,2102.538519853884
2017-10-24 00:00:00+00:00,2153.903108555666
2017-10-25 00:00:00+00:00,2187.49758249457
2017-10-26 00:00:00+00:00,2160.1209843109764
2017-10-27 00:00:00+00:00,2151.9662097748433
2017-10-28 00:00:00+00:00,2258.2236143094506
2017-10-29 00:00:00+00:00,2258.2236143094506
2017-10-30 00:00:00+00:00,2256.855696482607
2017-10-31 00:00:00+00:00,2332.3580832825337
2017-11-01 00:00:00+00:00,2380.1498676654683
2017-11-02 00:00:00+00:00,2445.836091909853
2017-11-03 00:00:00+00:00,2503.538625092531
2017-11-04 00:00:00+00:00,2535.5130856583273
2017-11-05 00:00:00+00:00,2535.500365329348
2017-11-06 00:00:00+00:00,2450.2992745722067
2017-11-07 00:00:00+00:00,2472.0785025021996
2017-11-08 00:00:00+00:00,2567.0487874326195
2017-11-09 00:00:00+00:00,2511.6724522974264
2017-11-10 00:00:00+00:00,2357.0276925876487
2017-11-11 00:00:00+00:00,2320.018249232241
2017-11-12 00:00:00+00:00,2215.2505641266503
2017-11-13 00:00:00+00:00,2369.9173105380883
2017-11-14 00:00:00+00:00,2419.3245931049214
2017-11-15 00:00:00+00:00,2570.4644662692895
2017-11-16 00:00:00+00:00,2695.7284732578146
2017-11-17 00:00:00+00:00,2660.233063540102
2017-11-18 00:00:00+00:00,2702.1349594248068
2017-11-19 00:00:00+00:00,2769.5290141153587
2017-11-20 00:00:00+00:00,2826.3143725568257
2017-11-21 00:00:00+00:00,2786.7149002957785
2017-11-22 00:00:00+00:00,2859.700231742617
2017-11-23 00:00:00+00:00,2854.6675190479145
2017-11-24 00:00:00+00:00,3002.7096066849385
2017-11-25 00:00:00+00:00,3114.178994475466
2017-11-26 00:00:00+00:00,3246.9691134540426
2017-11-27 00:00:00+00:00,3373.764862449404
2017-11-28 00:00:00+00:00,3418.2129617426167
2017-11-29 00:00:00+00:00,3309.9180004294453
2017-11-30 00:00:00+00:00,3419.627273172976
2017-12-01 00:00:00+00:00,3621.1411334961567
2017-12-02 00:00:00+00:00,3639.407674961611
2017-12-03 00:00:00+00:00,3700.697187631899
2017-12-04 00:00:00+00:00,3784.741601979433
2017-12-05 00:00:00+00:00,3834.4107081339134
2017-12-06 00:00:00+00:00,4332.431472165896
2017-12-07 00:00:00+00:00,5177.892656836611
2017-12-08 00:00:00+00:00,4902.235139921023
2017-12-09 00:00:00+00:00,4606.158449574953
2017-12-10 00:00:00+00:00,4622.22584012427
2017-12-11 00:00:00+00:00,5077.077658119265
2017-12-12 00:00:00+00:00,5394.789686953493
2017-12-13 00:00:00+00:00,5239.118960608889
2017-12-14 00:00:00+00:00,5264.700787861086
2017-12-15 00:00:00+00:00,5512.461579520632
2017-12-16 00:00:00+00:00,5945.464466632448
2017-12-17 00:00:00+00:00,5898.829158974978
2017-12-18 00:00:00+00:00,6005.92431083655
2017-12-19 00:00:00+00:00,5744.607352547976
2017-12-20 00:00:00+00:00,5465.734148412844
2017-12-21 00:00:00+00:00,5278.205547457644
2017-12-22 00:00:00+00:00,4599.398429602419
2017-12-23 00:00:00+00:00,4868.063396637942
2017-12-24 00:00:00+00:00,4650.451250175539
2017-12-25 00:00:00+00:00,4782.560570734011
2017-12-26 00:00:00+00:00,5275.4113551999535
2017-12-27 00:00:00+00:00,5198.147492442385
2017-12-28 00:00:00+00:00,4873.320148212649
2017-12-29 00:00:00+00:00,4909.003299739408
2017-12-30 00:00:00+00:00,4536.239115911283
2017-12-31 00:00:00+00:00,4822.477221692534
2018-01-01 00:00:00+00:00,4757.165587263823
2018-01-02 00:00:00+00:00,5185.112674343901
2018-01-03 00:00:00+00:00,5354.676445681791
2018-01-04 00:00:00+00:00,5457.838841189604
2018-01-05 00:00:00+00:00,5821.484880681791
2018-01-06 00:00:00+00:00,5912.044881297025
2018-01-07 00:00:00+00:00,5903.766829070463
2018-01-08 00:00:00+00:00,5656.15737425601
2018-01-09 00:00:00+00:00,5800.650434451322
2018-01-10 00:00:00+00:00,5797.397166482572
2018-01-11 00:00:00+00:00,5342.970213455229
2018-01-12 00:00:00+00:00,5643.9565969122605
2018-01-13 00:00:00+00:00,5917.304842595854
2018-01-14 00:00:00+00:00,5760.351548396635
2018-01-15 00:00:00+00:00,5645.39328691226
2018-01-16 00:00:00+00:00,4824.139591052885
2018-01-17 00:00:00+00:00,4703.542049627104
2018-01-18 00:00:00+00:00,4792.497625623198
2018-01-19 00:00:00+00:00,4821.47418463687
2018-01-20 00:00:00+00:00,5250.367739509917
2018-01-21 00:00:00+00:00,4837.458245183744
2018-01-22 00:00:00+00:00,4638.17652753726
2018-01-23 00:00:00+00:00,4598.462463611479
2018-01-24 00:00:00+00:00,4808.495620623197
2018-01-25 00:00:00+00:00,4785.598760623197
2018-01-26 00:00:00+00:00,4768.028290437651
2018-01-27 00:00:00+00:00,4903.240112166166
2018-01-28 00:00:00+00:00,5196.334579011869
2018-01-29 00:00:00+00:00,5001.217101179838
2018-01-30 00:00:00+00:00,4598.954135740385
2018-01-31 00:00:00+00:00,4698.0115638849165
2018-02-01 00:00:00+00:00,4370.467524050932
2018-02-02 00:00:00+00:00,4108.086439817534
2018-02-03 00:00:00+00:00,4250.976015979643
2018-02-04 00:00:00+00:00,3872.4031219806193
2018-02-05 00:00:00+00:00,3403.8288190704634
2018-02-06 00:00:00+00:00,3707.725261526518
2018-02-07 00:00:00+00:00,3623.7747178888226
2018-02-08 00:00:00+00:00,3842.4124021173384
2018-02-09 00:00:00+00:00,4038.113784588041
2018-02-10 00:00:00+00:00,3978.2316312726116
2018-02-11 00:00:00+00:00,3812.32267144351
2018-02-12 00:00:00+00:00,4047.8486034015177
2018-02-13 00:00:00+00:00,3948.8473816144083
2018-02-14 00:00:00+00:00,4242.769077766752
2018-02-15 00:00:00+00:00,4388.221279827299
2018-02-16 00:00:00+00:00,4412.566310715971
2018-02-17 00:00:00+00:00,4623.268971609526
2018-02-18 00:00:00+00:00,4437.365501209135
2018-02-19 00:00:00+00:00,4593.927665925932
2018-02-20 00:00:00+00:00,4546.503369177885
2018-02-21 00:00:00+00:00,4340.557766555815
2018-02-22 00:00:00+00:00,4153.409115681791
2018-02-23 00:00:00+00:00,4292.620131965971
2018-02-24 00:00:00+00:00,4163.927788172025
2018-02-25 00:00:00+00:00,4143.805721995268
2018-02-26 00:00:00+00:00,4313.131939788236
2018-02-27 00:00:00+00:00,4393.788299441557
2018-02-28 00:00:00+00:00,4295.523128982572
2018-03-01 00:00:00+00:00,4425.125833489408
2018-03-02 00:00:00+00:00,4424.603979314604
2018-03-03 00:00:00+00:00,4499.228371795072
2018-03-04 00:00:00+00:00,4519.056835232573
2018-03-05 00:00:00+00:00,4508.716396536283
2018-03-06 00:00:00+00:00,4302.398498469877
2018-03-07 00:00:00+00:00,4046.967869104643
2018-03-08 00:00:00+00:00,3862.5299429620645
2018-03-09 00:00:00+00:00,3892.1874104376507
2018-03-10 00:00:00+00:00,3736.182645125151
2018-03-11 00:00:00+00:00,3927.2089679083538
2018-03-12 00:00:00+00:00,3819.806533762846
2018-03-13 00:00:00+00:00,3803.0378747931195
2018-03-14 00:00:00+00:00,3506.7666900274944
2018-03-15 00:00:00+00:00,3507.52718922183
2018-03-16 00:00:00+00:00,3498.4748425958537
2018-03-17 00:00:00+00:00,3340.318727044096
2018-03-18 00:00:00+00:00,3373.2538226593306
2018-03-19 00:00:00+00:00,3477.827337327299
2018-03-20 00:00:00+00:00,3530.469686653471
2018-03-21 00:00:00+00:00,3540.9039946905805
2018-03-22 00:00:00+00:00,3467.6368324981977
2018-03-23 00:00:00+00:00,3495.237225447416
2018-03-24 00:00:00+00:00,3434.6378053546428
2018-03-25 00:00:00+00:00,3344.7981391266158
2018-03-26 00:00:00+00:00,3155.2272410797405
2018-03-27 00:00:00+00:00,3171.1699609649945
2018-03-28 00:00:00+00:00,2926.724479483061
2018-03-29 00:00:00+00:00,2890.1145407645945
2018-03-30 00:00:00+00:00,2912.196055032173
2018-03-31 00:00:00+00:00,2851.2088833347852
2018-04-01 00:00:00+00:00,2917.9483225901563
2018-04-02 00:00:00+00:00,3059.3385519749218
2018-04-03 00:00:00+00:00,2855.1419309171824
2018-04-04 00:00:00+00:00,2850.7219696824413
2018-04-05 00:00:00+00:00,2786.8343266605907
2018-04-06 00:00:00+00:00,2877.0463757121042
2018-04-07 00:00:00+00:00,2931.104832360664
2018-04-08 00:00:00+00:00,2870.563338668037
2018-04-09 00:00:00+00:00,2914.741086108833
2018-04-10 00:00:00+00:00,2975.6368994169384
2018-04-11 00:00:00+00:00,3300.79902235395
2018-04-12 00:00:00+00:00,3301.9157208604197
2018-04-13 00:00:00+00:00,3338.7695055351023
2018-04-14 00:00:00+00:00,3473.0841127598337
2018-04-15 00:00:00+00:00,3373.3689215714794
2018-04-16 00:00:00+00:00,3322.5511441093213
2018-04-17 00:00:00+00:00,3422.7600502317578
2018-04-18 00:00:00+00:00,3533.8664156785353
2018-04-19 00:00:00+00:00,3748.4239794761424
2018-04-20 00:00:00+00:00,3740.0300145786814
2018-04-21 00:00:00+00:00,3750.32507836042
2018-04-22 00:00:00+00:00,3818.3902647959667
2018-04-23 00:00:00+00:00,4114.973106655098
2018-04-24 00:00:00+00:00,3747.831292772041
2018-04-25 00:00:00+00:00,3935.561122858711
2018-04-26 00:00:00+00:00,3839.508049808174
2018-04-27 00:00:00+00:00,3990.1660346714552
2018-04-28 00:00:00+00:00,4015.8881575791697
2018-04-29 00:00:00+00:00,3939.848173820625
2018-04-30 00:00:00+00:00,3919.5398055003125
2018-05-01 00:00:00+00:00,3971.4615494627146
2018-05-02 00:00:00+00:00,4260.7115954392775
2018-05-03 00:00:00+00:00,4262.557650486885
2018-05-04 00:00:00+00:00,4355.7235200938185
2018-05-05 00:00:00+00:00,4264.910116872383
2018-05-06 00:00:00+00:00,4128.464142974678
2018-05-07 00:00:00+00:00,4095.777214618965
2018-05-08 00:00:00+00:00,4114.971400088935
2018-05-09 00:00:00+00:00,4004.4078281455763
2018-05-10 00:00:00+00:00,3778.671651874824
2018-05-11 00:00:00+00:00,3805.1630284483103
2018-05-12 00:00:00+00:00,3944.3155753379588
2018-05-13 00:00:00+00:00,3937.1228301682813
2018-05-14 00:00:00+00:00,3849.6618571934277
2018-05-15 00:00:00+00:00,3814.413485412422
2018-05-16 00:00:00+00:00,3687.5514267954786
2018-05-17 00:00:00+00:00,3763.8953830125197
2018-05-18 00:00:00+00:00,3767.144472845283
2018-05-19 00:00:00+00:00,3862.624919078193
2018-05-20 00:00:00+00:00,3810.841416157051
2018-05-21 00:00:00+00:00,3628.5161827049023
2018-05-22 00:00:00+00:00,3398.1837163718947
2018-05-23 00:00:00+00:00,3439.2596349619826
2018-05-24 00:00:00+00:00,3386.704062476631
2018-05-25 00:00:00+00:00,3359.82657271833
2018-05-26 00:00:00+00:00,3334.8986140281445
2018-05-27 00:00:00+00:00,3175.375475015693
2018-05-28 00:00:00+00:00,3344.5424122312693
2018-05-29 00:00:00+00:00,3318.709929001289
2018-05-30 00:00:00+00:00,3372.625576180244
2018-05-31 00:00:00+00:00,3387.7920520408397
2018-06-01 00:00:00+00:00,3433.007134605537
2018-06-02 00:00:00+00:00,3500.534527027412
2018-06-03 00:00:00+00:00,3406.265604195381
2018-06-04 00:00:00+00:00,3463.995635628486
2018-06-05 00:00:00+00:00,3464.4070573472363
2018-06-06 00:00:00+00:00,3466.1846450669627
2018-06-07 00:00:00+00:00,3446.4160040391307
2018-06-08 00:00:00+00:00,3418.875491732002
2018-06-09 00:00:00+00:00,3116.558447796455
2018-06-10 00:00:00+00:00,3156.61641747541
2018-06-11 00:00:00+00:00,3014.629269763618
2018-06-12 00:00:00+00:00,2925.731891289497
2018-06-13 00:00:00+00:00,3078.9273332713087
2018-06-14 00:00:00+00:00,2975.3063846879345
2018-06-15 00:00:00+00:00,3012.702335162788
2018-06-16 00:00:00+00:00,3002.798817488838
2018-06-17 00:00:00+00:00,3090.6727522569045
2018-06-18 00:00:00+00:00,3134.7051605784372
2018-06-19 00:00:00+00:00,3132.9881635130077
2018-06-20 00:00:00+00:00,3105.5997021824414
2018-06-21 00:00:00+00:00,2843.797055161567
2018-06-22 00:00:00+00:00,2877.9939442899854
2018-06-23 00:00:00+00:00,2848.469978462959
2018-06-24 00:00:00+00:00,2870.5315283616405
2018-06-25 00:00:00+00:00,2783.3954840714796
2018-06-26 00:00:00+00:00,2815.8359206675486
2018-06-27 00:00:00+00:00,2720.59072442381
2018-06-28 00:00:00+00:00,2821.49996148924
2018-06-29 00:00:00+00:00,2898.7170782470525
2018-06-30 00:00:00+00:00,2892.1359328027165
2018-07-01 00:00:00+00:00,2983.6766425488104
2018-07-02 00:00:00+00:00,2944.6528253564275
2018-07-03 00:00:00+00:00,2966.7165890771307
2018-07-04 00:00:00+00:00,2988.466903808576
2018-07-05 00:00:00+00:00,2996.472905932599
2018-07-06 00:00:00+00:00,3070.6954356445135
2018-07-07 00:00:00+00:00,3045.762124829084
2018-07-08 00:00:00+00:00,3017.8887810009587
2018-07-09 00:00:00+00:00,2847.061092241193
2018-07-10 00:00:00+00:00,2882.5960146044745
2018-07-11 00:00:00+00:00,2814.6988879394353
2018-07-12 00:00:00+00:00,2823.3136120165836
2018-07-13 00:00:00+00:00,2836.166032807599
2018-07-14 00:00:00+00:00,2879.077314404279
2018-07-15 00:00:00+00:00,3024.216000776349
2018-07-16 00:00:00+00:00,3202.299491381818
2018-07-17 00:00:00+00:00,3182.205132919904
2018-07-18 00:00:00+00:00,3189.0358593163883
2018-07-19 00:00:00+00:00,3130.570780698224
2018-07-20 00:00:00+00:00,3165.639908969709
2018-07-21 00:00:00+00:00,3161.016357866193
2018-07-22 00:00:00+00:00,3220.6086140429506
2018-07-23 00:00:00+00:00,3445.375235043927
2018-07-24 00:00:00+00:00,3373.3352649316225
2018-07-25 00:00:00+00:00,3302.07456227049
2018-07-26 00:00:00+00:00,3364.7162935107244
2018-07-27 00:00:00+00:00,3367.1381304540837
2018-07-28 00:00:00+00:00,3373.3849870751774
2018-07-29 00:00:00+00:00,3348.5802646484194
2018-07-30 00:00:00+00:00,3211.0163796777165
2018-07-31 00:00:00+00:00,3151.0173373876773
2018-08-01 00:00:00+00:00,3123.5574980956853
2018-08-02 00:00:00+00:00,3099.1412820214664
2018-08-03 00:00:00+00:00,2980.621075419904
2018-08-04 00:00:00+00:00,2994.7772223632633
2018-08-05 00:00:00+00:00,2959.289188149396
2018-08-06 00:00:00+00:00,2867.2349647509586
2018-08-07 00:00:00+00:00,2717.16122414549
2018-08-08 00:00:00+00:00,2797.4527519726385
2018-08-09 00:00:00+00:00,2650.9981327783025
2018-08-10 00:00:00+00:00,2659.7248386327947
2018-08-11 00:00:00+00:00,2662.460852919904
2018-08-12 00:00:00+00:00,2603.5081384179507
2018-08-13 00:00:00+00:00,2566.858009975568
2018-08-14 00:00:00+00:00,2599.6885624120914
2018-08-15 00:00:00+00:00,2615.3232237206853
2018-08-16 00:00:00+00:00,2721.2280671825993
2018-08-17 00:00:00+00:00,2650.0754219189275
2018-08-18 00:00:00+00:00,2678.7706859277164
2018-08-19 00:00:00+00:00,2586.882144248029
2018-08-20 00:00:00+00:00,2644.355873178693
2018-08-21 00:00:00+00:00,2599.2988007763493
2018-08-22 00:00:00+00:00,2648.2542896825994
2018-08-23 00:00:00+00:00,2704.1376359033025
2018-08-24 00:00:00+00:00,2709.726343408185
2018-08-25 00:00:00+00:00,2688.5782574950995
2018-08-26 00:00:00+00:00,2749.7544437206852
2018-08-27 00:00:00+00:00,2820.32761683592
2018-08-28 00:00:00+00:00,2796.535482172834
2018-08-29 00:00:00+00:00,2770.911262373029
2018-08-30 00:00:00+00:00,2784.0874840966617
2018-08-31 00:00:00+00:00,2842.87575680174
2018-09-01 00:00:00+00:00,2861.3212787988105
2018-09-02 00:00:00+00:00,2850.001838154279
2018-09-03 00:00:00+00:00,2869.930244663068
2018-09-04 00:00:00+00:00,2641.886524711896
2018-09-05 00:00:00+00:00,2572.2007721240057
2018-09-06 00:00:00+00:00,2535.873968730451
2018-09-07 00:00:00+00:00,2444.595779360334
2018-09-08 00:00:00+00:00,2461.795976743146
2018-09-09 00:00:00+00:00,2469.296844316388
2018-09-10 00:00:00+00:00,2448.041830859357
2018-09-11 00:00:00+00:00,2452.977540034162
2018-09-12 00:00:00+00:00,2539.203031796857
2018-09-13 00:00:00+00:00,2538.6745389501775
2018-09-14 00:00:00+00:00,2564.3659190283024
2018-09-15 00:00:00+00:00,2553.8665729443182
2018-09-16 00:00:00+00:00,2458.3643702294744
2018-09-17 00:00:00+00:00,2500.2825906884586
2018-09-18 00:00:00+00:00,2507.124759643537
2018-09-19 00:00:00+00:00,2560.8614397509587
2018-09-20 00:00:00+00:00,2650.009661386701
2018-09-21 00:00:00+00:00,2637.0335955908026
2018-09-22 00:00:00+00:00,2640.3054512402164
2018-09-23 00:00:00+00:00,2586.49900770506
2018-09-24 00:00:00+00:00,2532.764502812482
2018-09-25 00:00:00+00:00,2540.126800482556
2018-09-26 00:00:00+00:00,2616.0518406897704
2018-09-27 00:00:00+00:00,2591.3490225839964
2018-09-28 00:00:00+00:00,2608.991771809155
2018-09-29 00:00:00+00:00,2617.6068574915284
2018-09-30 00:00:00+00:00,2603.8127444475526
2018-10-01 00:00:00+00:00,2586.174535744855
2018-10-02 00:00:00+00:00,2555.218687624585
2018-10-03 00:00:00+00:00,2576.2420781177493
2018-10-04 00:00:00+00:00,2601.736311714551
2018-10-05 00:00:00+00:00,2587.162667231366
2018-10-06 00:00:00+00:00,2593.2213566468017
2018-10-07 00:00:00+00:00,2612.958317697675
2018-10-08 00:00:00+00:00,2607.1969851592225
2018-10-09 00:00:00+00:00,2588.4425478250855
2018-10-10 00:00:00+00:00,2412.1787694203917
2018-10-11 00:00:00+00:00,2437.0875599149294
2018-10-12 00:00:00+00:00,2448.577132701947
2018-10-13 00:00:00+00:00,2437.688186942975
2018-10-14 00:00:00+00:00,2544.2682176694457
2018-10-15 00:00:00+00:00,2545.3807550243346
2018-10-16 00:00:00+00:00,2525.4120574170656
2018-10-17 00:00:00+00:00,2499.9659513407105
2018-10-18 00:00:00+00:00,2498.610749797742
2018-10-19 00:00:00+00:00,2508.684530132367
2018-10-20 00:00:00+00:00,2506.371881129987
2018-10-21 00:00:00+00:00,2504.229540798871
2018-10-22 00:00:00+00:00,2502.6078394023866
2018-10-23 00:00:00+00:00,2505.5488340164916
2018-10-24 00:00:00+00:00,2498.040848350751
2018-10-25 00:00:00+00:00,2499.4757239780397
2018-10-26 00:00:00+00:00,2503.245364550244
2018-10-27 00:00:00+00:00,2507.8940446614806
2018-10-28 00:00:00+00:00,2507.8940446614806
2018-10-29 00:00:00+00:00,2451.138962471387
2018-10-30 00:00:00+00:00,2452.3888421120423
2018-10-31 00:00:00+00:00,2448.281453252942
2018-11-01 00:00:00+00:00,2465.604830117871
2018-11-02 00:00:00+00:00,2473.0173655884523
2018-11-03 00:00:00+00:00,2465.8426332924623
2018-11-04 00:00:00+00:00,2490.2101892427795
2018-11-05 00:00:00+00:00,2504.268130319135
2018-11-06 00:00:00+00:00,2540.330345603253
2018-11-07 00:00:00+00:00,2551.59208066261
2018-11-08 00:00:00+00:00,2520.727693412549
2018-11-09 00:00:00+00:00,2499.7606497200745
2018-11-10 00:00:00+00:00,2511.986393732373
2018-11-11 00:00:00+00:00,2508.97222092735
2018-11-12 00:00:00+00:00,2497.656430157086
2018-11-13 00:00:00+00:00,2484.701827020642
2018-11-14 00:00:00+00:00,2276.7845219295473
2018-11-15 00:00:00+00:00,2255.553674963605
2018-11-16 00:00:00+00:00,2223.5788724816102
2018-11-17 00:00:00+00:00,2215.5854563484927
2018-11-18 00:00:00+00:00,2239.4264590613525
2018-11-19 00:00:00+00:00,1996.08222686073
2018-11-20 00:00:00+00:00,1850.8187979013794
2018-11-21 00:00:00+00:00,1901.7345787393922
2018-11-22 00:00:00+00:00,1821.7214611509676
2018-11-23 00:00:00+00:00,1807.7706703559845
2018-11-24 00:00:00+00:00,1678.5879538001222
2018-11-25 00:00:00+00:00,1715.0761934442871
2018-11-26 00:00:00+00:00,1641.6757661915558
2018-11-27 00:00:00+00:00,1655.5172582781952
2018-11-28 00:00:00+00:00,1785.9023530344361
2018-11-29 00:00:00+00:00,1776.3467681671875
2018-11-30 00:00:00+00:00,1707.152672905423
2018-12-01 00:00:00+00:00,1765.6456624809998
2018-12-02 00:00:00+00:00,1742.9722570044678
2018-12-03 00:00:00+00:00,1668.2372526406068
2018-12-04 00:00:00+00:00,1685.536117362439
2018-12-05 00:00:00+00:00,1619.2644189467592
2018-12-06 00:00:00+00:00,1537.8874265232819
2018-12-07 00:00:00+00:00,1520.4696134587068
2018-12-08 00:00:00+00:00,1529.320746944806
2018-12-09 00:00:00+00:00,1567.8109503334779
2018-12-10 00:00:00+00:00,1533.6827888074463
2018-12-11 00:00:00+00:00,1508.8712568548553
2018-12-12 00:00:00+00:00,1527.1233074757356
2018-12-13 00:00:00+00:00,1477.9312620707674
2018-12-14 00:00:00+00:00,1456.081477061612
2018-12-15 00:00:00+00:00,1455.228711336438
2018-12-16 00:00:00+00:00,1461.0829919565554
2018-12-17 00:00:00+00:00,1553.0124182521026
2018-12-18 00:00:00+00:00,1602.7944678121155
2018-12-19 00:00:00+00:00,1614.0284529995697
2018-12-20 00:00:00+00:00,1741.298917584607
2018-12-21 00:00:00+00:00,1670.4139452500124
2018-12-22 00:00:00+00:00,1716.8834295100373
2018-12-23 00:00:00+00:00,1754.1845045336122
2018-12-24 00:00:00+00:00,1798.6406484792865
2018-12-25 00:00:00+00:00,1700.3061015762103
2018-12-26 00:00:00+00:00,1717.1711770632708
2018-12-27 00:00:00+00:00,1617.047861996132
2018-12-28 00:00:00+00:00,1752.6331051992572
2018-12-29 00:00:00+00:00,1728.905577527138
2018-12-30 00:00:00+00:00,1746.068004327675
2018-12-31 00:00:00+00:00,1694.5628372646868
2019-01-01 00:00:00+00:00,1743.875312901894
2019-01-02 00:00:00+00:00,1815.6917000942767
2019-01-03 00:00:00+00:00,1770.1277106789935
2019-01-04 00:00:00+00:00,1793.455717219521
2019-01-05 00:00:00+00:00,1793.9781161953508
2019-01-06 00:00:00+00:00,1856.8830779189836
2019-01-07 00:00:00+00:00,1824.2064652053607
2019-01-08 00:00:00+00:00,1821.0648897183
2019-01-09 00:00:00+00:00,1823.6254263833391
2019-01-10 00:00:00+00:00,1663.2694701321184
2019-01-11 00:00:00+00:00,1661.6944871182025
2019-01-12 00:00:00+00:00,1650.1013437777483
2019-01-13 00:00:00+00:00,1593.5477257064592
2019-01-14 00:00:00+00:00,1671.301795093056
2019-01-15 00:00:00+00:00,1629.519822876259
2019-01-16 00:00:00+00:00,1640.4686736428607
2019-01-17 00:00:00+00:00,1646.8055725814593
2019-01-18 00:00:00+00:00,1632.6444433846818
2019-01-19 00:00:00+00:00,1661.4757762240374
2019-01-20 00:00:00+00:00,1613.785335032631
2019-01-21 00:00:00+00:00,1599.9879661343157
2019-01-22 00:00:00+00:00,1612.2059961276018
2019-01-23 00:00:00+00:00,1603.1696692312396
2019-01-24 00:00:00+00:00,1606.6667904861224
2019-01-25 00:00:00+00:00,1603.099657074257
2019-01-26 00:00:00+00:00,1604.1199888113176
2019-01-27 00:00:00+00:00,1589.3170689809954
2019-01-28 00:00:00+00:00,1539.0739617587053
2019-01-29 00:00:00+00:00,1530.359735962807
2019-01-30 00:00:00+00:00,1550.6416458212054
2019-01-31 00:00:00+00:00,1537.5998749398577
2019-02-01 00:00:00+00:00,1546.7149030947648
2019-02-02 00:00:00+00:00,1564.1633063839495
2019-02-03 00:00:00+00:00,1540.548317480141
2019-02-04 00:00:00+00:00,1540.4790830917132
2019-02-05 00:00:00+00:00,1540.9490009652484
2019-02-06 00:00:00+00:00,1519.795771287514
2019-02-07 00:00:00+00:00,1515.0589129757464
2019-02-08 00:00:00+00:00,1628.9576896572648
2019-02-09 00:00:00+00:00,1630.571981780678
2019-02-10 00:00:00+00:00,1653.1802623318256
2019-02-11 00:00:00+00:00,1631.340804062172
2019-02-12 00:00:00+00:00,1636.8429605782856
2019-02-13 00:00:00+00:00,1631.6033401577533
2019-02-14 00:00:00+00:00,1624.0370067001115
2019-02-15 00:00:00+00:00,1627.3668658144916
2019-02-16 00:00:00+00:00,1633.422302775551
2019-02-17 00:00:00+00:00,1678.7220254202043
2019-02-18 00:00:00+00:00,1778.9968649258196
2019-02-19 00:00:00+00:00,1784.0450054287494
2019-02-20 00:00:00+00:00,1810.878521466347
2019-02-21 00:00:00+00:00,1788.371064134804
2019-02-22 00:00:00+00:00,1810.7061546133195
2019-02-23 00:00:00+00:00,1876.2994980337298
2019-02-24 00:00:00+00:00,1719.234515459267
2019-02-25 00:00:00+00:00,1749.9848648086322
2019-02-26 00:00:00+00:00,1737.3354002651752
2019-02-27 00:00:00+00:00,1729.9510273476947
2019-02-28 00:00:00+00:00,1732.9331036941303
2019-03-01 00:00:00+00:00,1733.0758351577533
2019-03-02 00:00:00+00:00,1726.740379598671
2019-03-03 00:00:00+00:00,1716.0162909841692
2019-03-04 00:00:00+00:00,1680.3512241616595
2019-03-05 00:00:00+00:00,1746.5760442434466
2019-03-06 00:00:00+00:00,1751.6447001699603
2019-03-07 00:00:00+00:00,1750.9326892593158
2019-03-08 00:00:00+00:00,1738.6844039553607
2019-03-09 00:00:00+00:00,1763.2050695608293
2019-03-10 00:00:00+00:00,1756.3322647280656
2019-03-11 00:00:00+00:00,1735.3360739883196
2019-03-12 00:00:00+00:00,1738.325882555214
2019-03-13 00:00:00+00:00,1733.7807541372454
2019-03-14 00:00:00+00:00,1739.5436227627338
2019-03-15 00:00:00+00:00,1761.7080411196673
2019-03-16 00:00:00+00:00,1798.6779422744523
2019-03-17 00:00:00+00:00,1784.9682182912982
2019-03-18 00:00:00+00:00,1784.6249631179583
2019-03-19 00:00:00+00:00,1797.7961864968645
2019-03-20 00:00:00+00:00,1802.285980162636
2019-03-21 00:00:00+00:00,1774.6734660024797
2019-03-22 00:00:00+00:00,1775.2096686807024
2019-03-23 00:00:00+00:00,1781.6201887698137
2019-03-24 00:00:00+00:00,1774.0940043227624
2019-03-25 00:00:00+00:00,1753.4438069149255
2019-03-26 00:00:00+00:00,1760.1709902312707
2019-03-27 00:00:00+00:00,1802.7424796581506
2019-03-28 00:00:00+00:00,1793.3182776568078
2019-03-29 00:00:00+00:00,1810.3508461123133
2019-03-30 00:00:00+00:00,1811.0584555608607
2019-03-31 00:00:00+00:00,1815.8058791631556
2019-04-01 00:00:00+00:00,2069.2496866671227
2019-04-02 00:00:00+00:00,2083.7996903014614
2019-04-03 00:00:00+00:00,2060.631094502206
2019-04-04 00:00:00+00:00,2112.3240001217127
2019-04-05 00:00:00+00:00,2119.3342936632775
2019-04-06 00:00:00+00:00,2180.7603281633997
2019-04-07 00:00:00+00:00,2221.2764686980677
2019-04-08 00:00:00+00:00,2187.332179132943
2019-04-09 00:00:00+00:00,2220.3083877462245
2019-04-10 00:00:00+00:00,2119.017751415658
2019-04-11 00:00:00+00:00,2122.6490005224086
2019-04-12 00:00:00+00:00,2123.6416034353115
2019-04-13 00:00:00+00:00,2151.6262647469566
2019-04-14 00:00:00+00:00,2107.014658940072
2019-04-15 00:00:00+00:00,2167.403547943673
2019-04-16 00:00:00+00:00,2169.2126905636073
2019-04-17 00:00:00+00:00,2202.6030464928676
2019-04-18 00:00:00+00:00,2203.580397510934
2019-04-19 00:00:00+00:00,2211.991160512948
2019-04-20 00:00:00+00:00,2194.384198785043
2019-04-21 00:00:00+00:00,2220.8712732024624
2019-04-22 00:00:00+00:00,2261.4977640725183
2019-04-23 00:00:00+00:00,2217.2860063894127
2019-04-24 00:00:00+00:00,2118.9088315310146
2019-04-25 00:00:00+00:00,2141.7027954909754
2019-04-26 00:00:00+00:00,2145.745229509225
2019-04-27 00:00:00+00:00,2146.163177758126
2019-04-28 00:00:00+00:00,2130.2451065923547
2019-04-29 00:00:00+00:00,2177.7812673421718
2019-04-30 00:00:00+00:00,2186.057014542489
2019-05-01 00:00:00+00:00,2215.166863272958
2019-05-02 00:00:00+00:00,2297.804976082406
2019-05-03 00:00:00+00:00,2300.4221724688196
2019-05-04 00:00:00+00:00,2289.9576055013513
2019-05-05 00:00:00+00:00,2307.735160708871
2019-05-06 00:00:00+00:00,2318.6152051388026
2019-05-07 00:00:00+00:00,2359.4550897585536
2019-05-08 00:00:00+00:00,2403.9652466942835
2019-05-09 00:00:00+00:00,2462.76589982203
2019-05-10 00:00:00+00:00,2731.473812007699
2019-05-11 00:00:00+00:00,2652.5631795482873
2019-05-12 00:00:00+00:00,2887.800666148019
2019-05-13 00:00:00+00:00,2996.7952866073083
2019-05-14 00:00:00+00:00,3144.637607379403
2019-05-15 00:00:00+00:00,3121.1947280468225
2019-05-16 00:00:00+00:00,2924.6116727062463
2019-05-17 00:00:00+00:00,2877.420388748422
2019-05-18 00:00:00+00:00,3188.3779406475305
2019-05-19 00:00:00+00:00,3104.7384120940637
2019-05-20 00:00:00+00:00,3111.8994393493126
2019-05-21 00:00:00+00:00,3009.2409853771446
2019-05-22 00:00:00+00:00,3062.312674502511
2019-05-23 00:00:00+00:00,3099.2722365502405
2019-05-24 00:00:00+00:00,3122.4250753212978
2019-05-25 00:00:00+00:00,3322.4457683336877
2019-05-26 00:00:00+00:00,3373.2955454888393
2019-05-27 00:00:00+00:00,3348.9355496282433
2019-05-28 00:00:00+00:00,3326.800418908639
2019-05-29 00:00:00+00:00,3200.4398357409145
2019-05-30 00:00:00+00:00,3301.842501110177
2019-05-31 00:00:00+00:00,3290.525598544259
2019-06-01 00:00:00+00:00,3349.5466684874964
2019-06-02 00:00:00+00:00,3163.1422650765467
2019-06-03 00:00:00+00:00,3005.1411346706627
2019-06-04 00:00:00+00:00,3051.8212232778405
2019-06-05 00:00:00+00:00,3059.093044407296
2019-06-06 00:00:00+00:00,3117.6661597912075
2019-06-07 00:00:00+00:00,3079.128614554391
2019-06-08 00:00:00+00:00,2973.7715949968956
2019-06-09 00:00:00+00:00,3096.0875748378994
2019-06-10 00:00:00+00:00,3072.8565654986046
2019-06-11 00:00:00+00:00,3174.5405621563195
2019-06-12 00:00:00+00:00,3179.9393800591515
2019-06-13 00:00:00+00:00,3317.842898270211
2019-06-14 00:00:00+00:00,3368.8265843035365
2019-06-15 00:00:00+00:00,3407.386250721383
2019-06-16 00:00:00+00:00,3503.024822443185
2019-06-17 00:00:00+00:00,3415.1355794585656
2019-06-18 00:00:00+00:00,3475.8047873333217
2019-06-19 00:00:00+00:00,3544.67775108027
2019-06-20 00:00:00+00:00,3769.37458236567
2019-06-21 00:00:00+00:00,3951.2634849718715
2019-06-22 00:00:00+00:00,3983.0453136993133
2019-06-23 00:00:00+00:00,4022.962850295688
2019-06-24 00:00:00+00:00,4205.918025693332
2019-06-25 00:00:00+00:00,4514.228404879428
2019-06-26 00:00:00+00:00,4006.2448567574797
2019-06-27 00:00:00+00:00,4309.067988239109
2019-06-28 00:00:00+00:00,4246.298318730442
2019-06-29 00:00:00+00:00,3920.5844747030364
2019-06-30 00:00:00+00:00,3882.463064168979
2019-07-01 00:00:00+00:00,3920.31633917142
2019-07-02 00:00:00+00:00,4192.535779236117
2019-07-03 00:00:00+00:00,3981.7586855657687
2019-07-04 00:00:00+00:00,3944.7263580675994
2019-07-05 00:00:00+00:00,3990.0150956704438
2019-07-06 00:00:00+00:00,4097.18249137479
2019-07-07 00:00:00+00:00,4290.885908714267
2019-07-08 00:00:00+00:00,4335.389218567478
2019-07-09 00:00:00+00:00,4190.366385329868
2019-07-10 00:00:00+00:00,3960.335826912509
2019-07-11 00:00:00+00:00,4077.3879071581755
2019-07-12 00:00:00+00:00,3969.592902048007
2019-07-13 00:00:00+00:00,3605.1083856527434
2019-07-14 00:00:00+00:00,3741.9006230080904
2019-07-15 00:00:00+00:00,3356.383266513492
2019-07-16 00:00:00+00:00,3439.541987237674
2019-07-17 00:00:00+00:00,3685.226365353061
2019-07-18 00:00:00+00:00,3640.950684760257
2019-07-19 00:00:00+00:00,3713.8194580943023
2019-07-20 00:00:00+00:00,3668.5568426470672
2019-07-21 00:00:00+00:00,3590.7995280198397
2019-07-22 00:00:00+00:00,3485.542911800815
2019-07-23 00:00:00+00:00,3481.287358408328
2019-07-24 00:00:00+00:00,3509.789217828189
2019-07-25 00:00:00+00:00,3501.390738978244
2019-07-26 00:00:00+00:00,3382.634994791385
2019-07-27 00:00:00+00:00,3409.9665982342253
2019-07-28 00:00:00+00:00,3403.3799993360626
2019-07-29 00:00:00+00:00,3418.9274115763583
2019-07-30 00:00:00+00:00,3542.0042324950896
2019-07-31 00:00:00+00:00,3603.0794448974334
2019-08-01 00:00:00+00:00,3627.347167949344
2019-08-02 00:00:00+00:00,3703.7396975648226
2019-08-03 00:00:00+00:00,3734.4612978205596
2019-08-04 00:00:00+00:00,3940.9911751669038
2019-08-05 00:00:00+00:00,3848.3218888615143
2019-08-06 00:00:00+00:00,3943.692876178409
2019-08-07 00:00:00+00:00,3931.257329542209
2019-08-08 00:00:00+00:00,3876.869356786319
2019-08-09 00:00:00+00:00,3761.528998802921
2019-08-10 00:00:00+00:00,3825.8454734252655
2019-08-11 00:00:00+00:00,3781.8775498878204
2019-08-12 00:00:00+00:00,3674.7864780465425
2019-08-13 00:00:00+00:00,3432.7943450694
2019-08-14 00:00:00+00:00,3491.6113649866975
2019-08-15 00:00:00+00:00,3494.5867919230377
2019-08-16 00:00:00+00:00,3466.4192283700286
2019-08-17 00:00:00+00:00,3517.6999355154144
2019-08-18 00:00:00+00:00,3660.9586751994048
2019-08-19 00:00:00+00:00,3609.0852680909456
2019-08-20 00:00:00+00:00,3451.2358592693818
2019-08-21 00:00:00+00:00,3463.996021035739
2019-08-22 00:00:00+00:00,3531.0012843975555
2019-08-23 00:00:00+00:00,3469.7276914823638
2019-08-24 00:00:00+00:00,3451.1736364368926
2019-08-25 00:00:00+00:00,3505.0132063729584
2019-08-26 00:00:00+00:00,3462.867698622714
2019-08-27 00:00:00+00:00,3331.8160171885406
2019-08-28 00:00:00+00:00,3268.2560378849516
2019-08-29 00:00:00+00:00,3283.944588906833
2019-08-30 00:00:00+00:00,3302.148599716464
2019-08-31 00:00:00+00:00,3325.3188471160615
2019-09-01 00:00:00+00:00,3466.3399270760833
2019-09-02 00:00:00+00:00,3526.2264042501556
2019-09-03 00:00:00+00:00,3509.1318901891814
2019-09-04 00:00:00+00:00,3499.6117050780977
2019-09-05 00:00:00+00:00,3440.8763782864107
2019-09-06 00:00:00+00:00,3500.693337020999
2019-09-07 00:00:00+00:00,3495.1389439254485
2019-09-08 00:00:00+00:00,3472.893272997714
2019-09-09 00:00:00+00:00,3424.069262304355
2019-09-10 00:00:00+00:00,3433.3509255865206
2019-09-11 00:00:00+00:00,3487.729352636844
2019-09-12 00:00:00+00:00,3477.959574051639
2019-09-13 00:00:00+00:00,3499.7890540730014
2019-09-14 00:00:00+00:00,3503.0656102535736
2019-09-15 00:00:00+00:00,3512.0482797282134
2019-09-16 00:00:00+00:00,3541.538682987186
2019-09-17 00:00:00+00:00,3541.6912054992404
2019-09-18 00:00:00+00:00,3587.105271516086
2019-09-19 00:00:00+00:00,3559.5738786294282
2019-09-20 00:00:00+00:00,3518.2404209653873
2019-09-21 00:00:00+00:00,3511.779373404352
2019-09-22 00:00:00+00:00,3406.918164748651
2019-09-23 00:00:00+00:00,3055.72942516308
2019-09-24 00:00:00+00:00,3041.3982238908025
2019-09-25 00:00:00+00:00,2953.6303344440857
2019-09-26 00:00:00+00:00,3011.7647287138
2019-09-27 00:00:00+00:00,3010.0606860956973
2019-09-28 00:00:00+00:00,2966.199681008722
2019-09-29 00:00:00+00:00,3040.9088446601504
2019-09-30 00:00:00+00:00,3040.076982850153
2019-10-01 00:00:00+00:00,3063.4002103934877
2019-10-02 00:00:00+00:00,3015.3242094279117
2019-10-03 00:00:00+00:00,3012.217936730463
2019-10-04 00:00:00+00:00,2999.164531751215
2019-10-05 00:00:00+00:00,2954.3183364530582
2019-10-06 00:00:00+00:00,3036.9949505643863
2019-10-07 00:00:00+00:00,3037.165468135492
2019-10-08 00:00:00+00:00,3153.7290132423036
2019-10-09 00:00:00+00:00,3145.2802260856265
2019-10-10 00:00:00+00:00,3057.280347833368
2019-10-11 00:00:00+00:00,3053.0124160975283
2019-10-12 00:00:00+00:00,3055.1176663752385
2019-10-13 00:00:00+00:00,3085.3793814121645
2019-10-14 00:00:00+00:00,3030.151261794855
2019-10-15 00:00:00+00:00,2977.7919647663516
2019-10-16 00:00:00+00:00,2996.856969333307
2019-10-17 00:00:00+00:00,2953.7383347477357
2019-10-18 00:00:00+00:00,2953.7998439066714
2019-10-19 00:00:00+00:00,3009.4010481965274
2019-10-20 00:00:00+00:00,3011.0593769907778
2019-10-21 00:00:00+00:00,2968.5388745612736
2019-10-22 00:00:00+00:00,2819.782035838129
2019-10-23 00:00:00+00:00,2814.752717486078
2019-10-24 00:00:00+00:00,3118.184942074701
2019-10-25 00:00:00+00:00,3223.646835739557
2019-10-26 00:00:00+00:00,3300.614806843073
2019-10-27 00:00:00+00:00,3300.614806843073
2019-10-28 00:00:00+00:00,3237.334562569391
2019-10-29 00:00:00+00:00,3301.662000107538
2019-10-30 00:00:00+00:00,3235.9210339670963
2019-10-31 00:00:00+00:00,3231.780217621271
2019-11-01 00:00:00+00:00,3243.622013843195
2019-11-02 00:00:00+00:00,3255.6738683500307
2019-11-03 00:00:00+00:00,3232.3656284287663
2019-11-04 00:00:00+00:00,3282.4901307822815
2019-11-05 00:00:00+00:00,3281.0486718809148
2019-11-06 00:00:00+00:00,3293.9221570786685
2019-11-07 00:00:00+00:00,3261.215285247919
2019-11-08 00:00:00+00:00,3156.880619379999
2019-11-09 00:00:00+00:00,3161.8890609519594
2019-11-10 00:00:00+00:00,3226.5677441688176
2019-11-11 00:00:00+00:00,3153.0415314033144
2019-11-12 00:00:00+00:00,3169.6950727732487
2019-11-13 00:00:00+00:00,3174.0483951545352
2019-11-14 00:00:00+00:00,3145.567354310724
2019-11-15 00:00:00+00:00,3081.6546569096013
2019-11-16 00:00:00+00:00,3104.493375411188
2019-11-17 00:00:00+00:00,3116.9537025278873
2019-11-18 00:00:00+00:00,3046.678913708307
2019-11-19 00:00:00+00:00,3014.177941605341
2019-11-20 00:00:00+00:00,2972.6102104212587
2019-11-21 00:00:00+00:00,2840.5736478376407
2019-11-22 00:00:00+00:00,2728.321640108759
2019-11-23 00:00:00+00:00,2760.639096697199
2019-11-24 00:00:00+00:00,2650.169646161005
2019-11-25 00:00:00+00:00,2683.918573931696
2019-11-26 00:00:00+00:00,2707.965168036005
2019-11-27 00:00:00+00:00,2784.718375676691
2019-11-28 00:00:00+00:00,2766.258582710077
2019-11-29 00:00:00+00:00,2838.2248085871524
2019-11-30 00:00:00+00:00,2790.0972267988222
2019-12-01 00:00:00+00:00,2756.6246050199525
2019-12-02 00:00:00+00:00,2728.2736939069764
2019-12-03 00:00:00+00:00,2723.418921180841
2019-12-04 00:00:00+00:00,2705.389098760187
2019-12-05 00:00:00+00:00,2753.3383805723206
2019-12-06 00:00:00+00:00,2772.0926547376653
