date,open,high,low,close,volume,dividend,split
2017-10-26,0.40891900658607483,0.5718719959259033,0.4032920002937317,0.49705201387405396,71509,0,1
2017-10-27,0.49772098660469055,0.5829640030860901,0.39795100688934326,0.47765401005744934,68469,0,1
2017-10-28,0.4774239957332611,0.49185800552368164,0.43123701214790344,0.4558640122413635,27956,0,1
2017-10-30,0.4538170099258423,0.5781220197677612,0.42357000708580017,0.5656229853630066,21872,0,1
2017-10-31,0.5341529846191406,0.7641080021858215,0.5134999752044678,0.6856909990310669,110856,0,1
2017-11-01,0.6655049920082092,1.2224700450897217,0.6617890000343323,1.0784800052642822,241493,0,1
2017-11-02,1.0806599855422974,1.2362300157546997,0.8790709972381592,1.1705600023269653,276079,0,1
2017-11-03,1.1751899719238281,1.354390025138855,0.9901229739189148,1.3500299453735352,51630,0,1
2017-11-04,1.3479000329971313,1.4117399454116821,1.1528600454330444,1.4026299715042114,55450,0,1
2017-11-05,1.2351399660110474,1.6059000492095947,1.2296500205993652,1.5763100385665894,88533,0,1
2017-11-06,1.5928900241851807,2.0718700885772705,1.3919099569320679,1.7287800312042236,348604,0,1
2017-11-07,1.7283600568771362,2.0117199420928955,0.7632020115852356,1.4149099588394165,476528,0,1
2017-11-08,1.4129600524902344,1.4129600524902344,0.9716820120811462,1.3177000284194946,126020,0,1
2017-11-09,1.3128600120544434,1.564039945602417,1.1616499423980713,1.2229399681091309,88687,0,1
2017-11-10,1.2257100343704224,1.358929991722107,0.854839026927948,0.916496992111206,172543,0,1
2017-11-11,0.913627028465271,1.0527900457382202,0.731007993221283,1.0527900457382202,87265,0,1
2017-11-12,1.05239999294281,1.1042900085449219,0.8009909987449646,1.0415600538253784,63450,0,1
2017-11-13,1.0431300401687622,1.1182399988174438,0.9228079915046692,0.957364022731781,26403,0,1
2017-11-14,0.9581080079078674,1.1033400297164917,0.9053000211715698,1.063040018081665,35891,0,1
2017-11-15,1.063670039176941,1.089669942855835,0.9764170050621033,1.0028200149536133,36237,0,1
2017-11-16,1.004699945449829,1.1216700077056885,0.9852709770202637,1.0387599468231201,32679,0,1
2017-11-17,1.028190016746521,1.1126999855041504,0.8916789889335632,0.9753360152244568,31044,0,1
2017-11-18,0.9738979935646057,1.129140019416809,0.8777499794960022,0.9784470200538635,42698,0,1
2017-11-19,0.9698939919471741,1.119879961013794,0.9076820015907288,1.0042799711227417,17206,0,1
2017-11-20,1.0035300254821777,1.1346900463104248,0.9197250008583069,0.9640740156173706,37446,0,1
2017-11-21,0.9636880159378052,1.0595500469207764,0.8785849809646606,1.0548900365829468,53901,0,1
2017-11-22,1.0568300485610962,1.0912400484085083,0.9463890194892883,1.0911600589752197,29665,0,1
2017-11-23,1.0918400287628174,1.1426299810409546,0.9360290169715881,1.0136499404907227,39386,0,1
2017-11-24,1.010010004043579,1.1148099899291992,0.9730209708213806,1.0978000164031982,63073,0,1
2017-11-25,1.096709966659546,1.203410029411316,1.088420033454895,1.1919300556182861,12393,0,1
2017-11-26,1.1265100240707397,1.1774100065231323,0.9591469764709473,1.0003600120544434,52840,0,1
2017-11-27,1.000349998474121,1.6571799516677856,1.000349998474121,1.4469599723815918,126392,0,1
2017-11-28,1.402269959449768,1.633870005607605,1.396090030670166,1.615399956703186,117213,0,1
2017-11-29,1.6296800374984741,1.735859990119934,1.087249994277954,1.101989984512329,90903,0,1
2017-11-30,1.1167999505996704,1.6301599740982056,1.1116700172424316,1.3548500537872314,23448,0,1
2017-12-01,1.349429965019226,1.6495800018310547,1.2555500268936157,1.4603500366210938,97184,0,1
2017-12-02,1.4596799612045288,1.6366599798202515,1.4584599733352661,1.6214100122451782,25697,0,1
2017-12-03,1.622230052947998,1.6484400033950806,1.4321399927139282,1.5458999872207642,37540,0,1
2017-12-04,1.5501199960708618,1.5920000076293945,1.1509599685668945,1.1572400331497192,95589,0,1
2017-12-05,1.1585899591445923,1.6793700456619263,1.1585899591445923,1.5844000577926636,62904,0,1
2017-12-06,1.584380030632019,1.8115400075912476,1.5704400539398193,1.7530699968338013,216482,0,1
2017-12-07,1.7486599683761597,2.073620080947876,1.6418700218200684,1.8958799839019775,199030,0,1
2017-12-08,1.784690022468567,1.8397300243377686,1.506060004234314,1.7801599502563477,87177,0,1
2017-12-09,1.778249979019165,1.909409999847412,1.5899200439453125,1.876189947128296,68996,0,1
2017-12-10,1.882930040359497,1.933840036392212,1.612339973449707,1.7574299573898315,83090,0,1
2017-12-11,1.7516499757766724,2.04613995552063,1.6856499910354614,1.9760799407958984,76912,0,1
2017-12-12,1.9703999757766724,2.3531301021575928,1.895400047302246,2.109499931335449,162836,0,1
2017-12-13,2.1109700202941895,2.3062000274658203,1.8647899627685547,2.027139902114868,60799,0,1
2017-12-14,2.023560047149658,2.125230073928833,1.9221899509429932,2.023829936981201,35517,0,1
2017-12-15,2.0263800621032715,2.698319911956787,1.904189944267273,2.398629903793335,130752,0,1
2017-12-16,2.4023098945617676,3.2624900341033936,2.3676199913024902,2.60017991065979,209230,0,1
2017-12-17,2.6028099060058594,3.240910053253174,2.2532498836517334,2.8336899280548096,219214,0,1
2017-12-18,2.826240062713623,3.541569948196411,1.5473599433898926,2.1590800285339355,206304992,0,1
2017-12-19,2.1413700580596924,2.4424901008605957,2.044610023498535,2.137320041656494,52223100,0,1
2017-12-20,2.136810064315796,2.2096800804138184,1.8770300149917603,2.1627700328826904,46317300,0,1
2017-12-21,2.159450054168701,2.9850800037384033,2.139940023422241,2.9101901054382324,86107904,0,1
2017-12-22,2.9412500858306885,3.1311700344085693,1.974810004234314,2.728640079498291,55008500,0,1
2017-12-23,2.748349905014038,4.3850998878479,2.748349905014038,4.062860012054443,96608400,0,1
2017-12-24,4.124239921569824,4.337009906768799,3.2463700771331787,4.337009906768799,51895300,0,1
2017-12-25,4.396590232849121,7.0980000495910645,4.396590232849121,6.913449764251709,200710000,0,1
2017-12-26,6.990779876708984,7.337490081787109,4.972620010375977,6.179460048675537,217604992,0,1
2017-12-27,6.278250217437744,6.278250217437744,4.828289985656738,5.188270092010498,124386000,0,1
2017-12-28,5.127600193023682,6.044620037078857,4.43572998046875,5.794710159301758,143200992,0,1
2017-12-29,5.8371500968933105,6.036300182342529,5.19950008392334,5.5122599601745605,72316600,0,1
2017-12-30,5.526350021362305,5.526350021362305,4.773230075836182,5.203849792480469,65365800,0,1
2017-12-31,5.180140018463135,5.505380153656006,5.022369861602783,5.353529930114746,62230900,0,1
2018-01-01,5.353370189666748,6.4314398765563965,4.976930141448975,6.156990051269531,103225000,0,1
2018-01-02,6.177080154418945,7.111110210418701,5.678369998931885,6.491230010986328,159428992,0,1
2018-01-03,6.4811201095581055,7.413269996643066,6.250850200653076,7.343070030212402,147000000,0,1
2018-01-04,7.400569915771484,8.079730033874512,6.7760701179504395,7.240419864654541,160103008,0,1
2018-01-05,7.305009841918945,7.885739803314209,6.366219997406006,6.841410160064697,161902000,0,1
2018-01-06,6.888150215148926,7.93563985824585,6.763120174407959,7.761809825897217,149783008,0,1
2018-01-07,7.785880088806152,10.501299858093262,7.756189823150635,9.918049812316895,283777984,0,1
2018-01-08,9.855589866638184,11.27750015258789,8.870209693908691,10.413100242614746,227863008,0,1
2018-01-09,10.377099990844727,12.638699531555176,10.344400405883789,12.188400268554688,259024000,0,1
2018-01-10,12.271599769592285,12.328900337219238,10.309900283813477,11.043600082397461,151608992,0,1
2018-01-11,11.066200256347656,11.677599906921387,7.75600004196167,9.1983003616333,200895008,0,1
2018-01-12,9.196290016174316,10.349499702453613,8.656709671020508,9.962189674377441,114801000,0,1
2018-01-13,9.920209884643555,10.418499946594238,9.414290428161621,9.924790382385254,107243000,0,1
2018-01-14,9.913399696350098,10.833200454711914,9.470849990844727,10.588500022888184,106777000,0,1
2018-01-15,10.60770034790039,10.783300399780273,9.48661994934082,9.874019622802734,95147400,0,1
2018-01-16,9.893340110778809,9.90800952911377,5.818789958953857,7.510469913482666,113491000,0,1
2018-01-17,7.450469970703125,8.121190071105957,4.9923200607299805,7.469419956207275,106760000,0,1
2018-01-18,7.504030227661133,8.701620101928711,6.949319839477539,7.932690143585205,91459000,0,1
2018-01-19,7.855519771575928,8.774970054626465,7.3794097900390625,8.430109977722168,77194800,0,1
2018-01-20,8.53518009185791,10.675999641418457,8.53518009185791,10.331100463867188,118950000,0,1
2018-01-21,10.287599563598633,10.329500198364258,8.3756103515625,8.881999969482422,79298200,0,1
2018-01-22,9.019100189208984,9.304889678955078,7.375629901885986,8.157719612121582,85710096,0,1
2018-01-23,8.123259544372559,8.732819557189941,7.184629917144775,8.115900039672852,87696600,0,1
2018-01-24,8.103150367736816,9.298830032348633,7.509900093078613,8.336319923400879,184779008,0,1
2018-01-25,8.376319885253906,8.731149673461914,7.650690078735352,7.84004020690918,84307600,0,1
2018-01-26,7.820469856262207,8.099479675292969,6.944479942321777,7.9411301612854,65230500,0,1
2018-01-27,7.925849914550781,8.0656099319458,7.669370174407959,7.863709926605225,42756600,0,1
2018-01-28,7.93943977355957,9.63068962097168,7.912360191345215,9.411430358886719,154715008,0,1
2018-01-29,9.426460266113281,9.626540184020996,8.621139526367188,9.467650413513184,120820000,0,1
2018-01-30,9.516929626464844,10.075900077819824,7.942999839782715,8.268830299377441,205956992,0,1
2018-01-31,8.265029907226562,8.820549964904785,7.154009819030762,7.684299945831299,178996992,0,1
2018-02-01,7.719150066375732,7.751399993896484,5.4322099685668945,6.092889785766602,128136000,0,1
2018-02-02,6.084539890289307,6.084539890289307,3.76921010017395,5.30348014831543,94399400,0,1
2018-02-03,5.301300048828125,5.962170124053955,4.706860065460205,5.4320597648620605,47213900,0,1
2018-02-04,5.441299915313721,5.475069999694824,4.028299808502197,4.35575008392334,54855100,0,1
2018-02-05,4.272950172424316,4.347869873046875,2.58161997795105,3.076359987258911,83113104,0,1
2018-02-06,3.0824100971221924,4.704100131988525,2.4022200107574463,4.411600112915039,163330000,0,1
2018-02-07,4.383430004119873,4.843689918518066,3.7395401000976562,3.8110499382019043,90748200,0,1
2018-02-08,3.8227899074554443,4.497570037841797,3.8227899074554443,4.33390998840332,99461296,0,1
2018-02-09,4.34522008895874,4.5831499099731445,4.1043500900268555,4.573919773101807,10375600,0,1
2018-02-10,4.574029922485352,4.7122697830200195,3.7764499187469482,4.086559772491455,57370900,0,1
2018-02-11,4.042389869689941,4.145510196685791,3.423110008239746,3.8029000759124756,55951900,0,1
2018-02-12,3.857300043106079,4.484670162200928,3.857300043106079,4.248069763183594,51677700,0,1
2018-02-13,4.24576997756958,4.316490173339844,3.864150047302246,3.9370999336242676,35776400,0,1
2018-02-14,3.9136099815368652,4.520359992980957,3.89421010017395,4.4239301681518555,46688800,0,1
2018-02-15,4.4374799728393555,4.877739906311035,4.308509826660156,4.860569953918457,57393200,0,1
2018-02-16,4.816219806671143,4.966720104217529,4.500679969787598,4.853799819946289,41488100,0,1
2018-02-17,4.8941497802734375,5.783820152282715,4.821979999542236,5.386819839477539,97824896,0,1
2018-02-18,5.403779983520508,5.403779983520508,4.61752986907959,4.7149200439453125,48768400,0,1
2018-02-19,4.690340042114258,4.94064998626709,4.67519998550415,4.806250095367432,35274700,0,1
2018-02-20,4.800189971923828,4.842010021209717,4.12244987487793,4.156670093536377,52935400,0,1
2018-02-21,4.186110019683838,4.572559833526611,3.889159917831421,4.016409873962402,49737300,0,1
2018-02-22,4.003900051116943,4.341249942779541,3.6594600677490234,3.756190061569214,35044500,0,1
2018-02-23,3.7559399604797363,4.203660011291504,3.6353600025177,3.9504599571228027,29152600,0,1
2018-02-24,3.9440500736236572,4.102670192718506,3.619960069656372,3.832859992980957,18201100,0,1
2018-02-25,3.8221099376678467,3.913530111312866,3.642240047454834,3.869119882583618,20438700,0,1
2018-02-26,3.8728199005126953,4.254899978637695,3.8301000595092773,3.9960899353027344,57012300,0,1
2018-02-27,4.028329849243164,4.09512996673584,3.8945798873901367,4.026509761810303,23394200,0,1
2018-02-28,4.023719787597656,4.023719787597656,3.54502010345459,3.550960063934326,28413100,0,1
2018-03-01,3.547329902648926,3.8640599250793457,3.502500057220459,3.814579963684082,20427300,0,1
2018-03-02,3.8107399940490723,3.8788299560546875,3.5922200679779053,3.7131199836730957,19446700,0,1
2018-03-03,3.710700035095215,3.8818299770355225,3.6132900714874268,3.6645100116729736,17486200,0,1
2018-03-04,3.6588199138641357,3.7502601146698,3.51990008354187,3.6448099613189697,16649900,0,1
2018-03-05,3.640589952468872,3.6712300777435303,3.540950059890747,3.5850300788879395,16088900,0,1
2018-03-06,3.5609099864959717,3.5932199954986572,3.264810085296631,3.4190900325775146,28737100,0,1
2018-03-07,3.413909912109375,3.4676499366760254,2.681960105895996,3.002310037612915,33020700,0,1
2018-03-08,2.998699903488159,3.0742099285125732,2.6032400131225586,2.6119799613952637,18798000,0,1
2018-03-09,2.5860300064086914,2.7262799739837646,2.204210042953491,2.7155001163482666,19856200,0,1
2018-03-10,2.677150011062622,2.8310599327087402,2.4330101013183594,2.4734199047088623,12162200,0,1
2018-03-11,2.47189998626709,2.8173298835754395,2.3682100772857666,2.77593994140625,9918750,0,1
2018-03-12,2.7685999870300293,2.8644299507141113,2.5418601036071777,2.639549970626831,15110200,0,1
2018-03-13,2.6246700286865234,2.93789005279541,2.5941898822784424,2.8800899982452393,37901500,0,1
2018-03-14,2.9011900424957275,3.143160104751587,2.280100107192993,2.3778700828552246,55190300,0,1
2018-03-15,2.3778300285339355,2.4330899715423584,2.1630001068115234,2.2711501121520996,31307700,0,1
2018-03-16,2.270519971847534,2.393209934234619,2.1606900691986084,2.2504100799560547,24701000,0,1
2018-03-17,2.2485098838806152,2.2485098838806152,1.8915400505065918,1.9565399885177612,25180000,0,1
2018-03-18,1.9451099634170532,2.103300094604492,1.593000054359436,2.065969944000244,35447300,0,1
2018-03-19,2.0861101150512695,2.3507299423217773,1.9691699743270874,2.3507299423217773,39146200,0,1
2018-03-20,2.3757901191711426,2.738460063934326,2.137079954147339,2.6151700019836426,48542400,0,1
2018-03-21,2.6685400009155273,3.7016799449920654,2.619309902191162,3.473059892654419,235402000,0,1
2018-03-22,3.4781200885772705,3.9856600761413574,3.279279947280884,3.5850799083709717,132270000,0,1
2018-03-23,3.585629940032959,4.216740131378174,3.077739953994751,4.056560039520264,598299008,0,1
2018-03-24,4.041790008544922,4.1867899894714355,3.624389886856079,3.635190010070801,153999008,0,1
2018-03-25,3.5603199005126953,3.6752400398254395,3.3945600986480713,3.51203989982605,112771000,0,1
2018-03-25,3.516550064086914,3.5343899726867676,2.8645501136779785,3.0568299293518066,113860000,0,1
2018-03-26,3.046880006790161,3.082900047302246,2.7456400394439697,2.8393900394439697,100465000,0,1
2018-03-27,2.8255600929260254,2.992889881134033,2.7952098846435547,2.8466498851776123,69542800,0,1
2018-03-28,2.8458099365234375,2.867000102996826,2.321470022201538,2.3317999839782715,83604096,0,1
2018-03-29,2.3398098945617676,2.4709699153900146,2.1505799293518066,2.278170108795166,87909800,0,1
2018-03-30,2.278369903564453,2.3804900646209717,2.1831700801849365,2.20661997795105,48282500,0,1
2018-03-31,2.2090001106262207,2.2255699634552,1.8973000049591064,2.057650089263916,46232600,0,1
2018-04-01,2.0599300861358643,2.1725199222564697,2.0160000324249268,2.120569944381714,40586500,0,1
2018-04-02,2.1201300621032715,2.329859972000122,2.0977399349212646,2.3244199752807617,50196300,0,1
2018-04-03,2.3127501010894775,2.325700044631958,2.0378499031066895,2.055299997329712,35026400,0,1
2018-04-04,2.0580201148986816,2.0580201148986816,1.8973599672317505,1.9644399881362915,36758700,0,1
2018-04-05,1.9563699960708618,1.9788800477981567,1.8295999765396118,1.8940199613571167,31609000,0,1
2018-04-06,1.8935600519180298,2.152829885482788,1.8849300146102905,2.041759967803955,66868800,0,1
2018-04-07,2.048490047454834,2.100100040435791,2.0310099124908447,2.069819927215576,38454700,0,1
2018-04-08,2.0725600719451904,2.1706299781799316,1.9478299617767334,2.0105199813842773,49826500,0,1
2018-04-09,2.0118401050567627,2.149669885635376,1.9549200534820557,2.1068899631500244,45542800,0,1
2018-04-10,2.11542010307312,2.319540023803711,2.0829999446868896,2.241349935531616,69454400,0,1
2018-04-11,2.227410078048706,2.582319974899292,2.2097699642181396,2.5613598823547363,103899000,0,1
2018-04-12,2.5688400268554688,2.702430009841919,2.441800117492676,2.4760100841522217,63496900,0,1
2018-04-13,2.4687700271606445,2.5886900424957275,2.4557900428771973,2.513540029525757,25272700,0,1
2018-04-14,2.524590015411377,2.762860059738159,2.4822399616241455,2.748689889907837,42291900,0,1
2018-04-15,2.7586300373077393,2.8391499519348145,2.642509937286377,2.8267300128936768,80271504,0,1
2018-04-16,2.8297600746154785,2.892199993133545,2.756119966506958,2.792030096054077,37985200,0,1
2018-04-17,2.7901599407196045,3.2177300453186035,2.7888500690460205,3.1752400398254395,61234200,0,1
2018-04-18,3.178100109100342,3.3381800651550293,3.105210065841675,3.287179946899414,63456600,0,1
2018-04-19,3.2964301109313965,3.564389944076538,3.1290299892425537,3.500659942626953,70875200,0,1
2018-04-20,3.4960999488830566,3.6195499897003174,3.1876800060272217,3.470439910888672,57491800,0,1
2018-04-21,3.452889919281006,3.525710105895996,3.351219892501831,3.4500300884246826,35982800,0,1
2018-04-22,3.4479000568389893,3.851030111312866,3.441149950027466,3.8438799381256104,82369600,0,1
2018-04-23,3.839279890060425,4.335750102996826,3.8155100345611572,4.29817008972168,187056992,0,1
2018-04-24,4.2753801345825195,4.387919902801514,3.569960117340088,3.7116899490356445,124581000,0,1
2018-04-25,3.7253100872039795,4.3042402267456055,3.5869300365448,4.290130138397217,80946096,0,1
2018-04-26,4.292439937591553,4.7953200340271,4.127349853515625,4.304049968719482,184250000,0,1
2018-04-27,4.30210018157959,4.896989822387695,4.30210018157959,4.834959983825684,130961000,0,1
2018-04-28,4.831180095672607,4.874859809875488,4.401700019836426,4.7053399085998535,110776000,0,1
2018-04-29,4.688240051269531,4.688240051269531,4.258580207824707,4.339630126953125,94284096,0,1
2018-04-30,4.3361101150512695,4.432000160217285,4.011519908905029,4.409800052642822,66976200,0,1
2018-05-01,4.3872599601745605,4.412680149078369,4.290559768676758,4.374529838562012,46918400,0,1
2018-05-02,4.372879981994629,4.594019889831543,4.338119983673096,4.396699905395508,85571696,0,1
2018-05-03,4.4067702293396,4.565509796142578,4.1860198974609375,4.560850143432617,73150400,0,1
2018-05-04,4.542550086975098,4.542550086975098,4.369369983673096,4.42041015625,45955200,0,1
2018-05-05,4.413440227508545,4.429190158843994,4.094409942626953,4.269020080566406,35434400,0,1
2018-05-06,4.260650157928467,4.3341498374938965,3.9583799839019775,4.275519847869873,40395400,0,1
2018-05-07,4.294000148773193,4.4923200607299805,4.11814022064209,4.457240104675293,54016300,0,1
2018-05-08,4.413819789886475,4.413819789886475,4.097300052642822,4.214310169219971,40110400,0,1
2018-05-09,4.2063798904418945,4.314010143280029,3.8523800373077393,3.8705499172210693,37495800,0,1
2018-05-10,3.8637399673461914,4.42165994644165,3.4513399600982666,4.113749980926514,236936992,0,1
2018-05-11,4.155479907989502,4.216489791870117,3.6461799144744873,3.9362599849700928,96616400,0,1
2018-05-12,3.9409101009368896,4.182219982147217,3.8507299423217773,4.077610015869141,46177800,0,1
2018-05-13,4.076869964599609,4.1078200340271,3.8052499294281006,4.007259845733643,52261900,0,1
2018-05-14,4.03957986831665,4.431039810180664,3.9891300201416016,4.012909889221191,108231000,0,1
2018-05-15,4.005370140075684,4.017159938812256,3.6854500770568848,3.8430800437927246,45163000,0,1
2018-05-16,3.8470299243927,3.9353699684143066,3.522429943084717,3.562959909439087,36797300,0,1
2018-05-17,3.5675599575042725,3.636850118637085,3.422379970550537,3.632689952850342,32009200,0,1
2018-05-18,3.6343700885772705,3.6409900188446045,3.492449998855591,3.530329942703247,20808400,0,1
2018-05-19,3.536180019378662,3.705549955368042,3.4909400939941406,3.6396100521087646,24386700,0,1
2018-05-20,3.639899969100952,3.649899959564209,3.4299299716949463,3.482909917831421,24410000,0,1
2018-05-21,3.481260061264038,3.494489908218384,3.0424399375915527,3.069380044937134,32143500,0,1
2018-05-22,3.071810007095337,3.106290102005005,2.6558499336242676,2.693010091781616,39825300,0,1
2018-05-23,2.6944499015808105,2.8538100719451904,2.55679988861084,2.824810028076172,32746800,0,1
2018-05-24,2.834709882736206,2.843290090560913,2.6194300651550293,2.667030096054077,19931000,0,1
2018-05-25,2.6597399711608887,2.7726900577545166,2.6099300384521484,2.6099300384521484,16186100,0,1
2018-05-26,2.6125600337982178,2.6125600337982178,2.4712400436401367,2.5165200233459473,31561200,0,1
2018-05-27,2.5206000804901123,2.5378599166870117,2.2009599208831787,2.2079999446868896,41994900,0,1
2018-05-28,2.2061500549316406,2.6932098865509033,2.2033801078796387,2.6160500049591064,66451400,0,1
2018-05-29,2.619570016860962,2.8172500133514404,2.5419299602508545,2.6787400245666504,61928800,0,1
2018-05-30,2.660599946975708,2.8480000495910645,2.605520009994507,2.772599935531616,51880600,0,1
2018-05-31,2.7832601070404053,2.8173201084136963,2.660949945449829,2.7236599922180176,48660500,0,1
2018-06-01,2.7215499877929688,2.8406898975372314,2.6796200275421143,2.7842600345611572,34864300,0,1
2018-06-02,2.782949924468994,2.9000399112701416,2.7685298919677734,2.817929983139038,32290100,0,1
2018-06-03,2.8334200382232666,2.872879981994629,2.6041100025177,2.6526501178741455,35168300,0,1
2018-06-04,2.655679941177368,2.7308099269866943,2.5410499572753906,2.693160057067871,29884200,0,1
2018-06-05,2.691770076751709,2.6958301067352295,2.604379892349243,2.667710065841675,22381700,0,1
2018-06-06,2.6691999435424805,2.7164599895477295,2.5973100662231445,2.6007800102233887,22732300,0,1
2018-06-07,2.6037399768829346,2.63565993309021,2.5263800621032715,2.603369951248169,30972400,0,1
2018-06-08,2.601870059967041,2.606100082397461,2.4656898975372314,2.4656898975372314,28835500,0,1
2018-06-09,2.4687399864196777,2.4687399864196777,2.0743300914764404,2.1318199634552,33532900,0,1
2018-06-10,2.130350112915039,2.1690499782562256,2.0470800399780273,2.1653599739074707,26580000,0,1
2018-06-11,2.1628499031066895,2.1628499031066895,1.8618799448013306,1.904829978942871,23543900,0,1
2018-06-12,1.906849980354309,2.0565199851989746,1.8520699739456177,2.0005099773406982,60707500,0,1
2018-06-13,1.9971799850463867,2.3460299968719482,1.9786299467086792,2.301039934158325,80089000,0,1
2018-06-14,2.296570062637329,2.296570062637329,2.002039909362793,2.0104401111602783,50939700,0,1
2018-06-15,2.015320062637329,2.0518500804901123,1.9012999534606934,2.030280113220215,53683100,0,1
2018-06-16,2.033060073852539,2.0936601161956787,1.989050030708313,1.9972000122070312,40030100,0,1
2018-06-17,1.9933199882507324,2.1589300632476807,1.9491000175476074,2.1192100048065186,46687300,0,1
2018-06-18,2.122999906539917,2.1780800819396973,2.064970016479492,2.1068499088287354,40532200,0,1
2018-06-19,2.108059883117676,2.1220200061798096,2.013979911804199,2.078119993209839,42506400,0,1
2018-06-20,2.0806000232696533,2.1033198833465576,1.977329969406128,1.993499994277954,39188300,0,1
2018-06-21,1.99344003200531,1.996899962425232,1.7072999477386475,1.786270022392273,43267400,0,1
2018-06-22,1.7875900268554688,1.815000057220459,1.7052199840545654,1.7465900182724,30862800,0,1
2018-06-23,1.7476099729537964,1.7496700286865234,1.461840033531189,1.577180027961731,40809300,0,1
2018-06-24,1.5777900218963623,1.6819499731063843,1.553689956665039,1.628059983253479,36657000,0,1
2018-06-25,1.6346499919891357,1.6436899900436401,1.4821100234985352,1.4833500385284424,23964600,0,1
2018-06-26,1.478469967842102,1.5374200344085693,1.4503300189971924,1.5186799764633179,28190500,0,1
2018-06-27,1.519569993019104,1.58378005027771,1.4062299728393555,1.41621994972229,31839700,0,1
2018-06-28,1.4148900508880615,1.5459500551223755,1.3800699710845947,1.5205999612808228,33934400,0,1
2018-06-29,1.5243500471115112,1.6261299848556519,1.5241299867630005,1.5649299621582031,33535800,0,1
2018-06-30,1.5634299516677856,1.7452900409698486,1.5419199466705322,1.661870002746582,53061500,0,1
2018-07-01,1.667240023612976,1.7994099855422974,1.5922000408172607,1.7608000040054321,48343800,0,1
2018-07-02,1.759179949760437,1.823740005493164,1.6664700508117676,1.6700700521469116,49457000,0,1
2018-07-03,1.6681599617004395,1.836549997329712,1.6220200061798096,1.7509700059890747,38892900,0,1
2018-07-04,1.7554700374603271,1.7764699459075928,1.6354800462722778,1.6830899715423584,34453900,0,1
2018-07-05,1.6737300157546997,1.714460015296936,1.5604699850082397,1.6877399682998657,35597200,0,1
2018-07-06,1.6891800165176392,1.741979956626892,1.6124099493026733,1.7395199537277222,29012700,0,1
2018-07-07,1.7329599857330322,1.7890199422836304,1.6988400220870972,1.7288199663162231,33087300,0,1
2018-07-08,1.7248200178146362,1.7435799837112427,1.6340999603271484,1.6340999603271484,30941500,0,1
2018-07-09,1.6363099813461304,1.6363099813461304,1.4173799753189087,1.4173799753189087,33099700,0,1
2018-07-10,1.4194899797439575,1.4830199480056763,1.3969500064849854,1.441540002822876,31598500,0,1
2018-07-11,1.4427299499511719,1.4427299499511719,1.274590015411377,1.319350004196167,30114800,0,1
2018-07-12,1.327589988708496,1.3820799589157104,1.3027000427246094,1.3302899599075317,29076600,0,1
2018-07-13,1.3264000415802002,1.3345799446105957,1.2857999801635742,1.33024001121521,22364700,0,1
2018-07-14,1.329699993133545,1.4016799926757812,1.3229600191116333,1.3669300079345703,25297100,0,1
2018-07-15,1.3686200380325317,1.5057400465011597,1.364490032196045,1.5057400465011597,29339000,0,1
2018-07-16,1.4982399940490723,1.6653000116348267,1.4398000240325928,1.6256200075149536,41946400,0,1
2018-07-17,1.6246399879455566,1.7488900423049927,1.5152699947357178,1.5569700002670288,44015600,0,1
2018-07-18,1.5537999868392944,1.5919699668884277,1.4642800092697144,1.4901700019836426,35478200,0,1
2018-07-19,1.4892699718475342,1.4892699718475342,1.3100199699401855,1.325260043144226,37188200,0,1
2018-07-20,1.326740026473999,1.41743004322052,1.294119954109192,1.3831700086593628,27593700,0,1
2018-07-21,1.3811299800872803,1.4329700469970703,1.3465700149536133,1.3605799674987793,28629400,0,1
2018-07-22,1.3601700067520142,1.4192399978637695,1.2895699739456177,1.303629994392395,23617900,0,1
2018-07-23,1.3024400472640991,1.3544800281524658,1.2377300262451172,1.3141499757766724,29808700,0,1
2018-07-24,1.3089900016784668,1.3978699445724487,1.2921799421310425,1.3615000247955322,30331400,0,1
2018-07-25,1.3582600355148315,1.385509967803955,1.2719899415969849,1.2846299409866333,22062800,0,1
2018-07-26,1.286679983139038,1.3393399715423584,1.2558599710464478,1.3024699687957764,19809000,0,1
2018-07-27,1.3054800033569336,1.462339997291565,1.2880500555038452,1.3000999689102173,14977000,0,1
2018-07-28,1.2985700368881226,1.4265600442886353,1.2745100259780884,1.3449000120162964,16778100,0,1
2018-07-29,1.3473600149154663,1.3473600149154663,1.2126799821853638,1.2439099550247192,19664500,0,1
2018-07-30,1.2456200122833252,1.2456200122833252,1.0954999923706055,1.111050009727478,20125400,0,1
2018-07-31,1.1100300550460815,1.2116199731826782,1.0211399793624878,1.2056699991226196,24678400,0,1
2018-08-01,1.0634000301361084,1.23812997341156,0.9893090128898621,1.0185799598693848,22177000,0,1
2018-08-02,1.0110199451446533,1.0110199451446533,0.8966289758682251,0.9614729881286621,22627600,0,1
2018-08-03,0.9612069725990295,0.9918299913406372,0.8633270263671875,0.88093101978302,15799600,0,1
2018-08-04,0.8852480053901672,0.9311389923095703,0.8699049949645996,0.9256719946861267,12694800,0,1
2018-08-05,0.9257180094718933,0.9604049921035767,0.8503860235214233,0.8651869893074036,12524500,0,1
2018-08-06,0.8680449724197388,1.0134999752044678,0.8324440121650696,0.863618016242981,40709800,0,1
2018-08-07,0.8624899983406067,0.8624899983406067,0.7325379848480225,0.7597299814224243,19812200,0,1
2018-08-08,0.7627270221710205,0.8316900134086609,0.7365189790725708,0.8086869716644287,16517200,0,1
2018-08-09,0.8034120202064514,0.8201429843902588,0.7142630219459534,0.7305150032043457,11670300,0,1
2018-08-10,0.7298790216445923,0.7303670048713684,0.6453589797019958,0.6701419949531555,13323500,0,1
2018-08-11,0.6694599986076355,0.7091709971427917,0.663034975528717,0.695576012134552,8433950,0,1
2018-08-12,0.6980329751968384,0.7172470092773438,0.600849986076355,0.6014149785041809,15913500,0,1
2018-08-13,0.6021869778633118,0.6021869778633118,0.490325003862381,0.5577849745750427,20985800,0,1
2018-08-14,0.5603119730949402,0.6029289960861206,0.5201659798622131,0.5228739976882935,18353800,0,1
2018-08-15,0.5200510025024414,0.5739189982414246,0.5134720206260681,0.5576040148735046,13065200,0,1
2018-08-16,0.5608339905738831,0.7444919943809509,0.5570799708366394,0.7406330108642578,34623400,0,1
2018-08-17,0.7370030283927917,0.7656350135803223,0.5961909890174866,0.6324669718742371,21793900,0,1
2018-08-18,0.6342200040817261,0.6909210085868835,0.6218460202217102,0.6767449975013733,13834400,0,1
2018-08-19,0.675881028175354,0.7029600143432617,0.6104639768600464,0.6112779974937439,13737500,0,1
2018-08-20,0.6058220267295837,0.656944990158081,0.6058220267295837,0.6451900005340576,10819900,0,1
2018-08-21,0.644923985004425,0.6931949853897095,0.563194990158081,0.5940099954605103,19211700,0,1
2018-08-22,0.5941089987754822,0.6596840023994446,0.5941089987754822,0.6596840023994446,10187900,0,1
2018-08-23,0.6621760129928589,0.6950479745864868,0.6360669732093811,0.6756579875946045,15019200,0,1
2018-08-24,0.6806560158729553,0.7685220241546631,0.6705520153045654,0.7559670209884644,24990400,0,1
2018-08-25,0.7547730207443237,0.9292600154876709,0.7010380029678345,0.9195500016212463,59571200,0,1
2018-08-26,0.9139590263366699,0.9832220077514648,0.8673120141029358,0.912015974521637,67465800,0,1
2018-08-27,0.9285020232200623,0.9601939916610718,0.8976359963417053,0.9323989748954773,44459200,0,1
2018-08-28,0.9339889883995056,0.9341170191764832,0.8467860221862793,0.8755519986152649,41283600,0,1
2018-08-29,0.8710209727287292,0.8864179849624634,0.7968599796295166,0.8659639954566956,35118400,0,1
2018-08-30,0.8664230108261108,0.9233229756355286,0.8446670174598694,0.9042350053787231,40496500,0,1
2018-08-31,0.9037250280380249,0.9840880036354065,0.9037250280380249,0.9433919787406921,38092500,0,1
2018-09-01,0.9409059882164001,0.9686650037765503,0.9022949934005737,0.9243130087852478,33358200,0,1
2018-09-02,0.9295030236244202,0.9331769943237305,0.8858299851417542,0.900888979434967,25226100,0,1
2018-09-03,0.9015780091285706,0.9850640296936035,0.8964499831199646,0.9546099901199341,34022600,0,1
2018-09-04,0.9563260078430176,0.9760069847106934,0.7643330097198486,0.7664549946784973,43275600,0,1
2018-09-05,0.7612810134887695,0.7712500095367432,0.6991119980812073,0.7395830154418945,28132400,0,1
2018-09-06,0.7454360127449036,0.7749630212783813,0.689969003200531,0.6917080283164978,23232300,0,1
2018-09-07,0.6974740028381348,0.7175379991531372,0.6248229742050171,0.6374719738960266,19615200,0,1
2018-09-08,0.6399409770965576,0.68060302734375,0.6163359880447388,0.6275190114974976,17708900,0,1
2018-09-09,0.6341549754142761,0.6459310054779053,0.6082509756088257,0.6181570291519165,12957000,0,1
2018-09-10,0.6243000030517578,0.6307849884033203,0.5612779855728149,0.5806310176849365,15918300,0,1
2018-09-11,0.580672025680542,0.5971710085868835,0.5303019881248474,0.5926370024681091,16571300,0,1
2018-09-12,0.5948799848556519,0.6601619720458984,0.5948799848556519,0.6367449760437012,26618700,0,1
2018-09-13,0.6406170129776001,0.6553919911384583,0.6076229810714722,0.6259350180625916,20207600,0,1
2018-09-14,0.6239479780197144,0.6698079705238342,0.6211339831352234,0.6391370296478271,19150100,0,1
2018-09-15,0.6354579925537109,0.647367000579834,0.6196860074996948,0.6398820281028748,14666500,0,1
2018-09-16,0.6436840295791626,0.6530399918556213,0.579239010810852,0.5864449739456177,22656300,0,1
2018-09-17,0.58536297082901,0.6127139925956726,0.5728800296783447,0.6033229827880859,15696500,0,1
2018-09-18,0.6033639907836914,0.6109179854393005,0.5720450282096863,0.5958470106124878,16095500,0,1
2018-09-19,0.5963259935379028,0.6522809863090515,0.592070996761322,0.6421819925308228,17326300,0,1
2018-09-20,0.6435629725456238,0.7215309739112854,0.6261829733848572,0.7147390246391296,30060200,0,1
2018-09-21,0.7205520272254944,0.7261710166931152,0.648859977722168,0.6815500259399414,17570400,0,1
2018-09-22,0.6854860186576843,0.7105299830436707,0.6732239723205566,0.7047629952430725,16785000,0,1
2018-09-23,0.7060250043869019,0.7255799770355225,0.6540600061416626,0.6596760153770447,19278100,0,1
2018-09-24,0.6563609838485718,0.6563609838485718,0.6106740236282349,0.6409459710121155,14744200,0,1
2018-09-25,0.6409609913825989,0.6670029759407043,0.6170340180397034,0.6459609866142273,13225700,0,1
2018-09-26,0.644860029220581,0.6840630173683167,0.6394240260124207,0.6773729920387268,13932500,0,1
2018-09-27,0.6798340082168579,0.6891049742698669,0.641933023929596,0.6499099731445312,15807000,0,1
2018-09-28,0.6487749814987183,0.6603569984436035,0.6323779821395874,0.6570910215377808,10751100,0,1
2018-09-29,0.6572660207748413,0.6610130071640015,0.6434209942817688,0.656138002872467,9634880,0,1
2018-09-30,0.657941997051239,0.6864830255508423,0.657194972038269,0.6679900288581848,14920100,0,1
2018-10-01,0.6696810126304626,0.7075979709625244,0.6696810126304626,0.6925579905509949,18707900,0,1
2018-10-02,0.6873059868812561,0.6893640160560608,0.6583290100097656,0.6668969988822937,13288800,0,1
2018-10-03,0.6700249910354614,0.6864920258522034,0.6676859855651855,0.6701449751853943,10670400,0,1
2018-10-04,0.6704869866371155,0.6846160292625427,0.6622700095176697,0.6836839914321899,12192000,0,1
2018-10-05,0.6840310096740723,0.6870539784431458,0.6631690263748169,0.6674249768257141,9782120,0,1
2018-10-06,0.6695169806480408,0.6759639978408813,0.658411979675293,0.6748380064964294,10110100,0,1
2018-10-07,0.6735110282897949,0.7039650082588196,0.6719030141830444,0.6983489990234375,14319100,0,1
2018-10-08,0.699554979801178,0.7054809927940369,0.6806380152702332,0.6992700099945068,11558900,0,1
2018-10-09,0.6984840035438538,0.7272019982337952,0.672203004360199,0.7272019982337952,14667400,0,1
2018-10-10,0.7262899875640869,0.7262899875640869,0.595645010471344,0.6010990142822266,23016300,0,1
2018-10-11,0.593716025352478,0.621330976486206,0.5863100290298462,0.6000530123710632,11875300,0,1
2018-10-12,0.5989919900894165,0.6201379895210266,0.5989919900894165,0.6185830235481262,10213000,0,1
2018-10-13,0.6177120208740234,0.6382870078086853,0.612330973148346,0.6168349981307983,11520700,0,1
2018-10-14,0.612492024898529,0.6880639791488647,0.6019949913024902,0.6816179752349854,28957400,0,1
2018-10-15,0.683322012424469,0.7082080245018005,0.6720860004425049,0.6844810247421265,20511900,0,1
2018-10-16,0.684719979763031,0.7345420122146606,0.6836109757423401,0.7226449847221375,20983400,0,1
2018-10-17,0.7234200239181519,0.7278199791908264,0.6760410070419312,0.6858369708061218,16936300,0,1
2018-10-18,0.684611976146698,0.7127659916877747,0.6817499995231628,0.7029460072517395,12218300,0,1
2018-10-19,0.7020519971847534,0.70517897605896,0.6897770166397095,0.6995609998703003,13046800,0,1
2018-10-20,0.6997479796409607,0.7068790197372437,0.6952260136604309,0.6952260136604309,13429200,0,1
2018-10-21,0.6923080086708069,0.6944159865379333,0.6776300072669983,0.6843810081481934,13570100,0,1
2018-10-22,0.6840670108795166,0.6889439821243286,0.6610270142555237,0.6677529811859131,13245000,0,1
2018-10-23,0.6650500297546387,0.683197021484375,0.6637129783630371,0.6754189729690552,8986510,0,1
2018-10-24,0.6738160252571106,0.6760089993476868,0.656777024269104,0.662214994430542,8087320,0,1
2018-10-25,0.6605640053749084,0.6684960126876831,0.6556659936904907,0.6655790209770203,7041310,0,1
2018-10-26,0.6672919988632202,0.6701390147209167,0.6406049728393555,0.6431940197944641,7916270,0,1
2018-10-27,0.6435099840164185,0.652197003364563,0.6419839859008789,0.6495460271835327,7316740,0,1
2018-10-29,0.6518809795379639,0.6544380187988281,0.614782989025116,0.6217280030250549,8544600,0,1
2018-10-30,0.6207299828529358,0.6312749981880188,0.6176699995994568,0.6241539716720581,6835540,0,1
2018-10-31,0.6262189745903015,0.6448929905891418,0.6048849821090698,0.6438000202178955,10603600,0,1
2018-11-01,0.6431930065155029,0.6654180288314819,0.6343880295753479,0.6489319801330566,7495010,0,1
2018-11-02,0.649042010307312,0.6512269973754883,0.6327239871025085,0.6392520070075989,8040260,0,1
2018-11-03,0.6384099721908569,0.6400730013847351,0.6272130012512207,0.6327139735221863,6839040,0,1
2018-11-04,0.6323639750480652,0.6505460143089294,0.628184974193573,0.6418460011482239,9715270,0,1
2018-11-05,0.6359450221061707,0.649815022945404,0.6291840076446533,0.6346819996833801,8656460,0,1
2018-11-06,0.6345909833908081,0.649370014667511,0.6283929944038391,0.649370014667511,10103000,0,1
2018-11-07,0.6483849883079529,0.6576210260391235,0.6379240155220032,0.6428390145301819,8888400,0,1
2018-11-08,0.6425039768218994,0.6463239789009094,0.6144269704818726,0.6160129904747009,10145000,0,1
2018-11-09,0.6166160106658936,0.6190950274467468,0.5884820222854614,0.5911350250244141,10429800,0,1
2018-11-10,0.5900660157203674,0.6095079779624939,0.5898119807243347,0.6023020148277283,7157410,0,1
2018-11-11,0.6004329919815063,0.6024399995803833,0.5739210247993469,0.5823220014572144,7149940,0,1
2018-11-12,0.584613025188446,0.5911669731140137,0.553879976272583,0.5646060109138489,9791070,0,1
2018-11-13,0.5641819834709167,0.56523597240448,0.5426560044288635,0.5436270236968994,10781100,0,1
2018-11-14,0.5449849963188171,0.5449849963188171,0.43478599190711975,0.4610700011253357,15294700,0,1
2018-11-15,0.45966601371765137,0.4643769860267639,0.4015040099620819,0.44658198952674866,12206100,0,1
2018-11-16,0.447409987449646,0.4524259865283966,0.41674599051475525,0.4231190085411072,7227010,0,1
2018-11-17,0.42387500405311584,0.4246959984302521,0.40922999382019043,0.4175490140914917,5131120,0,1
2018-11-18,0.41839900612831116,0.4256109893321991,0.41564199328422546,0.4201189875602722,4746020,0,1
2018-11-19,0.41937199234962463,0.4197089970111847,0.3226880133152008,0.3274039924144745,15191200,0,1
2018-11-20,0.3246679902076721,0.3413330018520355,0.25527799129486084,0.27885499596595764,14698300,0,1
2018-11-21,0.28081899881362915,0.30706098675727844,0.2697789967060089,0.30140000581741333,6941350,0,1
2018-11-22,0.30142098665237427,0.30537399649620056,0.27864399552345276,0.27864399552345276,4443200,0,1
2018-11-23,0.27795499563217163,0.2810800075531006,0.2612360119819641,0.27306699752807617,4650940,0,1
2018-11-24,0.27383899688720703,0.27905699610710144,0.2295680046081543,0.238429993391037,4123270,0,1
2018-11-25,0.2376450002193451,0.24873599410057068,0.2072640061378479,0.2410299926996231,6333620,0,1
2018-11-26,0.24105000495910645,0.253464013338089,0.20987600088119507,0.22324199974536896,6009160,0,1
2018-11-27,0.22248700261116028,0.23369300365447998,0.2161789983510971,0.2321079969406128,4448620,0,1
2018-11-28,0.23292000591754913,0.29063400626182556,0.23280300199985504,0.2773570120334625,10778200,0,1
2018-11-29,0.2767339050769806,0.3077748119831085,0.26377084851264954,0.290000855922699,12282965,0,1
2018-11-30,0.2906353771686554,0.2906353771686554,0.24344387650489807,0.25943461060523987,9267668,0,1
2018-12-01,0.26045331358909607,0.287526398897171,0.2512856423854828,0.2796223759651184,6641164,0,1
2018-12-02,0.2783950865268707,0.289745569229126,0.27230963110923767,0.2726818025112152,5374867,0,1
2018-12-03,0.2750040888786316,0.2755299508571625,0.24164417386054993,0.2483833134174347,5371549,0,1
2018-12-04,0.24757276475429535,0.26882076263427734,0.24029260873794556,0.25534144043922424,4927642,0,1
2018-12-05,0.255510151386261,0.2585848867893219,0.23298658430576324,0.23298658430576324,4894052,0,1
2018-12-06,0.23332034051418304,0.2439490705728531,0.21329061686992645,0.2138582020998001,5598914,0,1
2018-12-07,0.21329040825366974,0.2220880091190338,0.1954408437013626,0.21163421869277954,6174516,0,1
2018-12-08,0.21179910004138947,0.22168952226638794,0.20275357365608215,0.21187055110931396,4612754,0,1
2018-12-09,0.21167294681072235,0.22981786727905273,0.211603045463562,0.22397969663143158,4105765,0,1
2018-12-10,0.22395160794258118,0.22612552344799042,0.20831003785133362,0.21191024780273438,4527313,0,1
2018-12-11,0.21147526800632477,0.2118435800075531,0.19908404350280762,0.20331285893917084,3183206,0,1
2018-12-12,0.201028972864151,0.21252213418483734,0.20068910717964172,0.2103467732667923,3694907,0,1
2018-12-13,0.2110455483198166,0.21135373413562775,0.19457678496837616,0.19608387351036072,3543390,0,1
2018-12-14,0.19589325785636902,0.19891130924224854,0.1830843985080719,0.1864210069179535,4383295,0,1
2018-12-15,0.18640345335006714,0.19007495045661926,0.18378379940986633,0.18714113533496857,3072036,0,1
2018-12-16,0.1872231662273407,0.1944325715303421,0.18680182099342346,0.18899942934513092,2769821,0,1
2018-12-17,0.18897897005081177,0.21608713269233704,0.18814072012901306,0.2109043300151825,6733691,0,1
2018-12-18,0.21105925738811493,0.2223960906267166,0.20247574150562286,0.2223960906267166,6950628,0,1
2018-12-19,0.22394591569900513,0.24856700003147125,0.2210260033607483,0.22552882134914398,13795322,0,1
2018-12-20,0.22471603751182556,0.2526572048664093,0.22388477623462677,0.2526572048664093,13062120,0,1
2018-12-21,0.2532120645046234,0.2723236382007599,0.23909376561641693,0.24358107149600983,16978443,0,1
2018-12-22,0.24374616146087646,0.2559165358543396,0.23946711421012878,0.25529828667640686,7570981,0,1
2018-12-23,0.2566035985946655,0.2722778618335724,0.2536430358886719,0.2646087110042572,10666713,0,1
2018-12-24,0.2649063766002655,0.29471492767333984,0.2649063766002655,0.27588582038879395,15239834,0,1
2018-12-25,0.27673080563545227,0.27673080563545227,0.23789232969284058,0.24663418531417847,8698198,0,1
2018-12-26,0.24657808244228363,0.2534530758857727,0.23846207559108734,0.24571120738983154,6106958,0,1
2018-12-27,0.24568535387516022,0.24728718400001526,0.22208109498023987,0.22290204465389252,6082480,0,1
2018-12-28,0.22266429662704468,0.25128334760665894,0.22110554575920105,0.25039950013160706,5796400,0,1
2018-12-29,0.25080808997154236,0.25476735830307007,0.23708996176719666,0.23708996176719666,5262901,0,1
2018-12-30,0.23811060190200806,0.24656733870506287,0.2360323667526245,0.24533993005752563,3969055,0,1
2018-12-31,0.2458903193473816,0.2458903193473816,0.23418796062469482,0.2365068942308426,3677410,0,1
2019-01-01,0.23737911880016327,0.24494647979736328,0.23394128680229187,0.24482548236846924,3030976,0,1
2019-01-02,0.24551920592784882,0.2610922157764435,0.24239405989646912,0.2561139464378357,4986096,0,1
2019-01-03,0.25570574402809143,0.27019742131233215,0.25416141748428345,0.2601991891860962,10974517,0,1
2019-01-04,0.26113784313201904,0.27766335010528564,0.2577569782733917,0.27443310618400574,11963005,0,1
2019-01-05,0.27409517765045166,0.28641724586486816,0.2675999701023102,0.26899924874305725,10325781,0,1
2019-01-06,0.2685662806034088,0.29185834527015686,0.2621336877346039,0.28806155920028687,9745961,0,1
2019-01-07,0.28836727142333984,0.29317110776901245,0.27583202719688416,0.27688828110694885,7110862,0,1
2019-01-08,0.2765415906906128,0.2866179645061493,0.2663249671459198,0.275128573179245,8607176,0,1
2019-01-09,0.2755599319934845,0.2885388135910034,0.2755599319934845,0.2861369252204895,9807740,0,1
2019-01-10,0.2865350842475891,0.2989504933357239,0.23480570316314697,0.24185985326766968,14045320,0,1
2019-01-11,0.2405034899711609,0.2461336851119995,0.23617571592330933,0.24247002601623535,6304153,0,1
2019-01-12,0.24217678606510162,0.24233795702457428,0.23686867952346802,0.24012967944145203,3297268,0,1
2019-01-13,0.24009113013744354,0.24138665199279785,0.2158212810754776,0.21688222885131836,5970805,0,1
2019-01-14,0.21693231165409088,0.23832567036151886,0.21693231165409088,0.23257037997245789,5407389,0,1
2019-01-15,0.2332690954208374,0.2361273318529129,0.22245892882347107,0.22440111637115479,5121093,0,1
2019-01-16,0.2242007553577423,0.23599417507648468,0.2231232225894928,0.23256812989711761,4567852,0,1
2019-01-17,0.23233400285243988,0.24582883715629578,0.22957660257816315,0.24582883715629578,6391580,0,1
2019-01-18,0.24632304906845093,0.25138500332832336,0.233764186501503,0.23746700584888458,6366970,0,1
2019-01-19,0.23786881566047668,0.2469896525144577,0.2372535616159439,0.24440783262252808,3893028,0,1
2019-01-20,0.24402771890163422,0.24563491344451904,0.2284826785326004,0.2325044721364975,4512370,0,1
2019-01-21,0.23215711116790771,0.23345087468624115,0.2266053706407547,0.23240341246128082,3909598,0,1
2019-01-22,0.23248767852783203,0.23516058921813965,0.22129297256469727,0.23216554522514343,5891951,0,1
2019-01-23,0.23173396289348602,0.23592117428779602,0.22377584874629974,0.22865545749664307,5288466,0,1
2019-01-24,0.22864574193954468,0.2338564544916153,0.22710198163986206,0.23094257712364197,3264291,0,1
2019-01-25,0.23155492544174194,0.23326268792152405,0.22553521394729614,0.2280682921409607,3667523,0,1
2019-01-26,0.2279508262872696,0.23305219411849976,0.22686438262462616,0.2280694544315338,3357436,0,1
2019-01-27,0.22816301882266998,0.2285543978214264,0.2164606750011444,0.22161388397216797,4806308,0,1
2019-01-28,0.2213883250951767,0.2224094122648239,0.19840708374977112,0.2061629593372345,5502194,0,1
2019-01-29,0.20631231367588043,0.20694439113140106,0.1963244080543518,0.2002524882555008,4928889,0,1
2019-01-30,0.2002265900373459,0.21013569831848145,0.19818328320980072,0.20474575459957123,5492610,0,1
2019-01-31,0.2045801430940628,0.20794136822223663,0.1866636574268341,0.1887594312429428,8371606,0,1
2019-02-01,0.18914121389389038,0.19495245814323425,0.18560655415058136,0.19285038113594055,4827700,0,1
2019-02-02,0.19269506633281708,0.19386111199855804,0.18939410150051117,0.19277597963809967,3166387,0,1
2019-02-03,0.19220013916492462,0.19256648421287537,0.1858767718076706,0.1870168149471283,2671704,0,1
2019-02-04,0.1875961571931839,0.19020044803619385,0.18617679178714752,0.1890753209590912,3551540,0,1
2019-02-05,0.1887606382369995,0.19052435457706451,0.1865869164466858,0.18797016143798828,3586021,0,1
2019-02-06,0.18844915926456451,0.18894702196121216,0.18113085627555847,0.18654733896255493,4348496,0,1
2019-02-07,0.18720215559005737,0.22757191956043243,0.18720215559005737,0.20958900451660156,29618472,0,1
2019-02-08,0.2093709111213684,0.22893235087394714,0.20182083547115326,0.22392278909683228,13229072,0,1
2019-02-09,0.2236717939376831,0.22384513914585114,0.21706122159957886,0.22081735730171204,5683922,0,1
2019-02-10,0.2210022658109665,0.22778284549713135,0.21468974649906158,0.22204121947288513,6843588,0,1
2019-02-11,0.22236798703670502,0.23142197728157043,0.2165984958410263,0.22946016490459442,6269554,0,1
2019-02-12,0.2295997589826584,0.23310908675193787,0.22376760840415955,0.22743915021419525,7781157,0,1
2019-02-13,0.2272397130727768,0.23273099958896637,0.21869376301765442,0.22107116878032684,6295972,0,1
2019-02-14,0.22041861712932587,0.22251173853874207,0.21507276594638824,0.21812236309051514,4229640,0,1
2019-02-15,0.21822591125965118,0.22805508971214294,0.21776364743709564,0.2223394215106964,5276589,0,1
2019-02-16,0.22222965955734253,0.22736676037311554,0.2184126228094101,0.22385621070861816,4745836,0,1
2019-02-17,0.22371125221252441,0.23539377748966217,0.22303085029125214,0.23273517191410065,7530368,0,1
2019-02-18,0.2321740835905075,0.24546509981155396,0.229031503200531,0.24335511028766632,8227873,0,1
2019-02-19,0.24297857284545898,0.24669061601161957,0.2341977059841156,0.24012109637260437,11167464,0,1
2019-02-20,0.23951993882656097,0.24574080109596252,0.23488552868366241,0.24415576457977295,7489368,0,1
2019-02-21,0.24411989748477936,0.2508658766746521,0.24031242728233337,0.24270203709602356,7823165,0,1
2019-02-22,0.2423979490995407,0.25291091203689575,0.24218392372131348,0.25260812044143677,5509020,0,1
2019-02-23,0.25228774547576904,0.2772272825241089,0.24807576835155487,0.2762399911880493,13944219,0,1
2019-02-24,0.27729666233062744,0.2892979085445404,0.23642084002494812,0.23669546842575073,17902809,0,1
2019-02-25,0.23652216792106628,0.2525516450405121,0.23652216792106628,0.25114700198173523,9802460,0,1
2019-02-26,0.2509181499481201,0.29192307591438293,0.24814124405384064,0.2692394554615021,41208782,0,1
2019-02-27,0.2701030969619751,0.2814996838569641,0.2622671127319336,0.27387985587120056,17353426,0,1
2019-02-28,0.27470868825912476,0.3023016154766083,0.2702207863330841,0.2904990613460541,24693848,0,1
2019-03-01,0.28903257846832275,0.3137943148612976,0.2887672483921051,0.29406285285949707,26360484,0,1
2019-03-02,0.2890889346599579,0.2929486632347107,0.27874767780303955,0.28190672397613525,12806148,0,1
2019-03-03,0.28326892852783203,0.2980586588382721,0.27998849749565125,0.2827402353286743,11750470,0,1
2019-03-04,0.2817656993865967,0.2836688756942749,0.26079800724983215,0.26982182264328003,10716565,0,1
2019-03-05,0.27032628655433655,0.29575440287590027,0.264088898897171,0.2884632349014282,11391032,0,1
2019-03-06,0.28777191042900085,0.2896992564201355,0.28145188093185425,0.28460943698883057,9862227,0,1
2019-03-07,0.2843811810016632,0.3361883759498596,0.28263306617736816,0.3213016390800476,32630482,0,1
2019-03-08,0.3228546380996704,0.3475741446018219,0.3112849295139313,0.32193639874458313,34533641,0,1
2019-03-09,0.3207043409347534,0.3761030435562134,0.3172241747379303,0.37605705857276917,45687405,0,1
2019-03-10,0.38943299651145935,0.38943299651145935,0.33969050645828247,0.3542766571044922,36444221,0,1
2019-03-11,0.35555964708328247,0.35834527015686035,0.3176502585411072,0.32895174622535706,21995013,0,1
2019-03-12,0.32851293683052063,0.35541361570358276,0.31567880511283875,0.3414936661720276,18759615,0,1
2019-03-13,0.34242960810661316,0.35657161474227905,0.33092331886291504,0.3324430286884308,13440088,0,1
2019-03-14,0.3325130343437195,0.3370169401168823,0.3197852373123169,0.3320932388305664,14605923,0,1
2019-03-15,0.3315666913986206,0.34784239530563354,0.3265029489994049,0.3415370285511017,11821434,0,1
2019-03-16,0.3424226641654968,0.3462301194667816,0.33550509810447693,0.34269461035728455,10802741,0,1
2019-03-17,0.34230008721351624,0.34277358651161194,0.3272005319595337,0.3347339630126953,9472465,0,1
2019-03-18,0.3351086676120758,0.3416818380355835,0.32446104288101196,0.3302726149559021,11610089,0,1
2019-03-19,0.3302576243877411,0.3513427972793579,0.3301555812358856,0.3483886122703552,19614399,0,1
2019-03-20,0.348997563123703,0.348997563123703,0.3337814509868622,0.3396250307559967,14138505,0,1
2019-03-21,0.3398768901824951,0.34442034363746643,0.3078076243400574,0.3192533254623413,18673529,0,1
2019-03-22,0.3195083439350128,0.3293512165546417,0.3174658417701721,0.3218494653701782,11252434,0,1
2019-03-23,0.3214511275291443,0.3293541371822357,0.319570928812027,0.32754653692245483,11128571,0,1
2019-03-24,0.3272886574268341,0.34974825382232666,0.32110247015953064,0.33717912435531616,24752975,0,1
2019-03-25,0.3375891447067261,0.35430681705474854,0.311292827129364,0.31992295384407043,27524703,0,1
2019-03-26,0.3193119168281555,0.3218739628791809,0.3072243332862854,0.31556299328804016,14108419,0,1
2019-03-27,0.3156605660915375,0.3333185613155365,0.3156605660915375,0.3308010995388031,14483575,0,1
2019-03-28,0.3308868110179901,0.3310392200946808,0.32472237944602966,0.3276998996734619,10087950,0,1
2019-03-29,0.3276998996734619,0.3323960304260254,0.3237956762313843,0.3318155109882355,11671841,0,1
2019-03-30,0.3312167525291443,0.35357680916786194,0.3265638053417206,0.33510109782218933,15511164,0,1
2019-03-31,0.33510109782218933,0.3467390239238739,0.3306000232696533,0.3461780846118927,12382910,0,1
2019-03-31,0.3462335467338562,0.35771629214286804,0.33875736594200134,0.34934720396995544,18687192,0,1
2019-04-01,0.3495570719242096,0.38923510909080505,0.34787407517433167,0.38623547554016113,22939475,0,1
2019-04-02,0.38605591654777527,0.4345790445804596,0.3832370638847351,0.4016536772251129,37520665,0,1
2019-04-03,0.4015050530433655,0.43222156167030334,0.38829636573791504,0.4030681848526001,20310446,0,1
2019-04-04,0.4034990072250366,0.43814122676849365,0.4034990072250366,0.4359186887741089,15409239,0,1
2019-04-05,0.43576136231422424,0.4626174867153168,0.4225667715072632,0.44523313641548157,24687014,0,1
2019-04-06,0.44506463408470154,0.4679454565048218,0.43631428480148315,0.4416051506996155,17652245,0,1
2019-04-07,0.44182276725769043,0.44709646701812744,0.414908230304718,0.4307954013347626,16614616,0,1
2019-04-08,0.4307954013347626,0.4308319687843323,0.3991088569164276,0.4071517884731293,13008623,0,1
2019-04-09,0.405435711145401,0.4205366373062134,0.40046659111976624,0.40389958024024963,12706476,0,1
2019-04-10,0.4033450782299042,0.40550386905670166,0.34986332058906555,0.3765370547771454,14923878,0,1
2019-04-11,0.3760344982147217,0.383419007062912,0.3543272912502289,0.37742558121681213,9995991,0,1
2019-04-12,0.37685510516166687,0.38423964381217957,0.3651488125324249,0.370014488697052,7020792,0,1
2019-04-13,0.370014488697052,0.38298311829566956,0.36592093110084534,0.382101833820343,8393288,0,1
2019-04-14,0.382101833820343,0.38678357005119324,0.3524468243122101,0.35725682973861694,10053780,0,1
2019-04-15,0.35739344358444214,0.3704065978527069,0.353462815284729,0.37018024921417236,8323792,0,1
2019-04-16,0.36944231390953064,0.37377026677131653,0.3582223951816559,0.3639923632144928,8015247,0,1
2019-04-17,0.3635779321193695,0.38041675090789795,0.3620867431163788,0.3742598295211792,10980752,0,1
2019-04-18,0.3742319345474243,0.3752501606941223,0.36319074034690857,0.36969563364982605,7946084,0,1
2019-04-19,0.36969563364982605,0.3886134922504425,0.3691561818122864,0.3780255913734436,12059886,0,1
2019-04-20,0.3780903220176697,0.38070279359817505,0.34843143820762634,0.36122921109199524,8660553,0,1
2019-04-21,0.361318975687027,0.4260360598564148,0.3585318922996521,0.40807902812957764,31365254,0,1
2019-04-22,0.4079224169254303,0.42672377824783325,0.3822973072528839,0.38311684131622314,21379102,0,1
2019-04-23,0.38311684131622314,0.38978275656700134,0.3505741357803345,0.38978275656700134,14602190,0,1
2019-04-24,0.3899592459201813,0.4029923379421234,0.3497970998287201,0.3542840778827667,15949363,0,1
2019-04-25,0.3552341163158417,0.364269495010376,0.34524235129356384,0.35728201270103455,9986412,0,1
2019-04-26,0.3575696647167206,0.3660341501235962,0.35058459639549255,0.3609370291233063,6350162,0,1
2019-04-27,0.3613859713077545,0.3639674484729767,0.35142213106155396,0.35420066118240356,5808650,0,1
2019-04-28,0.3538443446159363,0.355568528175354,0.3219600021839142,0.3278809189796448,8536137,0,1
2019-04-29,0.3279978632926941,0.3419264554977417,0.3202758729457855,0.34171169996261597,8280780,0,1
2019-04-30,0.3416496515274048,0.34510883688926697,0.32999011874198914,0.3346197009086609,6818836,0,1
2019-05-01,0.3347557485103607,0.34164875745773315,0.3321445882320404,0.33578550815582275,8093505,0,1
2019-05-02,0.33578550815582275,0.34876713156700134,0.33361196517944336,0.33910393714904785,8777765,0,1
2019-05-03,0.33910393714904785,0.3505796790122986,0.3284716308116913,0.3358596861362457,8550441,0,1
2019-05-04,0.33537888526916504,0.3429652154445648,0.33126556873321533,0.3365083634853363,6032451,0,1
2019-05-05,0.33690345287323,0.3427867591381073,0.3203713893890381,0.3360135555267334,7309865,0,1
2019-05-06,0.336031436920166,0.34677886962890625,0.32092413306236267,0.32092413306236267,7852825,0,1
2019-05-07,0.32046082615852356,0.3235711455345154,0.3111738860607147,0.317520409822464,5460892,0,1
2019-05-08,0.317520409822464,0.3208930194377899,0.29289886355400085,0.2938612699508667,7207098,0,1
2019-05-09,0.29390090703964233,0.3249652683734894,0.2933645248413086,0.32112956047058105,8507445,0,1
2019-05-10,0.320974737405777,0.3627496063709259,0.31325605511665344,0.3446277379989624,13509915,0,1
2019-05-11,0.3462778925895691,0.3532343804836273,0.3152051568031311,0.3253283202648163,10882613,0,1
2019-05-12,0.3253283202648163,0.36091265082359314,0.32163435220718384,0.3496011197566986,13340449,0,1
2019-05-13,0.3492071032524109,0.384733647108078,0.3444194495677948,0.37481996417045593,16265385,0,1
2019-05-14,0.37495696544647217,0.40465471148490906,0.371573805809021,0.4032539427280426,14463079,0,1
2019-05-15,0.40264591574668884,0.4326987862586975,0.37007614970207214,0.3906887471675873,20759914,0,1
2019-05-16,0.3906279504299164,0.39299649000167847,0.3401080071926117,0.3728749752044678,15244550,0,1
2019-05-17,0.3728749752044678,0.3892039358615875,0.36505430936813354,0.37144502997398376,13094610,0,1
2019-05-18,0.3714820146560669,0.3923795521259308,0.3714820146560669,0.38710707426071167,16480264,0,1
2019-05-19,0.38758036494255066,0.38758036494255066,0.36122873425483704,0.3725142776966095,12874355,0,1
2019-05-20,0.372740238904953,0.4290480315685272,0.3711184859275818,0.4046272039413452,24995811,0,1
2019-05-21,0.4036935865879059,0.4173670709133148,0.3726314902305603,0.37940454483032227,20886767,0,1
2019-05-22,0.3784666359424591,0.3892139196395874,0.3537523150444031,0.38565826416015625,20372632,0,1
2019-05-23,0.38611310720443726,0.39649954438209534,0.38059350848197937,0.3887123763561249,16549155,0,1
2019-05-24,0.3887123763561249,0.38936060667037964,0.37429314851760864,0.3790489137172699,12203419,0,1
2019-05-25,0.378506064414978,0.3855937719345093,0.36684685945510864,0.38346225023269653,15461245,0,1
2019-05-26,0.3832169771194458,0.40802648663520813,0.3816750943660736,0.39753130078315735,17669832,0,1
2019-05-27,0.3973865211009979,0.4074065685272217,0.3803844451904297,0.39946407079696655,19513646,0,1
2019-05-28,0.3993540406227112,0.42115917801856995,0.38177716732025146,0.40964505076408386,22104386,0,1
2019-05-29,0.40950143337249756,0.4474486708641052,0.37839022278785706,0.39042553305625916,34932918,0,1
2019-05-30,0.39042553305625916,0.40010377764701843,0.3689730167388916,0.3990408182144165,19471213,0,1
2019-05-31,0.39919304847717285,0.4027910530567169,0.3854783773422241,0.3905983865261078,15948497,0,1
2019-06-01,0.3905983865261078,0.45335015654563904,0.388313353061676,0.4316520690917969,39508057,0,1
2019-06-02,0.4317432940006256,0.4317432940006256,0.38697102665901184,0.3892174959182739,26141944,0,1
2019-06-03,0.3890250325202942,0.3917396664619446,0.351507306098938,0.36030760407447815,23971782,0,1
2019-06-04,0.36045777797698975,0.3729076385498047,0.35514378547668457,0.36248451471328735,19929243,0,1
2019-06-05,0.36216598749160767,0.37448248267173767,0.35310325026512146,0.365775465965271,18301650,0,1
2019-06-06,0.3658153712749481,0.38979849219322205,0.36263489723205566,0.38134199380874634,14932317,0,1
2019-06-07,0.3811630308628082,0.38954222202301025,0.37372148036956787,0.3806617856025696,11677843,0,1
2019-06-08,0.380497008562088,0.38172197341918945,0.3500021696090698,0.3556770086288452,11786130,0,1
2019-06-09,0.35552719235420227,0.3808038830757141,0.3529934585094452,0.3799546957015991,13942038,0,1
2019-06-10,0.37959110736846924,0.383350670337677,0.3680189251899719,0.3792261481285095,12499659,0,1
2019-06-11,0.37981459498405457,0.40145212411880493,0.3793977200984955,0.39600321650505066,18002874,0,1
2019-06-12,0.3958692252635956,0.39823663234710693,0.38431718945503235,0.3861623704433441,15786146,0,1
2019-06-13,0.3856498897075653,0.38995614647865295,0.3610972464084625,0.3741721212863922,19720849,0,1
2019-06-14,0.37416940927505493,0.38290807604789734,0.36796823143959045,0.3743702471256256,13588646,0,1
2019-06-15,0.37433528900146484,0.3835344910621643,0.3657814860343933,0.36916157603263855,15950694,0,1
2019-06-16,0.36845114827156067,0.3751566708087921,0.3607650101184845,0.36325979232788086,10387152,0,1
2019-06-17,0.36379119753837585,0.3654574155807495,0.3545641601085663,0.35835105180740356,7878321,0,1
2019-06-18,0.3583170175552368,0.37144628167152405,0.35725706815719604,0.35958313941955566,8836008,0,1
2019-06-19,0.3599419891834259,0.3654586374759674,0.34159567952156067,0.34159567952156067,9089872,0,1
2019-06-20,0.34186360239982605,0.35104209184646606,0.3299604654312134,0.3327370285987854,12123538,0,1
2019-06-21,0.33258354663848877,0.3575497567653656,0.3296065926551819,0.34722739458084106,17238847,0,1
2019-06-22,0.3472549021244049,0.35686466097831726,0.3375420868396759,0.3394091725349426,12474127,0,1
2019-06-23,0.3394091725349426,0.34860244393348694,0.33193087577819824,0.34570834040641785,9081922,0,1
2019-06-24,0.3458167612552643,0.3523659110069275,0.33150237798690796,0.3356580436229706,13494605,0,1
2019-06-25,0.3356580436229706,0.3840981721878052,0.33411481976509094,0.34888318181037903,35960188,0,1
2019-06-26,0.34888318181037903,0.355124294757843,0.29437899589538574,0.3046596050262451,14828333,0,1
2019-06-27,0.30489757657051086,0.32279640436172485,0.3025039732456207,0.3202162981033325,12389781,0,1
2019-06-28,0.3208693563938141,0.3353497087955475,0.3072541058063507,0.33494889736175537,12595784,0,1
2019-06-29,0.33439382910728455,0.33587151765823364,0.3048427999019623,0.306196928024292,9744008,0,1
2019-06-30,0.306196928024292,0.32315999269485474,0.2987891435623169,0.31182706356048584,13045980,0,1
2019-07-01,0.31153354048728943,0.3140622675418854,0.29106268286705017,0.3047572672367096,10559296,0,1
2019-07-02,0.3049764335155487,0.3147183656692505,0.2956967055797577,0.30881524085998535,12926914,0,1
2019-07-03,0.30806881189346313,0.3185422420501709,0.3007183074951172,0.3062865734100342,11153366,0,1
2019-07-04,0.3063125014305115,0.31890326738357544,0.29914867877960205,0.3022458255290985,10349789,0,1
2019-07-05,0.30262142419815063,0.3216075599193573,0.3022181987762451,0.31191083788871765,8900970,0,1
2019-07-06,0.31196871399879456,0.3820277750492096,0.3075810372829437,0.370235800743103,22366603,0,1
2019-07-07,0.37014901638031006,0.40223178267478943,0.3474946916103363,0.348089337348938,33887885,0,1
2019-07-08,0.3478792607784271,0.35229581594467163,0.33043786883354187,0.33357134461402893,15714552,0,1
2019-07-09,0.3336198329925537,0.345792293548584,0.31681355834007263,0.33231210708618164,16490055,0,1
2019-07-10,0.33269044756889343,0.3331950902938843,0.292915940284729,0.29540953040122986,10778302,0,1
2019-07-11,0.2950868010520935,0.3165859878063202,0.2870943248271942,0.3100234568119049,10441216,0,1
2019-07-12,0.3102138638496399,0.316859632730484,0.29088541865348816,0.3006542921066284,7532006,0,1
2019-07-13,0.3008155822753906,0.5256697535514832,0.30009961128234863,0.34304073452949524,24204268,0,1
2019-07-14,0.3430171608924866,0.36341896653175354,0.3016005754470825,0.35796603560447693,14034233,0,1
2019-07-15,0.358864963054657,0.39932337403297424,0.24941283464431763,0.268225759267807,14552835,0,1
2019-07-16,0.2677636444568634,0.28105705976486206,0.23052522540092468,0.2649284601211548,12278798,0,1
2019-07-17,0.2652624249458313,0.28741928935050964,0.2500420808792114,0.28450021147727966,12702095,0,1
2019-07-18,0.28450021147727966,0.28481364250183105,0.26989778876304626,0.27754005789756775,9468191,0,1
2019-07-19,0.2778521478176117,0.3244856297969818,0.2740899622440338,0.3199863135814667,9517819,0,1
2019-07-20,0.3199863135814667,0.33181965351104736,0.30401748418807983,0.3202781677246094,7181516,0,1
2019-07-21,0.32001957297325134,0.32497191429138184,0.28484970331192017,0.2972405254840851,7492798,0,1
2019-07-22,0.2970929741859436,0.30523252487182617,0.2848452627658844,0.28607723116874695,8729540,0,1
2019-07-23,0.28607723116874695,0.28607723116874695,0.2666738033294678,0.27349853515625,16254394,0,1
2019-07-24,0.2736177444458008,0.2860753536224365,0.2722656726837158,0.2812725901603699,16746438,0,1
2019-07-25,0.2813202738761902,0.28662848472595215,0.2750292718410492,0.2827887535095215,17521218,0,1
2019-07-26,0.2827887535095215,0.2835942208766937,0.26369228959083557,0.2654102146625519,20733495,0,1
2019-07-27,0.26571184396743774,0.27023935317993164,0.25035417079925537,0.26571518182754517,15296224,0,1
2019-07-28,0.26532769203186035,0.26620641350746155,0.2534850835800171,0.25902366638183594,10140209,0,1
2019-07-29,0.2592044472694397,0.26054057478904724,0.2512910068035126,0.25712084770202637,10134324,0,1
2019-07-30,0.2572738230228424,0.2709867060184479,0.2567988336086273,0.269206702709198,8222626,0,1
2019-07-31,0.26898568868637085,0.26952216029167175,0.2493869960308075,0.2542637288570404,10472491,0,1
2019-08-01,0.25408992171287537,0.25970056653022766,0.250588059425354,0.2566278576850891,10885577,0,1
2019-08-02,0.2565779983997345,0.25659453868865967,0.24030247330665588,0.24410496652126312,9270171,0,1
2019-08-03,0.24443978071212769,0.24695807695388794,0.21929804980754852,0.24326610565185547,7684177,0,1
2019-08-04,0.24322344362735748,0.24753937125205994,0.24030593037605286,0.2443380206823349,7756754,0,1
2019-08-05,0.24380189180374146,0.24441438913345337,0.2310110628604889,0.23505651950836182,7341963,0,1
2019-08-06,0.23499548435211182,0.24041996896266937,0.22282613813877106,0.22332078218460083,7909779,0,1
2019-08-07,0.22332078218460083,0.22728365659713745,0.214506134390831,0.21690353751182556,9448593,0,1
2019-08-08,0.21692630648612976,0.22476115822792053,0.1960616558790207,0.19770754873752594,9526185,0,1
2019-08-09,0.19770754873752594,0.20303045213222504,0.19432537257671356,0.20272529125213623,9815647,0,1
2019-08-10,0.2027049958705902,0.20792779326438904,0.1902025192975998,0.20532062649726868,10213652,0,1
2019-08-11,0.2054467648267746,0.20654834806919098,0.19872896373271942,0.20191892981529236,9087780,0,1
2019-08-12,0.20183618366718292,0.20380151271820068,0.1934128850698471,0.20069578289985657,7787165,0,1
2019-08-13,0.20089136064052582,0.25166791677474976,0.18895627558231354,0.24365758895874023,13596559,0,1
2019-08-14,0.2441839873790741,0.26599106192588806,0.22450079023838043,0.2258828729391098,13080798,0,1
2019-08-15,0.2258743941783905,0.22885854542255402,0.19929882884025574,0.19960816204547882,11504464,0,1
2019-08-16,0.19913455843925476,0.20454637706279755,0.19661341607570648,0.1981889307498932,10871099,0,1
2019-08-17,0.19834601879119873,0.2076146900653839,0.1948101669549942,0.20272234082221985,12041185,0,1
2019-08-18,0.20271721482276917,0.21081514656543732,0.2003307044506073,0.2094891518354416,12866841,0,1
2019-08-19,0.2096649408340454,0.2164035141468048,0.20730814337730408,0.2078021615743637,11351062,0,1
2019-08-20,0.2078021615743637,0.20793414115905762,0.1866855025291443,0.1972610354423523,10642489,0,1
2019-08-21,0.1972610354423523,0.256338506937027,0.1919863522052765,0.22567658126354218,42607442,0,1
2019-08-22,0.22567658126354218,0.24927189946174622,0.22056089341640472,0.2425747513771057,24765861,0,1
2019-08-23,0.24235588312149048,0.2735790014266968,0.23610155284404755,0.24294640123844147,30847490,0,1
2019-08-24,0.24294640123844147,0.24657107889652252,0.22376160323619843,0.22540076076984406,19453565,0,1
2019-08-25,0.2252700924873352,0.24125859141349792,0.22423022985458374,0.23917235434055328,17234750,0,1
2019-08-26,0.23953206837177277,0.2402908354997635,0.22386033833026886,0.22560718655586243,13696186,0,1
2019-08-27,0.22531025111675262,0.2285517156124115,0.20466303825378418,0.20735882222652435,13765206,0,1
2019-08-28,0.20737341046333313,0.22553777694702148,0.20712082087993622,0.21395638585090637,18419205,0,1
2019-08-29,0.21395638585090637,0.21779246628284454,0.21013611555099487,0.21420924365520477,12807909,0,1
2019-08-30,0.21415975689888,0.2151666134595871,0.2025962769985199,0.2056325525045395,12132795,0,1
2019-08-31,0.20562130212783813,0.21244071424007416,0.20353616774082184,0.21054738759994507,10729699,0,1
2019-09-01,0.21042929589748383,0.22158615291118622,0.21042929589748383,0.21191221475601196,13936003,0,1
2019-09-02,0.2118348330259323,0.21717552840709686,0.20744718611240387,0.20784413814544678,13470092,0,1
2019-09-03,0.20780426263809204,0.2114029973745346,0.2018534392118454,0.20329488813877106,17280477,0,1
2019-09-04,0.2034565657377243,0.20410284399986267,0.19336403906345367,0.19694188237190247,17575218,0,1
2019-09-05,0.19694188237190247,0.1983281672000885,0.18941833078861237,0.19199222326278687,15437328,0,1
2019-09-06,0.19212296605110168,0.2049451470375061,0.19092857837677002,0.2043789029121399,15167173,0,1
2019-09-07,0.20430250465869904,0.2068958431482315,0.20052917301654816,0.20177462697029114,10702667,0,1
2019-09-08,0.2019844800233841,0.21613700687885284,0.19609639048576355,0.20921160280704498,11374134,0,1
2019-09-09,0.20873720943927765,0.20964784920215607,0.2015964835882187,0.20466218888759613,9522999,0,1
2019-09-10,0.20485107600688934,0.20550237596035004,0.19163744151592255,0.19381371140480042,11076441,0,1
2019-09-11,0.19388967752456665,0.21223942935466766,0.18969915807247162,0.20280206203460693,17359659,0,1
2019-09-12,0.202530175447464,0.20430126786231995,0.19746816158294678,0.19892816245555878,8990505,0,1
2019-09-13,0.19888636469841003,0.20082809031009674,0.19681310653686523,0.19847403466701508,8532784,0,1
2019-09-14,0.19847403466701508,0.20310984551906586,0.1980780065059662,0.201889306306839,7456998,0,1
2019-09-15,0.20191311836242676,0.2031453251838684,0.19781313836574554,0.20070838928222656,8023042,0,1
2019-09-16,0.20072396099567413,0.2126619815826416,0.19820725917816162,0.20978280901908875,13577392,0,1
2019-09-17,0.20977996289730072,0.21944859623908997,0.2068544626235962,0.21854743361473083,13168337,0,1
2019-09-18,0.21856127679347992,0.21859876811504364,0.20379500091075897,0.21176238358020782,12600194,0,1
2019-09-19,0.21191687881946564,0.21198183298110962,0.2044299989938736,0.20883119106292725,11570158,0,1
2019-09-20,0.20873911678791046,0.2113151252269745,0.2032610923051834,0.20697736740112305,10010296,0,1
2019-09-21,0.20720481872558594,0.20741234719753265,0.1970215141773224,0.2011318802833557,10214785,0,1
2019-09-22,0.20147491991519928,0.20521296560764313,0.1933424174785614,0.1934811919927597,9272641,0,1
2019-09-23,0.19342681765556335,0.20358900725841522,0.16822338104248047,0.17314772307872772,28860934,0,1
2019-09-24,0.17285436391830444,0.18049094080924988,0.15954826772212982,0.16897819936275482,14239242,0,1
2019-09-25,0.1687634289264679,0.17132414877414703,0.1548023819923401,0.16068381071090698,10116359,0,1
2019-09-26,0.16095195710659027,0.17903000116348267,0.1585787832736969,0.17902274429798126,50458541,0,1
2019-09-27,0.1771305501461029,0.1945306807756424,0.1657291203737259,0.16636990010738373,9819409,0,1
2019-09-28,0.16625277698040009,0.16665256023406982,0.1580864042043686,0.16257625818252563,10549786,0,1
2019-09-29,0.16321176290512085,0.17848455905914307,0.15738338232040405,0.1766684651374817,36438887,0,1
2019-09-30,0.17668335139751434,0.18370456993579865,0.16463346779346466,0.16722138226032257,12674380,0,1
2019-10-01,0.16722138226032257,0.1739601194858551,0.16552911698818207,0.1729692667722702,14872989,0,1
2019-10-02,0.17268484830856323,0.17268484830856323,0.16348886489868164,0.1650926023721695,9976455,0,1
2019-10-03,0.16510827839374542,0.17479628324508667,0.16380706429481506,0.1705474704504013,11692644,0,1
2019-10-04,0.1705474704504013,0.17502140998840332,0.166794553399086,0.17108593881130219,10515560,0,1
2019-10-05,0.1708040088415146,0.17306408286094666,0.1670185923576355,0.16731245815753937,8585791,0,1
2019-10-06,0.1673542857170105,0.1742897927761078,0.16567984223365784,0.17336006462574005,14432181,0,1
2019-10-07,0.17337524890899658,0.18102337419986725,0.17136728763580322,0.1794458031654358,21379660,0,1
2019-10-08,0.17932048439979553,0.1832258552312851,0.17790468037128448,0.1808321177959442,53980473,0,1
2019-10-09,0.18083052337169647,0.18260407447814941,0.1708046942949295,0.17419929802417755,13091980,0,1
2019-10-10,0.17432446777820587,0.1792268306016922,0.1677032858133316,0.16783754527568817,15382917,0,1
2019-10-11,0.16778208315372467,0.16836300492286682,0.16451309621334076,0.1654192954301834,11671005,0,1
2019-10-12,0.1654893457889557,0.1743188500404358,0.1649053990840912,0.17212285101413727,18421152,0,1
2019-10-13,0.17212285101413727,0.1755700707435608,0.16969062387943268,0.17382672429084778,29501240,0,1
2019-10-14,0.17385293543338776,0.1761983335018158,0.1677674502134323,0.16846801340579987,19080752,0,1
2019-10-15,0.1685655117034912,0.1721450686454773,0.16535839438438416,0.16906946897506714,30132433,0,1
2019-10-16,0.1692948043346405,0.1704815924167633,0.159312903881073,0.16224633157253265,6429769,0,1
2019-10-17,0.16224633157253265,0.16233600676059723,0.1535089612007141,0.15500858426094055,6318181,0,1
2019-10-18,0.15493132174015045,0.16377794742584229,0.15343046188354492,0.153915137052536,5617458,0,1
2019-10-19,0.15361295640468597,0.16443663835525513,0.15294378995895386,0.16346316039562225,9314572,0,1
2019-10-20,0.1634066253900528,0.16594207286834717,0.15830056369304657,0.16099604964256287,27062970,0,1
2019-10-21,0.1609969586133957,0.16664619743824005,0.15461362898349762,0.15958374738693237,20785685,0,1
2019-10-22,0.15958192944526672,0.1638403832912445,0.13933123648166656,0.14151936769485474,5580579,0,1
2019-10-23,0.14154896140098572,0.14386332035064697,0.13949765264987946,0.14281314611434937,5858637,0,1
2019-10-24,0.14293958246707916,0.15338829159736633,0.14062991738319397,0.15210150182247162,14880282,0,1
2019-10-25,0.15204909443855286,0.1607668548822403,0.14448396861553192,0.14664031565189362,17998075,0,1
2019-10-26,0.14659114181995392,0.170996755361557,0.14630062878131866,0.16414543986320496,34681079,0,1
2019-10-28,0.16407373547554016,0.1758050173521042,0.162692129611969,0.16823163628578186,33318323,0,1
2019-10-29,0.16852129995822906,0.17314061522483826,0.1640675812959671,0.16607311367988586,20600327,0,1
2019-10-30,0.16615326702594757,0.17250023782253265,0.16536523401737213,0.16943971812725067,22262213,0,1
2019-10-31,0.16934481263160706,0.17157572507858276,0.1580800563097,0.16349853575229645,9221206,0,1
2019-11-01,0.16356326639652252,0.16663148999214172,0.16198401153087616,0.16328369081020355,7984598,0,1
2019-11-02,0.1629902422428131,0.1662863940000534,0.16276226937770844,0.16522982716560364,6434914,0,1
2019-11-03,0.16516970098018646,0.16724246740341187,0.16254256665706635,0.16697554290294647,7365400,0,1
2019-11-04,0.1670607179403305,0.17827224731445312,0.16601969301700592,0.17814567685127258,10029519,0,1
2019-11-05,0.17814567685127258,0.18239139020442963,0.17184175550937653,0.182289257645607,10998279,0,1
2019-11-06,0.18244153261184692,0.18359774351119995,0.1785421520471573,0.18232940137386322,9096411,0,1
2019-11-07,0.1824798434972763,0.18580922484397888,0.17595519125461578,0.18095709383487701,10550017,0,1
2019-11-08,0.18090267479419708,0.1809193342924118,0.16109977662563324,0.16546101868152618,10730560,0,1
2019-11-09,0.16513770818710327,0.16656379401683807,0.16262586414813995,0.1637641340494156,5714895,0,1
2019-11-10,0.1637871116399765,0.1697041392326355,0.16228269040584564,0.16778045892715454,7751979,0,1
2019-11-11,0.1678396463394165,0.16795147955417633,0.1594284027814865,0.16128261387348175,7082619,0,1
2019-11-12,0.16138365864753723,0.16345065832138062,0.15948867797851562,0.1609477400779724,6254655,0,1
2019-11-13,0.16098646819591522,0.17742712795734406,0.1599835306406021,0.17077867686748505,37396568,0,1
2019-11-14,0.17076434195041656,0.1720876693725586,0.15941797196865082,0.16074039041996002,7379550,0,1
2019-11-15,0.16081038117408752,0.16157054901123047,0.1564394235610962,0.1571238934993744,6309849,0,1
2019-11-16,0.1572079211473465,0.16183193027973175,0.1568223237991333,0.1617881953716278,5228900,0,1
2019-11-17,0.1617881953716278,0.16949187219142914,0.15962950885295868,0.16609539091587067,8790732,0,1
2019-11-18,0.1660201996564865,0.1741122603416443,0.15729738771915436,0.16104698181152344,14838596,0,1
2019-11-19,0.16102813184261322,0.17318858206272125,0.15746605396270752,0.164159893989563,20294508,0,1
2019-11-20,0.16426785290241241,0.16544607281684875,0.15599144995212555,0.15645985305309296,8113993,0,1
2019-11-21,0.15640488266944885,0.1584409922361374,0.14168018102645874,0.1440972089767456,7665282,0,1
2019-11-22,0.1440972089767456,0.14600832760334015,0.12403064221143723,0.1332518309354782,8226553,0,1
2019-11-23,0.13323844969272614,0.1377902626991272,0.13142035901546478,0.13770686089992523,5498744,0,1
2019-11-24,0.13781096041202545,0.13810472190380096,0.12726227939128876,0.12726227939128876,4443324,0,1
2019-11-25,0.12721467018127441,0.13071374595165253,0.1153617799282074,0.12821613252162933,10719914,0,1
2019-11-26,0.12818865478038788,0.13045208156108856,0.12582623958587646,0.130019411444664,5511760,0,1
2019-11-27,0.12956708669662476,0.1398668736219406,0.12475834786891937,0.13846628367900848,10366425,0,1
2019-11-28,0.13833945989608765,0.14179448783397675,0.13707499206066132,0.14101912081241608,5616942,0,1
2019-11-29,0.14103718101978302,0.14224112033843994,0.13815869390964508,0.13927458226680756,5192468,0,1
2019-11-30,0.139040008187294,0.14007210731506348,0.1341128796339035,0.13550685346126556,3346141,0,1
2019-12-01,0.1355738788843155,0.13613000512123108,0.130145862698555,0.13397812843322754,7053440,0,1
