date,open,high,low,close,volume,dividend,split
2015-12-31,56.040000915527344,56.189998626708984,55.41999816894531,55.47999954223633,27334100,0,1
2016-01-04,54.31999969482422,54.79999923706055,53.38999938964844,54.79999923706055,53778000,0,1
2016-01-05,54.93000030517578,55.38999938964844,54.540000915527344,55.04999923706055,34079700,0,1
2016-01-06,54.31999969482422,54.400001525878906,53.63999938964844,54.04999923706055,39518900,0,1
2016-01-07,52.70000076293945,53.4900016784668,52.06999969482422,52.16999816894531,56564900,0,1
2016-01-08,52.369998931884766,53.279998779296875,52.150001525878906,52.33000183105469,48754000,0,1
2016-01-11,52.5099983215332,52.849998474121094,51.459999084472656,52.29999923706055,36943800,0,1
2016-01-12,52.7599983215332,53.099998474121094,52.060001373291016,52.779998779296875,36095500,0,1
2016-01-13,53.79999923706055,54.06999969482422,51.29999923706055,51.63999938964844,66883600,0,1
2016-01-14,52.0,53.41999816894531,51.56999969482422,53.11000061035156,52381900,0,1
2016-01-15,51.310001373291016,51.970001220703125,50.34000015258789,50.9900016784668,71820700,0,1
2016-01-19,51.47999954223633,51.68000030517578,50.060001373291016,50.560001373291016,43564500,0,1
2016-01-20,49.97999954223633,51.380001068115234,49.099998474121094,50.790000915527344,63273000,0,1
2016-01-21,51.0,51.58000183105469,50.29999923706055,50.47999954223633,40191200,0,1
2016-01-22,51.40999984741211,52.33000183105469,51.2599983215332,52.290000915527344,37555800,0,1
2016-01-25,51.939998626708984,52.650001525878906,51.650001525878906,51.790000915527344,34707700,0,1
2016-01-26,51.790000915527344,52.439998626708984,51.54999923706055,52.16999816894531,28900800,0,1
2016-01-27,52.0099983215332,52.20000076293945,51.02000045776367,51.220001220703125,36775200,0,1
2016-01-28,51.86000061035156,52.209999084472656,51.25,52.060001373291016,62513800,0,1
2016-01-29,54.72999954223633,55.09000015258789,54.0,55.09000015258789,83611700,0,1
2016-02-01,54.880001068115234,55.09000015258789,54.5,54.709999084472656,44208500,0,1
2016-02-02,54.16999816894531,54.2599983215332,52.650001525878906,53.0,56313800,0,1
2016-02-03,53.25,53.38999938964844,51.2599983215332,52.15999984741211,57559800,0,1
2016-02-04,52.099998474121094,52.810001373291016,51.369998931884766,52.0,46987100,0,1
2016-02-05,51.939998626708984,52.0,49.560001373291016,50.15999984741211,62009000,0,1
2016-02-08,49.54999923706055,49.56999969482422,48.189998626708984,49.40999984741211,59290500,0,1
2016-02-09,49.02000045776367,50.2400016784668,48.66999816894531,49.279998779296875,46740500,0,1
2016-02-10,49.88999938964844,50.38999938964844,49.52000045776367,49.709999084472656,38237000,0,1
2016-02-11,48.68000030517578,50.11000061035156,48.5099983215332,49.689998626708984,48878600,0,1
2016-02-12,50.25,50.68000030517578,49.75,50.5,34243300,0,1
2016-02-16,50.900001525878906,51.09000015258789,50.130001068115234,51.09000015258789,37291200,0,1
2016-02-17,51.4900016784668,52.77000045776367,51.45000076293945,52.41999816894531,40789000,0,1
2016-02-18,52.33000183105469,52.95000076293945,52.099998474121094,52.189998626708984,27176000,0,1
2016-02-19,51.970001220703125,52.279998779296875,51.529998779296875,51.81999969482422,33559100,0,1
2016-02-22,52.279998779296875,53.0,52.279998779296875,52.650001525878906,25008300,0,1
2016-02-23,52.34000015258789,52.369998931884766,50.97999954223633,51.18000030517578,28895300,0,1
2016-02-24,50.689998626708984,51.5,50.20000076293945,51.36000061035156,33014500,0,1
2016-02-25,51.72999954223633,52.099998474121094,50.61000061035156,52.099998474121094,26939500,0,1
2016-02-26,52.599998474121094,52.68000030517578,51.099998474121094,51.29999923706055,35975900,0,1
2016-02-29,51.349998474121094,51.650001525878906,50.65999984741211,50.880001068115234,31654000,0,1
2016-03-01,50.970001220703125,52.59000015258789,50.91999816894531,52.58000183105469,33024500,0,1
2016-03-02,52.40999984741211,52.959999084472656,52.15999984741211,52.95000076293945,29289900,0,1
2016-03-03,52.970001220703125,52.970001220703125,51.779998779296875,52.349998474121094,24427800,0,1
2016-03-04,52.400001525878906,52.45000076293945,51.709999084472656,52.029998779296875,33034200,0,1
2016-03-07,51.560001373291016,51.79999923706055,50.58000183105469,51.029998779296875,38407800,0,1
2016-03-08,50.79999923706055,52.130001068115234,50.599998474121094,51.650001525878906,33835100,0,1
2016-03-09,51.88999938964844,52.849998474121094,51.86000061035156,52.84000015258789,28251600,0,1
2016-03-10,52.93000030517578,52.939998626708984,51.15999984741211,52.04999923706055,38387800,0,1
2016-03-11,53.0,53.06999969482422,52.380001068115234,53.06999969482422,32275700,0,1
2016-03-14,52.709999084472656,53.59000015258789,52.630001068115234,53.16999816894531,24083600,0,1
2016-03-15,52.75,53.59000015258789,52.7400016784668,53.59000015258789,21104800,0,1
2016-03-16,53.45000076293945,54.599998474121094,53.400001525878906,54.349998474121094,31691700,0,1
2016-03-17,54.209999084472656,55.0,54.0,54.65999984741211,28223900,0,1
2016-03-18,54.91999816894531,54.970001220703125,53.45000076293945,53.4900016784668,67625500,0,1
2016-03-21,53.25,53.93000030517578,52.93000030517578,53.86000061035156,23925700,0,1
2016-03-22,53.61000061035156,54.25,53.459999084472656,54.06999969482422,23124100,0,1
2016-03-23,54.11000061035156,54.2400016784668,53.7400016784668,53.970001220703125,20129000,0,1
2016-03-24,53.84000015258789,54.33000183105469,53.72999954223633,54.209999084472656,19950000,0,1
2016-03-28,54.209999084472656,54.290000915527344,53.33000183105469,53.540000915527344,17025100,0,1
2016-03-29,53.65999984741211,54.86000061035156,53.45000076293945,54.709999084472656,23924300,0,1
2016-03-30,54.93000030517578,55.63999938964844,54.900001525878906,55.04999923706055,23008300,0,1
2016-03-31,54.95000076293945,55.59000015258789,54.86000061035156,55.22999954223633,26360500,0,1
2016-04-01,55.04999923706055,55.61000061035156,54.56999969482422,55.56999969482422,24399200,0,1
2016-04-04,55.43000030517578,55.65999984741211,55.0,55.43000030517578,18928800,0,1
2016-04-05,55.189998626708984,55.29999923706055,54.459999084472656,54.560001373291016,19272300,0,1
2016-04-06,54.36000061035156,55.20000076293945,54.209999084472656,55.119998931884766,21188700,0,1
2016-04-07,54.869998931884766,54.90999984741211,54.22999954223633,54.459999084472656,19225100,0,1
2016-04-08,54.66999816894531,55.279998779296875,54.31999969482422,54.41999816894531,22167200,0,1
2016-04-11,54.4900016784668,55.150001525878906,54.29999923706055,54.310001373291016,21414200,0,1
2016-04-12,54.369998931884766,54.779998779296875,53.7599983215332,54.650001525878906,24944300,0,1
2016-04-13,55.119998931884766,55.439998626708984,54.88999938964844,55.349998474121094,20818000,0,1
2016-04-14,55.220001220703125,55.58000183105469,55.06999969482422,55.36000061035156,20877100,0,1
2016-04-15,55.29999923706055,55.91999816894531,55.11000061035156,55.650001525878906,28793800,0,1
2016-04-18,55.4900016784668,56.59000015258789,55.209999084472656,56.459999084472656,23786000,0,1
2016-04-19,56.630001068115234,56.77000045776367,55.68000030517578,56.38999938964844,29596800,0,1
2016-04-20,56.290000915527344,56.5,55.4900016784668,55.59000015258789,36195700,0,1
2016-04-21,55.79999923706055,56.22999954223633,55.41999816894531,55.779998779296875,38909100,0,1
2016-04-22,51.90999984741211,52.43000030517578,50.77000045776367,51.779998779296875,126834100,0,1
2016-04-25,51.779998779296875,52.130001068115234,51.630001068115234,52.11000061035156,33226900,0,1
2016-04-26,52.2599983215332,52.349998474121094,51.09000015258789,51.439998626708984,33532600,0,1
2016-04-27,51.47999954223633,51.5,50.54999923706055,50.939998626708984,43369300,0,1
2016-04-28,50.619998931884766,50.77000045776367,49.560001373291016,49.900001525878906,43134800,0,1
2016-04-29,49.349998474121094,50.25,49.349998474121094,49.869998931884766,48411700,0,1
2016-05-02,50.0,50.75,49.779998779296875,50.61000061035156,33114500,0,1
2016-05-03,50.34000015258789,50.40999984741211,49.599998474121094,49.779998779296875,26460200,0,1
2016-05-04,49.84000015258789,50.060001373291016,49.459999084472656,49.869998931884766,24257600,0,1
2016-05-05,49.869998931884766,50.29999923706055,49.72999954223633,49.939998626708984,25390700,0,1
2016-05-06,49.91999816894531,50.38999938964844,49.65999984741211,50.38999938964844,24787300,0,1
2016-05-09,50.4900016784668,50.59000015258789,50.0,50.06999969482422,17951600,0,1
2016-05-10,50.33000183105469,51.099998474121094,50.189998626708984,51.02000045776367,22891000,0,1
2016-05-11,51.130001068115234,51.779998779296875,51.0,51.04999923706055,24039100,0,1
2016-05-12,51.20000076293945,51.810001373291016,50.91999816894531,51.5099983215332,24102800,0,1
2016-05-13,51.439998626708984,51.900001525878906,51.040000915527344,51.08000183105469,22592300,0,1
2016-05-16,50.79999923706055,51.959999084472656,50.75,51.83000183105469,20032000,0,1
2016-05-17,51.720001220703125,51.72999954223633,50.36000061035156,50.5099983215332,27803500,0,1
2016-05-18,50.47999954223633,51.13999938964844,50.29999923706055,50.810001373291016,24907500,0,1
2016-05-19,50.470001220703125,50.619998931884766,49.81999969482422,50.31999969482422,23842400,0,1
2016-05-20,50.47999954223633,51.220001220703125,50.400001525878906,50.619998931884766,23905800,0,1
2016-05-23,50.599998474121094,50.68000030517578,49.97999954223633,50.029998779296875,26118700,0,1
2016-05-24,50.70000076293945,51.709999084472656,50.400001525878906,51.59000015258789,34757900,0,1
2016-05-25,51.91999816894531,52.4900016784668,51.790000915527344,52.119998931884766,24040200,0,1
2016-05-26,51.93000030517578,51.97999954223633,51.36000061035156,51.88999938964844,24335200,0,1
2016-05-27,51.91999816894531,52.31999969482422,51.77000045776367,52.31999969482422,17721400,0,1
2016-05-31,52.2599983215332,53.0,52.08000183105469,53.0,37653100,0,1
2016-06-01,52.439998626708984,52.95000076293945,52.439998626708984,52.849998474121094,25324800,0,1
2016-06-02,52.63999938964844,52.7400016784668,51.84000015258789,52.47999954223633,22840800,0,1
2016-06-03,52.380001068115234,52.41999816894531,51.599998474121094,51.790000915527344,23368300,0,1
2016-06-06,51.9900016784668,52.349998474121094,51.88999938964844,52.130001068115234,18243300,0,1
2016-06-07,52.2400016784668,52.72999954223633,52.099998474121094,52.099998474121094,20866800,0,1
2016-06-08,52.02000045776367,52.439998626708984,51.869998931884766,52.040000915527344,21149400,0,1
2016-06-09,52.0,52.0,51.4900016784668,51.619998931884766,20305700,0,1
2016-06-10,51.04999923706055,52.04999923706055,51.040000915527344,51.47999954223633,25833200,0,1
2016-06-13,49.58000183105469,50.720001220703125,49.060001373291016,50.13999938964844,83217800,0,1
2016-06-14,49.900001525878906,50.099998474121094,49.56999969482422,49.83000183105469,42577100,0,1
2016-06-15,49.779998779296875,50.119998931884766,49.689998626708984,49.689998626708984,33757600,0,1
2016-06-16,49.52000045776367,50.470001220703125,49.5099983215332,50.38999938964844,31188600,0,1
2016-06-17,50.40999984741211,50.43000030517578,49.81999969482422,50.130001068115234,45710500,0,1
2016-06-20,50.63999938964844,50.83000183105469,50.029998779296875,50.06999969482422,35607900,0,1
2016-06-21,50.20000076293945,51.43000030517578,50.15999984741211,51.189998626708984,34097800,0,1
2016-06-22,51.08000183105469,51.459999084472656,50.95000076293945,50.9900016784668,28816800,0,1
2016-06-23,51.279998779296875,52.060001373291016,51.150001525878906,51.90999984741211,29028800,0,1
2016-06-24,49.810001373291016,50.939998626708984,49.52000045776367,49.83000183105469,133503000,0,1
2016-06-27,49.099998474121094,49.150001525878906,48.040000915527344,48.43000030517578,50216300,0,1
2016-06-28,48.91999816894531,49.470001220703125,48.66999816894531,49.439998626708984,38140700,0,1
2016-06-29,49.90999984741211,50.720001220703125,49.79999923706055,50.540000915527344,31304000,0,1
2016-06-30,50.720001220703125,51.29999923706055,50.5,51.16999816894531,28527800,0,1
2016-07-01,51.130001068115234,51.720001220703125,51.06999969482422,51.15999984741211,21400400,0,1
2016-07-05,50.83000183105469,51.279998779296875,50.7400016784668,51.16999816894531,24806400,0,1
2016-07-06,50.779998779296875,51.540000915527344,50.38999938964844,51.380001068115234,28167500,0,1
2016-07-07,51.41999816894531,51.61000061035156,51.06999969482422,51.380001068115234,19585200,0,1
2016-07-08,51.72999954223633,52.36000061035156,51.54999923706055,52.29999923706055,28391000,0,1
2016-07-11,52.5,52.83000183105469,52.470001220703125,52.59000015258789,22269200,0,1
2016-07-12,52.939998626708984,53.400001525878906,52.790000915527344,53.209999084472656,27317600,0,1
2016-07-13,53.560001373291016,53.86000061035156,53.18000030517578,53.5099983215332,25356800,0,1
2016-07-14,53.84000015258789,53.9900016784668,53.58000183105469,53.7400016784668,24545500,0,1
2016-07-15,53.95000076293945,54.0,53.209999084472656,53.70000076293945,32024400,0,1
2016-07-18,53.70000076293945,54.34000015258789,53.54999923706055,53.959999084472656,31433900,0,1
2016-07-19,53.709999084472656,53.900001525878906,52.93000030517578,53.09000015258789,53336500,0,1
2016-07-20,56.150001525878906,56.84000015258789,55.529998779296875,55.90999984741211,89893300,0,1
2016-07-21,55.97999954223633,56.22999954223633,55.7599983215332,55.79999923706055,32776700,0,1
2016-07-22,56.08000183105469,56.630001068115234,55.779998779296875,56.56999969482422,32157200,0,1
2016-07-25,56.470001220703125,56.7400016784668,56.2599983215332,56.72999954223633,25610600,0,1
2016-07-26,56.52000045776367,57.290000915527344,56.5099983215332,56.7599983215332,28079000,0,1
2016-07-27,56.61000061035156,56.79999923706055,56.11000061035156,56.189998626708984,32327500,0,1
2016-07-28,56.0,56.369998931884766,55.720001220703125,56.209999084472656,37550400,0,1
2016-07-29,56.2599983215332,56.7599983215332,56.04999923706055,56.68000030517578,30558700,0,1
2016-08-01,56.599998474121094,56.75,56.13999938964844,56.58000183105469,26003400,0,1
2016-08-02,56.849998474121094,56.900001525878906,56.310001373291016,56.58000183105469,35122000,0,1
2016-08-03,56.68000030517578,57.11000061035156,56.4900016784668,56.970001220703125,22075600,0,1
2016-08-04,56.79999923706055,57.52000045776367,56.66999816894531,57.38999938964844,26587700,0,1
2016-08-05,57.650001525878906,58.209999084472656,57.45000076293945,57.959999084472656,29335200,0,1
2016-08-08,58.060001373291016,58.09000015258789,57.779998779296875,58.060001373291016,19473500,0,1
2016-08-09,58.16999816894531,58.5,58.02000045776367,58.20000076293945,16920700,0,1
2016-08-10,58.15999984741211,58.31999969482422,57.81999969482422,58.02000045776367,15756900,0,1
2016-08-11,58.029998779296875,58.45000076293945,58.029998779296875,58.29999923706055,18162300,0,1
2016-08-12,58.029998779296875,58.189998626708984,57.619998931884766,57.939998626708984,21655200,0,1
2016-08-15,58.0099983215332,58.5,57.959999084472656,58.119998931884766,19283900,0,1
2016-08-16,57.61000061035156,57.619998931884766,57.27000045776367,57.439998626708984,20523500,0,1
2016-08-17,57.540000915527344,57.68000030517578,57.22999954223633,57.560001373291016,18856400,0,1
2016-08-18,57.41999816894531,57.70000076293945,57.27000045776367,57.599998474121094,14214300,0,1
2016-08-19,57.43000030517578,57.72999954223633,57.20000076293945,57.619998931884766,17271000,0,1
2016-08-22,57.599998474121094,57.75,57.2599983215332,57.66999816894531,15221900,0,1
2016-08-23,57.900001525878906,58.18000030517578,57.849998474121094,57.88999938964844,18732400,0,1
2016-08-24,57.79999923706055,58.040000915527344,57.720001220703125,57.95000076293945,18151500,0,1
2016-08-25,57.880001068115234,58.290000915527344,57.779998779296875,58.16999816894531,18552600,0,1
2016-08-26,58.279998779296875,58.70000076293945,57.689998626708984,58.029998779296875,20971200,0,1
2016-08-29,58.18000030517578,58.599998474121094,58.099998474121094,58.099998474121094,16417200,0,1
2016-08-30,57.97999954223633,58.189998626708984,57.61000061035156,57.88999938964844,16930200,0,1
2016-08-31,57.650001525878906,57.79999923706055,57.29999923706055,57.459999084472656,20860300,0,1
2016-09-01,57.0099983215332,57.81999969482422,57.0099983215332,57.59000015258789,26075400,0,1
2016-09-02,57.66999816894531,58.189998626708984,57.41999816894531,57.66999816894531,18900500,0,1
2016-09-06,57.779998779296875,57.79999923706055,57.209999084472656,57.61000061035156,16278400,0,1
2016-09-07,57.470001220703125,57.84000015258789,57.40999984741211,57.65999984741211,17493400,0,1
2016-09-08,57.630001068115234,57.790000915527344,57.18000030517578,57.43000030517578,20146100,0,1
2016-09-09,56.790000915527344,57.52000045776367,56.209999084472656,56.209999084472656,35113900,0,1
2016-09-12,56.0,57.209999084472656,55.61000061035156,57.04999923706055,29303000,0,1
2016-09-13,56.5,56.650001525878906,56.04999923706055,56.529998779296875,30130200,0,1
2016-09-14,56.38999938964844,56.630001068115234,56.029998779296875,56.2599983215332,24062500,0,1
2016-09-15,56.150001525878906,57.349998474121094,55.97999954223633,57.189998626708984,26847000,0,1
2016-09-16,57.630001068115234,57.630001068115234,56.75,57.25,44607000,0,1
2016-09-19,57.27000045776367,57.75,56.849998474121094,56.93000030517578,20937100,0,1
2016-09-20,57.349998474121094,57.349998474121094,56.75,56.810001373291016,17384000,0,1
2016-09-21,57.5099983215332,57.849998474121094,57.08000183105469,57.7599983215332,33707300,0,1
2016-09-22,57.91999816894531,58.0,57.630001068115234,57.81999969482422,19822200,0,1
2016-09-23,57.869998931884766,57.90999984741211,57.380001068115234,57.43000030517578,19955300,0,1
2016-09-26,57.08000183105469,57.13999938964844,56.83000183105469,56.900001525878906,21688700,0,1
2016-09-27,56.93000030517578,58.060001373291016,56.68000030517578,57.95000076293945,28065100,0,1
2016-09-28,57.880001068115234,58.060001373291016,57.66999816894531,58.029998779296875,20536400,0,1
2016-09-29,57.810001373291016,58.16999816894531,57.209999084472656,57.400001525878906,25463500,0,1
2016-09-30,57.56999969482422,57.77000045776367,57.34000015258789,57.599998474121094,29910800,0,1
2016-10-03,57.40999984741211,57.54999923706055,57.060001373291016,57.41999816894531,19189500,0,1
2016-10-04,57.27000045776367,57.599998474121094,56.970001220703125,57.2400016784668,20085900,0,1
2016-10-05,57.290000915527344,57.959999084472656,57.2599983215332,57.63999938964844,16726400,0,1
2016-10-06,57.7400016784668,57.86000061035156,57.279998779296875,57.7400016784668,16212600,0,1
2016-10-07,57.849998474121094,57.97999954223633,57.41999816894531,57.79999923706055,20089000,0,1
2016-10-10,57.90999984741211,58.38999938964844,57.869998931884766,58.040000915527344,18196500,0,1
2016-10-11,57.88999938964844,58.02000045776367,56.88999938964844,57.189998626708984,26497400,0,1
2016-10-12,57.11000061035156,57.27000045776367,56.400001525878906,57.11000061035156,22177500,0,1
2016-10-13,56.70000076293945,57.29999923706055,56.31999969482422,56.91999816894531,25313700,0,1
2016-10-14,57.119998931884766,57.7400016784668,57.119998931884766,57.41999816894531,27402500,0,1
2016-10-17,57.36000061035156,57.459999084472656,56.869998931884766,57.220001220703125,23830000,0,1
2016-10-18,57.529998779296875,57.95000076293945,57.40999984741211,57.65999984741211,19149500,0,1
2016-10-19,57.470001220703125,57.84000015258789,57.400001525878906,57.529998779296875,22878400,0,1
2016-10-20,57.5,57.52000045776367,56.65999984741211,57.25,49455600,0,1
2016-10-21,60.279998779296875,60.45000076293945,59.4900016784668,59.65999984741211,80032200,0,1
2016-10-24,59.939998626708984,61.0,59.93000030517578,61.0,54067000,0,1
2016-10-25,60.849998474121094,61.369998931884766,60.79999923706055,60.9900016784668,35137200,0,1
2016-10-26,60.810001373291016,61.20000076293945,60.470001220703125,60.630001068115234,29911600,0,1
2016-10-27,60.61000061035156,60.83000183105469,60.09000015258789,60.099998474121094,28479900,0,1
2016-10-28,60.0099983215332,60.52000045776367,59.58000183105469,59.869998931884766,33574700,0,1
2016-10-31,60.15999984741211,60.41999816894531,59.91999816894531,59.91999816894531,26434700,0,1
2016-11-01,59.970001220703125,60.02000045776367,59.25,59.79999923706055,24533000,0,1
2016-11-02,59.81999969482422,59.93000030517578,59.29999923706055,59.43000030517578,22147000,0,1
2016-11-03,59.529998779296875,59.63999938964844,59.11000061035156,59.209999084472656,21600400,0,1
2016-11-04,58.650001525878906,59.279998779296875,58.52000045776367,58.709999084472656,28697000,0,1
2016-11-07,59.779998779296875,60.52000045776367,59.779998779296875,60.41999816894531,31664800,0,1
2016-11-08,60.54999923706055,60.779998779296875,60.150001525878906,60.470001220703125,22935400,0,1
2016-11-09,60.0,60.59000015258789,59.20000076293945,60.16999816894531,49632500,0,1
2016-11-10,60.47999954223633,60.4900016784668,57.630001068115234,58.70000076293945,57822400,0,1
2016-11-11,58.22999954223633,59.119998931884766,58.0099983215332,59.02000045776367,38767800,0,1
2016-11-14,59.02000045776367,59.08000183105469,57.279998779296875,58.119998931884766,41328400,0,1
2016-11-15,58.33000183105469,59.4900016784668,58.31999969482422,58.869998931884766,35904100,0,1
2016-11-16,58.939998626708984,59.65999984741211,58.810001373291016,59.650001525878906,27332500,0,1
2016-11-17,60.40999984741211,60.95000076293945,59.970001220703125,60.63999938964844,32132700,0,1
2016-11-18,60.779998779296875,61.13999938964844,60.29999923706055,60.349998474121094,27686300,0,1
2016-11-21,60.5,60.970001220703125,60.41999816894531,60.86000061035156,19652600,0,1
2016-11-22,60.97999954223633,61.2599983215332,60.810001373291016,61.119998931884766,23206700,0,1
2016-11-23,61.0099983215332,61.099998474121094,60.25,60.400001525878906,21848900,0,1
2016-11-25,60.29999923706055,60.529998779296875,60.130001068115234,60.529998779296875,8409600,0,1
2016-11-28,60.34000015258789,61.02000045776367,60.209999084472656,60.61000061035156,20732600,0,1
2016-11-29,60.650001525878906,61.40999984741211,60.52000045776367,61.09000015258789,22366700,0,1
2016-11-30,60.86000061035156,61.18000030517578,60.220001220703125,60.2599983215332,34655400,0,1
2016-12-01,60.11000061035156,60.150001525878906,58.939998626708984,59.20000076293945,34542100,0,1
2016-12-02,59.08000183105469,59.470001220703125,58.79999923706055,59.25,25515700,0,1
2016-12-05,59.70000076293945,60.59000015258789,59.560001373291016,60.220001220703125,23552700,0,1
2016-12-06,60.43000030517578,60.459999084472656,59.79999923706055,59.95000076293945,19907000,0,1
2016-12-07,60.0099983215332,61.380001068115234,59.79999923706055,61.369998931884766,30809000,0,1
2016-12-08,61.29999923706055,61.58000183105469,60.84000015258789,61.0099983215332,21220800,0,1
2016-12-09,61.18000030517578,61.9900016784668,61.130001068115234,61.970001220703125,27349400,0,1
2016-12-12,61.81999969482422,62.29999923706055,61.720001220703125,62.16999816894531,20198100,0,1
2016-12-13,62.5,63.41999816894531,62.2400016784668,62.97999954223633,35718900,0,1
2016-12-14,63.0,63.45000076293945,62.529998779296875,62.68000030517578,30352700,0,1
2016-12-15,62.70000076293945,63.150001525878906,62.29999923706055,62.58000183105469,27669900,0,1
2016-12-16,62.95000076293945,62.95000076293945,62.119998931884766,62.29999923706055,42453100,0,1
2016-12-19,62.560001373291016,63.77000045776367,62.41999816894531,63.619998931884766,34338200,0,1
2016-12-20,63.689998626708984,63.79999923706055,63.029998779296875,63.540000915527344,26028400,0,1
2016-12-21,63.43000030517578,63.70000076293945,63.119998931884766,63.540000915527344,17096300,0,1
2016-12-22,63.84000015258789,64.0999984741211,63.40999984741211,63.54999923706055,22176600,0,1
2016-12-23,63.45000076293945,63.540000915527344,62.79999923706055,63.2400016784668,12403800,0,1
2016-12-27,63.209999084472656,64.06999969482422,63.209999084472656,63.279998779296875,11763200,0,1
2016-12-28,63.400001525878906,63.400001525878906,62.83000183105469,62.9900016784668,14653300,0,1
2016-12-29,62.86000061035156,63.20000076293945,62.72999954223633,62.900001525878906,10250600,0,1
2016-12-30,62.959999084472656,62.9900016784668,62.029998779296875,62.13999938964844,25579900,0,1
2017-01-03,62.790000915527344,62.84000015258789,62.130001068115234,62.58000183105469,20694100,0,1
2017-01-04,62.47999954223633,62.75,62.119998931884766,62.29999923706055,21340000,0,1
2017-01-05,62.189998626708984,62.65999984741211,62.029998779296875,62.29999923706055,24876000,0,1
2017-01-06,62.29999923706055,63.150001525878906,62.040000915527344,62.84000015258789,19922900,0,1
2017-01-09,62.7599983215332,63.08000183105469,62.540000915527344,62.63999938964844,20382700,0,1
2017-01-10,62.72999954223633,63.06999969482422,62.279998779296875,62.619998931884766,18593000,0,1
2017-01-11,62.61000061035156,63.22999954223633,62.43000030517578,63.189998626708984,21517300,0,1
2017-01-12,63.060001373291016,63.400001525878906,61.95000076293945,62.61000061035156,20968200,0,1
2017-01-13,62.619998931884766,62.869998931884766,62.349998474121094,62.70000076293945,19422300,0,1
2017-01-17,62.68000030517578,62.70000076293945,62.029998779296875,62.529998779296875,20664000,0,1
2017-01-18,62.66999816894531,62.70000076293945,62.119998931884766,62.5,19670100,0,1
2017-01-19,62.2400016784668,62.97999954223633,62.20000076293945,62.29999923706055,18451700,0,1
2017-01-20,62.66999816894531,62.81999969482422,62.369998931884766,62.7400016784668,30213500,0,1
2017-01-23,62.70000076293945,63.119998931884766,62.56999969482422,62.959999084472656,23097600,0,1
2017-01-24,63.20000076293945,63.7400016784668,62.939998626708984,63.52000045776367,24672900,0,1
2017-01-25,63.95000076293945,64.0999984741211,63.45000076293945,63.68000030517578,23672700,0,1
2017-01-26,64.12000274658203,64.54000091552734,63.54999923706055,64.2699966430664,43554600,0,1
2017-01-27,65.38999938964844,65.91000366210938,64.88999938964844,65.77999877929688,44818000,0,1
2017-01-30,65.69000244140625,65.79000091552734,64.80000305175781,65.12999725341797,31651400,0,1
2017-01-31,64.86000061035156,65.1500015258789,64.26000213623047,64.6500015258789,25270500,0,1
2017-02-01,64.36000061035156,64.62000274658203,63.470001220703125,63.58000183105469,39671500,0,1
2017-02-02,63.25,63.40999984741211,62.75,63.16999816894531,45827000,0,1
2017-02-03,63.5,63.70000076293945,63.06999969482422,63.68000030517578,30301800,0,1
2017-02-06,63.5,63.650001525878906,63.13999938964844,63.63999938964844,19796400,0,1
2017-02-07,63.7400016784668,63.779998779296875,63.22999954223633,63.43000030517578,20277200,0,1
2017-02-08,63.56999969482422,63.810001373291016,63.220001220703125,63.34000015258789,18096400,0,1
2017-02-09,63.52000045776367,64.44000244140625,63.31999969482422,64.05999755859375,22644400,0,1
2017-02-10,64.25,64.30000305175781,63.97999954223633,64.0,18170700,0,1
2017-02-13,64.23999786376953,64.86000061035156,64.12999725341797,64.72000122070312,22920100,0,1
2017-02-14,64.41000366210938,64.72000122070312,64.0199966430664,64.56999969482422,23108400,0,1
2017-02-15,64.5,64.56999969482422,64.16000366210938,64.52999877929688,17005200,0,1
2017-02-16,64.73999786376953,65.23999786376953,64.44000244140625,64.5199966430664,20546300,0,1
2017-02-17,64.47000122070312,64.69000244140625,64.30000305175781,64.62000274658203,21248800,0,1
2017-02-21,64.61000061035156,64.94999694824219,64.44999694824219,64.48999786376953,20655900,0,1
2017-02-22,64.33000183105469,64.38999938964844,64.05000305175781,64.36000061035156,19292700,0,1
2017-02-23,64.41999816894531,64.7300033569336,64.19000244140625,64.62000274658203,20273100,0,1
2017-02-24,64.52999877929688,64.80000305175781,64.13999938964844,64.62000274658203,21796800,0,1
2017-02-27,64.54000091552734,64.54000091552734,64.05000305175781,64.2300033569336,15871500,0,1
2017-02-28,64.08000183105469,64.19999694824219,63.7599983215332,63.97999954223633,23239800,0,1
2017-03-01,64.12999725341797,64.98999786376953,64.0199966430664,64.94000244140625,26937500,0,1
2017-03-02,64.69000244140625,64.75,63.880001068115234,64.01000213623047,24539600,0,1
2017-03-03,63.9900016784668,64.27999877929688,63.619998931884766,64.25,18135900,0,1
2017-03-06,63.970001220703125,64.55999755859375,63.810001373291016,64.2699966430664,18750300,0,1
2017-03-07,64.19000244140625,64.77999877929688,64.19000244140625,64.4000015258789,18521000,0,1
2017-03-08,64.26000213623047,65.08000183105469,64.25,64.98999786376953,21510900,0,1
2017-03-09,65.19000244140625,65.19999694824219,64.4800033569336,64.7300033569336,19846800,0,1
2017-03-10,65.11000061035156,65.26000213623047,64.75,64.93000030517578,19538200,0,1
2017-03-13,65.01000213623047,65.19000244140625,64.56999969482422,64.70999908447266,20100000,0,1
2017-03-14,64.52999877929688,64.55000305175781,64.1500015258789,64.41000366210938,14280200,0,1
2017-03-15,64.55000305175781,64.91999816894531,64.25,64.75,24833800,0,1
2017-03-16,64.75,64.76000213623047,64.30000305175781,64.63999938964844,20674300,0,1
2017-03-17,64.91000366210938,65.23999786376953,64.68000030517578,64.87000274658203,49219700,0,1
2017-03-20,64.91000366210938,65.18000030517578,64.72000122070312,64.93000030517578,14598100,0,1
2017-03-21,65.19000244140625,65.5,64.12999725341797,64.20999908447266,26640500,0,1
2017-03-22,64.12000274658203,65.13999938964844,64.12000274658203,65.02999877929688,20680000,0,1
2017-03-23,64.94000244140625,65.23999786376953,64.7699966430664,64.87000274658203,19269200,0,1
2017-03-24,65.36000061035156,65.44999694824219,64.76000213623047,64.9800033569336,22617100,0,1
2017-03-27,64.62999725341797,65.22000122070312,64.3499984741211,65.0999984741211,18614700,0,1
2017-03-28,64.95999908447266,65.47000122070312,64.6500015258789,65.29000091552734,20080400,0,1
2017-03-29,65.12000274658203,65.5,64.94999694824219,65.47000122070312,13618400,0,1
2017-03-30,65.41999816894531,65.9800033569336,65.36000061035156,65.70999908447266,15122800,0,1
2017-03-31,65.6500015258789,66.19000244140625,65.44999694824219,65.86000061035156,21040300,0,1
2017-04-03,65.80999755859375,65.94000244140625,65.19000244140625,65.55000305175781,20400900,0,1
2017-04-04,65.38999938964844,65.80999755859375,65.27999877929688,65.7300033569336,12997400,0,1
2017-04-05,66.30000305175781,66.3499984741211,65.44000244140625,65.55999755859375,21448600,0,1
2017-04-06,65.5999984741211,66.05999755859375,65.4800033569336,65.7300033569336,18103500,0,1
2017-04-07,65.8499984741211,65.95999908447266,65.44000244140625,65.68000030517578,14108500,0,1
2017-04-10,65.61000061035156,65.81999969482422,65.36000061035156,65.52999877929688,17952700,0,1
2017-04-11,65.5999984741211,65.61000061035156,64.8499984741211,65.4800033569336,18791500,0,1
2017-04-12,65.41999816894531,65.51000213623047,65.11000061035156,65.2300033569336,17108500,0,1
2017-04-13,65.29000091552734,65.86000061035156,64.94999694824219,64.94999694824219,17896500,0,1
2017-04-17,65.04000091552734,65.48999786376953,65.01000213623047,65.4800033569336,16689300,0,1
2017-04-18,65.33000183105469,65.70999908447266,65.16000366210938,65.38999938964844,15155600,0,1
2017-04-19,65.6500015258789,65.75,64.88999938964844,65.04000091552734,26992800,0,1
2017-04-20,65.45999908447266,65.75,65.13999938964844,65.5,22299500,0,1
2017-04-21,65.66999816894531,66.69999694824219,65.44999694824219,66.4000015258789,32522600,0,1
2017-04-24,67.4800033569336,67.66000366210938,67.0999984741211,67.52999877929688,29770000,0,1
2017-04-25,67.9000015258789,68.04000091552734,67.5999984741211,67.91999816894531,30242700,0,1
2017-04-26,68.08000183105469,68.30999755859375,67.62000274658203,67.83000183105469,26190800,0,1
2017-04-27,68.1500015258789,68.37999725341797,67.58000183105469,68.2699966430664,34971000,0,1
2017-04-28,68.91000366210938,69.13999938964844,67.69000244140625,68.45999908447266,39548800,0,1
2017-05-01,68.68000030517578,69.55000305175781,68.5,69.41000366210938,31954400,0,1
2017-05-02,69.70999908447266,69.70999908447266,69.12999725341797,69.30000305175781,23906100,0,1
2017-05-03,69.37999725341797,69.37999725341797,68.70999908447266,69.08000183105469,28928000,0,1
2017-05-04,69.02999877929688,69.08000183105469,68.63999938964844,68.80999755859375,21749400,0,1
2017-05-05,68.9000015258789,69.02999877929688,68.48999786376953,69.0,19128800,0,1
2017-05-08,68.97000122070312,69.05000305175781,68.41999816894531,68.94000244140625,18566100,0,1
2017-05-09,68.86000061035156,69.27999877929688,68.68000030517578,69.04000091552734,22858400,0,1
2017-05-10,68.98999786376953,69.55999755859375,68.91999816894531,69.30999755859375,17977800,0,1
2017-05-11,68.36000061035156,68.7300033569336,68.12000274658203,68.45999908447266,28789400,0,1
2017-05-12,68.61000061035156,68.61000061035156,68.04000091552734,68.37999725341797,18714100,0,1
2017-05-15,68.13999938964844,68.4800033569336,67.56999969482422,68.43000030517578,31530300,0,1
2017-05-16,68.2300033569336,69.44000244140625,68.16000366210938,69.41000366210938,34956000,0,1
2017-05-17,68.88999938964844,69.0999984741211,67.43000030517578,67.4800033569336,30548800,0,1
2017-05-18,67.4000015258789,68.12999725341797,67.13999938964844,67.70999908447266,25201300,0,1
2017-05-19,67.5,68.0999984741211,67.43000030517578,67.69000244140625,26961100,0,1
2017-05-22,67.88999938964844,68.5,67.5,68.44999694824219,16237600,0,1
2017-05-23,68.72000122070312,68.75,68.37999725341797,68.68000030517578,15425800,0,1
2017-05-24,68.87000274658203,68.87999725341797,68.44999694824219,68.7699966430664,14593900,0,1
2017-05-25,68.97000122070312,69.87999725341797,68.91000366210938,69.62000274658203,21854100,0,1
2017-05-26,69.80000305175781,70.22000122070312,69.5199966430664,69.95999908447266,19827900,0,1
2017-05-30,69.79000091552734,70.41000366210938,69.7699966430664,70.41000366210938,17072800,0,1
2017-05-31,70.52999877929688,70.73999786376953,69.80999755859375,69.83999633789062,30436400,0,1
2017-06-01,70.23999786376953,70.61000061035156,69.44999694824219,70.0999984741211,21603600,0,1
2017-06-02,70.44000244140625,71.86000061035156,70.23999786376953,71.76000213623047,34770300,0,1
2017-06-05,71.97000122070312,72.88999938964844,71.80999755859375,72.27999877929688,33316800,0,1
2017-06-06,72.30000305175781,72.62000274658203,72.2699966430664,72.5199966430664,31511100,0,1
2017-06-07,72.63999938964844,72.7699966430664,71.94999694824219,72.38999938964844,22301800,0,1
2017-06-08,72.51000213623047,72.5199966430664,71.5,71.94999694824219,24588300,0,1
2017-06-09,72.04000091552734,72.08000183105469,68.58999633789062,70.31999969482422,49187400,0,1
2017-06-12,69.25,69.94000244140625,68.12999725341797,69.77999877929688,47761700,0,1
2017-06-13,70.0199966430664,70.81999969482422,69.95999908447266,70.6500015258789,25258600,0,1
2017-06-14,70.91000366210938,71.0999984741211,69.43000030517578,70.2699966430664,25510700,0,1
2017-06-15,69.2699966430664,70.20999908447266,68.80000305175781,69.9000015258789,26068700,0,1
2017-06-16,69.7300033569336,70.02999877929688,69.22000122070312,70.0,48345100,0,1
2017-06-19,70.5,70.94000244140625,70.3499984741211,70.87000274658203,23798300,0,1
2017-06-20,70.81999969482422,70.87000274658203,69.87000274658203,69.91000366210938,21512200,0,1
2017-06-21,70.20999908447266,70.62000274658203,69.94000244140625,70.2699966430664,19891100,0,1
2017-06-22,70.54000091552734,70.58999633789062,69.70999908447266,70.26000213623047,22965700,0,1
2017-06-23,70.08999633789062,71.25,69.91999816894531,71.20999908447266,27617300,0,1
2017-06-26,71.4000015258789,71.70999908447266,70.44000244140625,70.52999877929688,19607000,0,1
2017-06-27,70.11000061035156,70.18000030517578,69.18000030517578,69.20999908447266,25215100,0,1
2017-06-28,69.20999908447266,69.83999633789062,68.79000091552734,69.80000305175781,25806200,0,1
2017-06-29,69.37999725341797,69.48999786376953,68.08999633789062,68.48999786376953,28918700,0,1
2017-06-30,68.77999877929688,69.37999725341797,68.73999786376953,68.93000030517578,24161100,0,1
2017-07-03,69.33000183105469,69.5999984741211,68.0199966430664,68.16999816894531,16165500,0,1
2017-07-05,68.26000213623047,69.44000244140625,68.22000122070312,69.08000183105469,21176300,0,1
2017-07-06,68.2699966430664,68.77999877929688,68.12000274658203,68.56999969482422,21117600,0,1
2017-07-07,68.69999694824219,69.83999633789062,68.69999694824219,69.45999908447266,16878300,0,1
2017-07-10,69.45999908447266,70.25,69.19999694824219,69.9800033569336,15014500,0,1
2017-07-11,70.0,70.68000030517578,69.75,69.98999786376953,17460000,0,1
2017-07-12,70.69000244140625,71.27999877929688,70.55000305175781,71.1500015258789,17750900,0,1
2017-07-13,71.5,72.04000091552734,71.30999755859375,71.7699966430664,20269800,0,1
2017-07-14,72.23999786376953,73.2699966430664,71.95999908447266,72.77999877929688,25868100,0,1
2017-07-17,72.80000305175781,73.44999694824219,72.72000122070312,73.3499984741211,21803900,0,1
2017-07-18,73.08999633789062,73.38999938964844,72.66000366210938,73.30000305175781,26435300,0,1
2017-07-19,73.5,74.04000091552734,73.44999694824219,73.86000061035156,22416200,0,1
2017-07-20,74.18000030517578,74.30000305175781,73.27999877929688,74.22000122070312,42361000,0,1
2017-07-21,73.44999694824219,74.29000091552734,73.16999816894531,73.79000091552734,46717100,0,1
2017-07-24,73.52999877929688,73.75,73.12999725341797,73.5999984741211,21394800,0,1
2017-07-25,73.80000305175781,74.30999755859375,73.5,74.19000244140625,22018700,0,1
2017-07-26,74.33999633789062,74.37999725341797,73.80999755859375,74.05000305175781,16252200,0,1
2017-07-27,73.76000213623047,74.41999816894531,72.31999969482422,73.16000366210938,36844200,0,1
2017-07-28,72.66999816894531,73.30999755859375,72.54000091552734,73.04000091552734,18306700,0,1
2017-07-31,73.30000305175781,73.44000244140625,72.41000366210938,72.69999694824219,23600100,0,1
2017-08-01,73.0999984741211,73.41999816894531,72.48999786376953,72.58000183105469,22132300,0,1
2017-08-02,72.55000305175781,72.55999755859375,71.44000244140625,72.26000213623047,26499200,0,1
2017-08-03,72.19000244140625,72.44000244140625,71.8499984741211,72.1500015258789,18214400,0,1
2017-08-04,72.4000015258789,73.04000091552734,72.23999786376953,72.68000030517578,22579000,0,1
2017-08-07,72.80000305175781,72.9000015258789,72.26000213623047,72.4000015258789,18705700,0,1
2017-08-08,72.08999633789062,73.12999725341797,71.75,72.79000091552734,22044600,0,1
2017-08-09,72.25,72.51000213623047,72.05000305175781,72.47000122070312,22213400,0,1
2017-08-10,71.9000015258789,72.19000244140625,71.3499984741211,71.41000366210938,24734500,0,1
2017-08-11,71.61000061035156,72.69999694824219,71.27999877929688,72.5,21443700,0,1
2017-08-14,73.05999755859375,73.72000122070312,72.94999694824219,73.58999633789062,20096600,0,1
2017-08-15,73.58999633789062,73.58999633789062,73.04000091552734,73.22000122070312,19181400,0,1
2017-08-16,73.33999633789062,74.0999984741211,73.16999816894531,73.6500015258789,18150400,0,1
2017-08-17,73.58000183105469,73.87000274658203,72.4000015258789,72.4000015258789,22977500,0,1
2017-08-18,72.2699966430664,72.83999633789062,71.93000030517578,72.48999786376953,18761500,0,1
2017-08-21,72.47000122070312,72.4800033569336,71.69999694824219,72.1500015258789,17734800,0,1
2017-08-22,72.3499984741211,73.23999786376953,72.3499984741211,73.16000366210938,14343700,0,1
2017-08-23,72.95999908447266,73.1500015258789,72.52999877929688,72.72000122070312,13766500,0,1
2017-08-24,72.73999786376953,72.86000061035156,72.06999969482422,72.69000244140625,17098300,0,1
2017-08-25,72.86000061035156,73.3499984741211,72.4800033569336,72.81999969482422,12794300,0,1
2017-08-28,73.05999755859375,73.08999633789062,72.55000305175781,72.83000183105469,14569700,0,1
2017-08-29,72.25,73.16000366210938,72.05000305175781,73.05000305175781,11478400,0,1
2017-08-30,73.01000213623047,74.20999908447266,72.83000183105469,74.01000213623047,16897800,0,1
2017-08-31,74.02999877929688,74.95999908447266,73.80000305175781,74.7699966430664,27652800,0,1
2017-09-01,74.70999908447266,74.73999786376953,73.63999938964844,73.94000244140625,21736200,0,1
2017-09-05,73.33999633789062,73.88999938964844,72.9800033569336,73.61000061035156,21556000,0,1
2017-09-06,73.73999786376953,74.04000091552734,73.3499984741211,73.4000015258789,16535800,0,1
2017-09-07,73.68000030517578,74.5999984741211,73.5999984741211,74.33999633789062,17471200,0,1
2017-09-08,74.33000183105469,74.44000244140625,73.83999633789062,73.9800033569336,14703800,0,1
2017-09-11,74.30999755859375,74.94000244140625,74.30999755859375,74.76000213623047,17910400,0,1
2017-09-12,74.76000213623047,75.23999786376953,74.37000274658203,74.68000030517578,14394900,0,1
2017-09-13,74.93000030517578,75.2300033569336,74.55000305175781,75.20999908447266,13380800,0,1
2017-09-14,75.0,75.48999786376953,74.5199966430664,74.7699966430664,15733900,0,1
2017-09-15,74.83000183105469,75.38999938964844,74.06999969482422,75.30999755859375,38578400,0,1
2017-09-18,75.2300033569336,75.97000122070312,75.04000091552734,75.16000366210938,23307000,0,1
2017-09-19,75.20999908447266,75.70999908447266,75.01000213623047,75.44000244140625,16093300,0,1
2017-09-20,75.3499984741211,75.55000305175781,74.30999755859375,74.94000244140625,21587900,0,1
2017-09-21,75.11000061035156,75.23999786376953,74.11000061035156,74.20999908447266,19186100,0,1
2017-09-22,73.98999786376953,74.51000213623047,73.8499984741211,74.41000366210938,14111400,0,1
2017-09-25,74.08999633789062,74.25,72.91999816894531,73.26000213623047,24149200,0,1
2017-09-26,73.66999816894531,73.80999755859375,72.98999786376953,73.26000213623047,18019600,0,1
2017-09-27,73.55000305175781,74.16999816894531,73.16999816894531,73.8499984741211,19565100,0,1
2017-09-28,73.54000091552734,73.97000122070312,73.30999755859375,73.87000274658203,10883800,0,1
2017-09-29,73.94000244140625,74.54000091552734,73.87999725341797,74.48999786376953,17079100,0,1
2017-10-02,74.70999908447266,75.01000213623047,74.30000305175781,74.61000061035156,15304800,0,1
2017-10-03,74.66999816894531,74.87999725341797,74.19000244140625,74.26000213623047,12190400,0,1
2017-10-04,74.08999633789062,74.72000122070312,73.70999908447266,74.69000244140625,13317700,0,1
2017-10-05,75.22000122070312,76.12000274658203,74.95999908447266,75.97000122070312,21195300,0,1
2017-10-06,75.66999816894531,76.02999877929688,75.54000091552734,76.0,13959800,0,1
2017-10-09,75.97000122070312,76.55000305175781,75.86000061035156,76.29000091552734,11386500,0,1
2017-10-10,76.33000183105469,76.62999725341797,76.13999938964844,76.29000091552734,13944500,0,1
2017-10-11,76.36000061035156,76.45999908447266,75.94999694824219,76.41999816894531,15388900,0,1
2017-10-12,76.48999786376953,77.29000091552734,76.37000274658203,77.12000274658203,16876500,0,1
2017-10-13,77.58999633789062,77.87000274658203,77.29000091552734,77.48999786376953,15335700,0,1
2017-10-16,77.41999816894531,77.80999755859375,77.3499984741211,77.6500015258789,12380100,0,1
2017-10-17,77.47000122070312,77.62000274658203,77.25,77.58999633789062,16824000,0,1
2017-10-18,77.66999816894531,77.8499984741211,77.37000274658203,77.61000061035156,13300700,0,1
2017-10-19,77.56999969482422,77.93000030517578,77.3499984741211,77.91000366210938,15092800,0,1
2017-10-20,78.31999969482422,78.97000122070312,78.22000122070312,78.80999755859375,22866400,0,1
2017-10-23,78.98999786376953,79.33999633789062,78.76000213623047,78.83000183105469,20627200,0,1
2017-10-24,78.9000015258789,79.19999694824219,78.45999908447266,78.86000061035156,17517200,0,1
2017-10-25,78.58000183105469,79.0999984741211,78.01000213623047,78.62999725341797,20410800,0,1
2017-10-26,79.19999694824219,79.41999816894531,78.75,78.76000213623047,32120700,0,1
2017-10-27,84.37000274658203,86.19999694824219,83.61000061035156,83.80999755859375,71066700,0,1
2017-10-30,83.69999694824219,84.33000183105469,83.11000061035156,83.88999938964844,31756700,0,1
2017-10-31,84.36000061035156,84.36000061035156,83.11000061035156,83.18000030517578,27086600,0,1
2017-11-01,83.68000030517578,83.76000213623047,82.87999725341797,83.18000030517578,22307400,0,1
2017-11-02,83.3499984741211,84.45999908447266,83.12000274658203,84.05000305175781,23992900,0,1
2017-11-03,84.08000183105469,84.54000091552734,83.4000015258789,84.13999938964844,17633500,0,1
2017-11-06,84.19999694824219,84.69999694824219,84.08000183105469,84.47000122070312,19860900,0,1
2017-11-07,84.7699966430664,84.9000015258789,83.93000030517578,84.2699966430664,17939700,0,1
2017-11-08,84.13999938964844,84.61000061035156,83.83000183105469,84.55999755859375,18034200,0,1
2017-11-09,84.11000061035156,84.2699966430664,82.9000015258789,84.08999633789062,21178400,0,1
2017-11-10,83.79000091552734,84.0999984741211,83.2300033569336,83.87000274658203,19397800,0,1
2017-11-13,83.66000366210938,83.94000244140625,83.45999908447266,83.93000030517578,14196900,0,1
2017-11-14,83.5,84.0999984741211,82.9800033569336,84.05000305175781,18801300,0,1
2017-11-15,83.47000122070312,83.69000244140625,82.69000244140625,82.9800033569336,19383100,0,1
2017-11-16,83.0999984741211,83.41999816894531,82.94000244140625,83.19999694824219,20962800,0,1
2017-11-17,83.12000274658203,83.12000274658203,82.23999786376953,82.4000015258789,22079000,0,1
2017-11-20,82.4000015258789,82.58999633789062,82.25,82.52999877929688,16315000,0,1
2017-11-21,82.73999786376953,83.83999633789062,82.73999786376953,83.72000122070312,21237500,0,1
2017-11-22,83.83000183105469,83.9000015258789,83.04000091552734,83.11000061035156,20553100,0,1
2017-11-24,83.01000213623047,83.43000030517578,82.77999877929688,83.26000213623047,7425600,0,1
2017-11-27,83.30999755859375,83.9800033569336,83.30000305175781,83.87000274658203,18265200,0,1
2017-11-28,84.06999969482422,85.05999755859375,84.0199966430664,84.87999725341797,21926000,0,1
2017-11-29,84.70999908447266,84.91999816894531,83.18000030517578,83.33999633789062,27381100,0,1
2017-11-30,83.51000213623047,84.5199966430664,83.33999633789062,84.16999816894531,33054600,0,1
2017-12-01,83.5999984741211,84.80999755859375,83.22000122070312,84.26000213623047,29532100,0,1
2017-12-04,84.41999816894531,84.43000030517578,80.69999694824219,81.08000183105469,39094900,0,1
2017-12-05,81.33999633789062,82.68000030517578,80.9800033569336,81.58999633789062,26152300,0,1
2017-12-06,81.55000305175781,83.13999938964844,81.43000030517578,82.77999877929688,26162100,0,1
2017-12-07,82.54000091552734,82.80000305175781,82.0,82.48999786376953,23184500,0,1
2017-12-08,83.62999725341797,84.58000183105469,83.33000183105469,84.16000366210938,24489100,0,1
2017-12-11,84.29000091552734,85.37000274658203,84.12000274658203,85.2300033569336,22857900,0,1
2017-12-12,85.30999755859375,86.05000305175781,85.08000183105469,85.58000183105469,23924100,0,1
2017-12-13,85.73999786376953,86.0,85.16999816894531,85.3499984741211,22062700,0,1
2017-12-14,85.43000030517578,85.87000274658203,84.52999877929688,84.69000244140625,19306000,0,1
2017-12-15,85.26000213623047,87.08999633789062,84.87999725341797,86.8499984741211,53936700,0,1
2017-12-18,87.12000274658203,87.5,86.2300033569336,86.37999725341797,22283800,0,1
2017-12-19,86.3499984741211,86.3499984741211,85.2699966430664,85.83000183105469,23524800,0,1
2017-12-20,86.19999694824219,86.30000305175781,84.70999908447266,85.5199966430664,23674900,0,1
2017-12-21,86.05000305175781,86.0999984741211,85.4000015258789,85.5,17990700,0,1
2017-12-22,85.4000015258789,85.62999725341797,84.91999816894531,85.51000213623047,14145800,0,1
2017-12-26,85.30999755859375,85.52999877929688,85.02999877929688,85.4000015258789,9891200,0,1
2017-12-27,85.6500015258789,85.9800033569336,85.22000122070312,85.70999908447266,14678000,0,1
2017-12-28,85.9000015258789,85.93000030517578,85.55000305175781,85.72000122070312,10594300,0,1
2017-12-29,85.62999725341797,86.05000305175781,85.5,85.54000091552734,18717400,0,1
2018-01-02,86.12999725341797,86.30999755859375,85.5,85.94999694824219,22483800,0,1
2018-01-03,86.05999755859375,86.51000213623047,85.97000122070312,86.3499984741211,26061400,0,1
2018-01-04,86.58999633789062,87.66000366210938,86.56999969482422,87.11000061035156,21912000,0,1
2018-01-05,87.66000366210938,88.41000366210938,87.43000030517578,88.19000244140625,23407100,0,1
2018-01-08,88.19999694824219,88.58000183105469,87.5999984741211,88.27999877929688,22113000,0,1
2018-01-09,88.6500015258789,88.7300033569336,87.86000061035156,88.22000122070312,19484300,0,1
2018-01-10,87.86000061035156,88.19000244140625,87.41000366210938,87.81999969482422,18652200,0,1
2018-01-11,88.12999725341797,88.12999725341797,87.23999786376953,88.08000183105469,17808900,0,1
2018-01-12,88.66999816894531,89.77999877929688,88.44999694824219,89.5999984741211,24271500,0,1
2018-01-16,90.0999984741211,90.79000091552734,88.01000213623047,88.3499984741211,36599700,0,1
2018-01-17,89.08000183105469,90.27999877929688,88.75,90.13999938964844,25621200,0,1
2018-01-18,89.80000305175781,90.66999816894531,89.66000366210938,90.0999984741211,24159700,0,1
2018-01-19,90.13999938964844,90.61000061035156,89.66000366210938,90.0,36875000,0,1
2018-01-22,90.0,91.62000274658203,89.73999786376953,91.61000061035156,23601600,0,1
2018-01-23,91.9000015258789,92.30000305175781,91.54000091552734,91.9000015258789,23412800,0,1
2018-01-24,92.55000305175781,93.43000030517578,91.58000183105469,91.81999969482422,33277500,0,1
2018-01-25,92.47000122070312,93.23999786376953,91.93000030517578,92.33000183105469,26383200,0,1
2018-01-26,93.12000274658203,94.05999755859375,92.58000183105469,94.05999755859375,29172200,0,1
2018-01-29,95.13999938964844,95.44999694824219,93.72000122070312,93.91999816894531,31569900,0,1
2018-01-30,93.30000305175781,93.66000366210938,92.0999984741211,92.73999786376953,38635100,0,1
2018-01-31,93.75,95.4000015258789,93.51000213623047,95.01000213623047,48756300,0,1
2018-02-01,94.79000091552734,96.06999969482422,93.58000183105469,94.26000213623047,47227900,0,1
2018-02-02,93.63999938964844,93.97000122070312,91.5,91.77999877929688,47867800,0,1
2018-02-05,90.55999755859375,93.23999786376953,88.0,88.0,51031500,0,1
2018-02-06,86.88999938964844,91.4800033569336,85.25,91.33000183105469,67998600,0,1
2018-02-07,90.48999786376953,91.7699966430664,89.19999694824219,89.61000061035156,41107600,0,1
2018-02-08,89.70999908447266,89.87999725341797,84.76000213623047,85.01000213623047,55628700,0,1
2018-02-09,86.30000305175781,88.93000030517578,83.83000183105469,88.18000030517578,63499100,0,1
2018-02-12,88.73999786376953,89.77999877929688,87.93000030517578,89.12999725341797,35720300,0,1
2018-02-13,88.93000030517578,90.0,87.80000305175781,89.83000183105469,26407700,0,1
2018-02-14,88.51000213623047,90.98999786376953,88.41000366210938,90.80999755859375,34960900,0,1
2018-02-15,91.20999908447266,92.72000122070312,90.62000274658203,92.66000366210938,27823900,0,1
2018-02-16,92.44999694824219,93.5,91.80000305175781,92.0,30596900,0,1
2018-02-20,91.4800033569336,93.05999755859375,91.01000213623047,92.72000122070312,30911700,0,1
2018-02-21,92.9800033569336,93.36000061035156,91.48999786376953,91.48999786376953,26922500,0,1
2018-02-22,92.05000305175781,92.7300033569336,91.36000061035156,91.7300033569336,24392800,0,1
2018-02-23,93.5999984741211,94.06999969482422,92.36000061035156,94.05999755859375,26329200,0,1
2018-02-26,94.4000015258789,95.44999694824219,94.25,95.41999816894531,30199800,0,1
2018-02-27,95.73999786376953,95.83999633789062,94.19999694824219,94.19999694824219,25869100,0,1
2018-02-28,94.83999633789062,95.70999908447266,93.62999725341797,93.7699966430664,31167300,0,1
2018-03-01,93.98999786376953,94.56999969482422,91.83999633789062,92.8499984741211,37135600,0,1
2018-03-02,91.58000183105469,93.1500015258789,90.86000061035156,93.05000305175781,32830400,0,1
2018-03-05,92.33999633789062,94.2699966430664,92.26000213623047,93.63999938964844,23901600,0,1
2018-03-06,94.33999633789062,94.48999786376953,92.94000244140625,93.31999969482422,22175800,0,1
2018-03-07,93.16000366210938,93.94000244140625,92.43000030517578,93.86000061035156,26716100,0,1
2018-03-08,94.2699966430664,95.0999984741211,93.7699966430664,94.43000030517578,25887800,0,1
2018-03-09,95.29000091552734,96.54000091552734,95.0,96.54000091552734,36937300,0,1
2018-03-12,96.5,97.20999908447266,96.04000091552734,96.7699966430664,26073700,0,1
2018-03-13,97.0,97.23999786376953,93.97000122070312,94.41000366210938,35387800,0,1
2018-03-14,95.12000274658203,95.41000366210938,93.5,93.8499984741211,32132000,0,1
2018-03-15,93.52999877929688,94.58000183105469,92.83000183105469,94.18000030517578,27611000,0,1
2018-03-16,94.68000030517578,95.37999725341797,93.91999816894531,94.5999984741211,49081300,0,1
2018-03-19,93.73999786376953,93.9000015258789,92.11000061035156,92.88999938964844,33344100,0,1
2018-03-20,93.05000305175781,93.7699966430664,93.0,93.12999725341797,23075200,0,1
2018-03-21,92.93000030517578,94.05000305175781,92.20999908447266,92.4800033569336,24457100,0,1
2018-03-22,91.2699966430664,91.75,89.66000366210938,89.79000091552734,38604700,0,1
2018-03-23,89.5,90.45999908447266,87.08000183105469,87.18000030517578,44068900,0,1
2018-03-26,90.61000061035156,94.0,90.4000015258789,93.77999877929688,56396800,0,1
2018-03-27,94.94000244140625,95.13999938964844,88.51000213623047,89.47000122070312,56569000,0,1
2018-03-28,89.81999969482422,91.2300033569336,88.87000274658203,89.38999938964844,52501100,0,1
2018-03-29,90.18000030517578,92.29000091552734,88.4000015258789,91.2699966430664,45867500,0,1
2018-04-02,90.47000122070312,90.87999725341797,87.51000213623047,88.5199966430664,48515400,0,1
2018-04-03,89.58000183105469,90.05000305175781,87.88999938964844,89.70999908447266,37213800,0,1
2018-04-04,87.8499984741211,92.76000213623047,87.7300033569336,92.33000183105469,35560000,0,1
2018-04-05,92.44000244140625,93.06999969482422,91.4000015258789,92.37999725341797,29771900,0,1
2018-04-06,91.48999786376953,92.45999908447266,89.4800033569336,90.2300033569336,38026000,0,1
2018-04-09,91.04000091552734,93.16999816894531,90.62000274658203,90.7699966430664,31533900,0,1
2018-04-10,92.38999938964844,93.27999877929688,91.63999938964844,92.87999725341797,26812000,0,1
2018-04-11,92.01000213623047,93.29000091552734,91.4800033569336,91.86000061035156,24872100,0,1
2018-04-12,92.43000030517578,94.16000366210938,92.43000030517578,93.58000183105469,26758900,0,1
2018-04-13,94.05000305175781,94.18000030517578,92.44000244140625,93.08000183105469,23346100,0,1
2018-04-16,94.06999969482422,94.66000366210938,93.41999816894531,94.16999816894531,20288100,0,1
2018-04-17,95.0,96.54000091552734,94.87999725341797,96.06999969482422,26771000,0,1
2018-04-18,96.22000122070312,96.72000122070312,95.5199966430664,96.44000244140625,21043300,0,1
2018-04-19,96.44000244140625,97.06999969482422,95.33999633789062,96.11000061035156,23552500,0,1
2018-04-20,95.91000366210938,96.11000061035156,94.05000305175781,95.0,31154400,0,1
2018-04-23,95.73999786376953,96.29000091552734,94.62999725341797,95.3499984741211,22331800,0,1
2018-04-24,96.23999786376953,96.47000122070312,92.41000366210938,93.12000274658203,34524800,0,1
2018-04-25,93.30000305175781,93.30000305175781,90.27999877929688,92.30999755859375,33729300,0,1
2018-04-26,93.55000305175781,95.1500015258789,93.0999984741211,94.26000213623047,42529000,0,1
2018-04-27,97.5999984741211,97.9000015258789,93.91000366210938,95.81999969482422,48272800,0,1
2018-04-30,96.33000183105469,96.4000015258789,93.1500015258789,93.5199966430664,41523600,0,1
2018-05-01,93.20999908447266,95.29000091552734,92.79000091552734,95.0,31408900,0,1
2018-05-02,94.98999786376953,95.16999816894531,93.19000244140625,93.51000213623047,27471000,0,1
2018-05-03,92.95999908447266,94.93000030517578,92.44999694824219,94.06999969482422,31142500,0,1
2018-05-04,93.31999969482422,95.37000274658203,92.91999816894531,95.16000366210938,22531300,0,1
2018-05-07,95.16999816894531,96.70999908447266,95.0999984741211,96.22000122070312,24242000,0,1
2018-05-08,95.8499984741211,96.16000366210938,95.05999755859375,95.80999755859375,23484600,0,1
2018-05-09,96.01000213623047,96.97000122070312,95.05000305175781,96.94000244140625,27327400,0,1
2018-05-10,97.45999908447266,97.94999694824219,97.05000305175781,97.91000366210938,22388100,0,1
2018-05-11,97.80000305175781,97.87000274658203,97.04000091552734,97.69999694824219,16778300,0,1
2018-05-14,97.91999816894531,98.69000244140625,97.30999755859375,98.02999877929688,19454100,0,1
2018-05-15,97.23999786376953,97.8499984741211,96.33999633789062,97.31999969482422,24594000,0,1
2018-05-16,97.36000061035156,97.4000015258789,96.62000274658203,97.1500015258789,17384700,0,1
2018-05-17,96.76000213623047,97.54000091552734,95.83000183105469,96.18000030517578,17246700,0,1
2018-05-18,96.01000213623047,96.93000030517578,96.01000213623047,96.36000061035156,17865800,0,1
2018-05-21,97.0,98.01000213623047,96.80000305175781,97.5999984741211,19422500,0,1
2018-05-22,97.68000030517578,98.16999816894531,97.19999694824219,97.5,15441200,0,1
2018-05-23,96.70999908447266,98.7300033569336,96.31999969482422,98.66000366210938,21251200,0,1
2018-05-24,98.7300033569336,98.94000244140625,96.80999755859375,98.30999755859375,26649300,0,1
2018-05-25,98.30000305175781,98.9800033569336,97.86000061035156,98.36000061035156,18363900,0,1
2018-05-29,97.83999633789062,98.87999725341797,97.2300033569336,98.01000213623047,28671000,0,1
2018-05-30,98.30999755859375,99.25,97.91000366210938,98.94999694824219,22158500,0,1
2018-05-31,99.29000091552734,99.98999786376953,98.61000061035156,98.83999633789062,34140900,0,1
2018-06-01,99.27999877929688,100.86000061035156,99.16999816894531,100.79000091552734,28655600,0,1
2018-06-04,101.26000213623047,101.86000061035156,100.8499984741211,101.66999816894531,27281600,0,1
2018-06-05,102.0,102.33000183105469,101.52999877929688,102.19000244140625,23514400,0,1
2018-06-06,102.4800033569336,102.5999984741211,101.9000015258789,102.48999786376953,21122900,0,1
2018-06-07,102.6500015258789,102.69000244140625,100.37999725341797,100.87999725341797,28232200,0,1
2018-06-08,101.08999633789062,101.94999694824219,100.54000091552734,101.62999725341797,22165100,0,1
2018-06-11,101.01000213623047,101.58999633789062,100.66999816894531,101.05000305175781,23490900,0,1
2018-06-12,101.0999984741211,101.44999694824219,100.75,101.30999755859375,18325200,0,1
2018-06-13,101.72000122070312,102.01000213623047,100.55999755859375,100.8499984741211,29492900,0,1
2018-06-14,101.6500015258789,102.02999877929688,101.0,101.41999816894531,25691800,0,1
2018-06-15,101.51000213623047,101.52999877929688,100.06999969482422,100.12999725341797,65738600,0,1
2018-06-18,100.01000213623047,101.11000061035156,99.41999816894531,100.86000061035156,23586000,0,1
2018-06-19,99.6500015258789,101.0,99.5,100.86000061035156,28653100,0,1
2018-06-20,101.37000274658203,102.5199966430664,101.12000274658203,101.87000274658203,26180800,0,1
2018-06-21,102.08000183105469,102.45999908447266,100.87999725341797,101.13999938964844,23198200,0,1
2018-06-22,100.41000366210938,100.7699966430664,99.62999725341797,100.41000366210938,38923100,0,1
2018-06-25,100.0,100.11000061035156,97.30000305175781,98.38999938964844,35433300,0,1
2018-06-26,98.81999969482422,100.08000183105469,98.75,99.08000183105469,26897200,0,1
2018-06-27,99.58000183105469,100.0199966430664,97.4000015258789,97.54000091552734,31298400,0,1
2018-06-28,97.37999725341797,99.11000061035156,97.26000213623047,98.62999725341797,26650700,0,1
2018-06-29,98.93000030517578,99.91000366210938,98.33000183105469,98.61000061035156,28053200,0,1
2018-07-02,98.0999984741211,100.05999755859375,98.0,100.01000213623047,19564500,0,1
2018-07-03,100.4800033569336,100.62999725341797,98.94000244140625,99.05000305175781,14670300,0,1
2018-07-05,99.5,99.91999816894531,99.02999877929688,99.76000213623047,18977400,0,1
2018-07-06,99.88999938964844,101.43000030517578,99.66999816894531,101.16000366210938,19234600,0,1
2018-07-09,101.6500015258789,102.25,101.25,101.8499984741211,18212000,0,1
2018-07-10,102.0,102.51000213623047,101.86000061035156,102.12000274658203,19293100,0,1
2018-07-11,101.1500015258789,102.33999633789062,101.0999984741211,101.9800033569336,19644600,0,1
2018-07-12,102.7699966430664,104.41000366210938,102.7300033569336,104.19000244140625,24335900,0,1
2018-07-13,104.37000274658203,105.5999984741211,104.08999633789062,105.43000030517578,24635200,0,1
2018-07-16,105.4000015258789,105.81999969482422,104.5199966430664,104.91000366210938,21786900,0,1
2018-07-17,104.61000061035156,106.5,104.31999969482422,105.94999694824219,25901700,0,1
2018-07-18,105.94000244140625,106.05000305175781,104.72000122070312,105.12000274658203,29493900,0,1
2018-07-19,104.93000030517578,105.30999755859375,103.88999938964844,104.4000015258789,40171600,0,1
2018-07-20,108.08000183105469,108.19999694824219,106.08000183105469,106.2699966430664,56004000,0,1
2018-07-23,106.30000305175781,108.13999938964844,106.12999725341797,107.97000122070312,29707000,0,1
2018-07-24,108.56999969482422,108.81999969482422,107.26000213623047,107.66000366210938,26316600,0,1
2018-07-25,107.95999908447266,111.1500015258789,107.5999984741211,110.83000183105469,30702100,0,1
2018-07-26,110.73999786376953,111.0,109.5,109.62000274658203,31372100,0,1
2018-07-27,110.18000030517578,110.18000030517578,106.13999938964844,107.68000030517578,37005300,0,1
2018-07-30,107.19000244140625,107.52999877929688,104.76000213623047,105.37000274658203,34668300,0,1
2018-07-31,106.48999786376953,106.72000122070312,105.37999725341797,106.08000183105469,27655200,0,1
2018-08-01,106.02999877929688,106.44999694824219,105.41999816894531,106.27999877929688,23628700,0,1
2018-08-02,105.4000015258789,108.08999633789062,104.83999633789062,107.56999969482422,26104300,0,1
2018-08-03,107.80000305175781,108.05000305175781,106.81999969482422,108.04000091552734,18659600,0,1
2018-08-06,108.12000274658203,108.41999816894531,107.55999755859375,108.12999725341797,20265900,0,1
2018-08-07,108.55999755859375,109.0999984741211,108.16999816894531,108.87999725341797,16080200,0,1
2018-08-08,109.33000183105469,109.75,108.76000213623047,109.48999786376953,15487500,0,1
2018-08-09,109.70999908447266,110.16000366210938,109.5999984741211,109.66999816894531,13677200,0,1
2018-08-10,109.41999816894531,109.69000244140625,108.37999725341797,109.0,18183700,0,1
2018-08-13,109.23999786376953,109.58000183105469,108.0999984741211,108.20999908447266,18472500,0,1
2018-08-14,108.55999755859375,109.75,108.04000091552734,109.55999755859375,16788300,0,1
2018-08-15,108.48999786376953,108.98999786376953,106.81999969482422,107.66000366210938,29982800,0,1
2018-08-16,108.30000305175781,108.86000061035156,107.30000305175781,107.63999938964844,21384300,0,1
2018-08-17,107.36000061035156,107.9000015258789,106.69000244140625,107.58000183105469,18061500,0,1
2018-08-20,107.51000213623047,107.9000015258789,106.4800033569336,106.87000274658203,17914200,0,1
2018-08-21,106.91999816894531,107.3499984741211,105.8499984741211,105.9800033569336,22881900,0,1
2018-08-22,105.8499984741211,107.33999633789062,105.77999877929688,107.05999755859375,18000600,0,1
2018-08-23,107.1500015258789,108.18000030517578,106.87000274658203,107.55999755859375,18167700,0,1
2018-08-24,107.66999816894531,108.55999755859375,107.55999755859375,108.4000015258789,17234000,0,1
2018-08-27,109.2699966430664,109.63999938964844,108.51000213623047,109.5999984741211,19662300,0,1
2018-08-28,109.94000244140625,110.5,109.79000091552734,110.26000213623047,19151500,0,1
2018-08-29,110.44999694824219,112.02999877929688,110.2699966430664,112.0199966430664,20818000,0,1
2018-08-30,111.66999816894531,112.61000061035156,111.44000244140625,111.94999694824219,22798700,0,1
2018-08-31,111.69000244140625,112.77999877929688,111.5199966430664,112.33000183105469,23222700,0,1
2018-09-04,110.8499984741211,111.95999908447266,110.22000122070312,111.70999908447266,22634600,0,1
2018-09-05,111.01000213623047,111.41999816894531,108.0999984741211,108.48999786376953,32872400,0,1
2018-09-06,108.25,108.98999786376953,107.51000213623047,108.73999786376953,23477600,0,1
2018-09-07,108.2300033569336,108.72000122070312,107.2300033569336,108.20999908447266,22498600,0,1
2018-09-10,108.83999633789062,109.63999938964844,108.36000061035156,109.37999725341797,20727900,0,1
2018-09-11,108.9000015258789,111.58999633789062,108.88999938964844,111.23999786376953,24301800,0,1
2018-09-12,111.43000030517578,111.8499984741211,110.51000213623047,111.70999908447266,18891100,0,1
2018-09-13,112.12000274658203,113.7300033569336,112.12000274658203,112.91000366210938,26055600,0,1
2018-09-14,113.36000061035156,113.7300033569336,112.44000244140625,113.37000274658203,19122300,0,1
2018-09-17,113.69000244140625,113.69999694824219,111.86000061035156,112.13999938964844,20736500,0,1
2018-09-18,112.19000244140625,113.69999694824219,111.72000122070312,113.20999908447266,22170900,0,1
2018-09-19,113.05000305175781,113.31999969482422,111.04000091552734,111.69999694824219,21728400,0,1
2018-09-20,112.27999877929688,113.80000305175781,111.93000030517578,113.56999969482422,23714500,0,1
2018-09-21,114.0,115.29000091552734,113.51000213623047,114.26000213623047,71229700,0,1
2018-09-24,113.02999877929688,114.9000015258789,112.22000122070312,114.66999816894531,27334500,0,1
2018-09-25,114.80000305175781,115.0999984741211,113.75,114.44999694824219,22668000,0,1
2018-09-26,114.47000122070312,115.05999755859375,113.73999786376953,113.9800033569336,19352000,0,1
2018-09-27,114.77999877929688,114.91000366210938,114.19999694824219,114.41000366210938,19091300,0,1
2018-09-28,114.19000244140625,114.56999969482422,113.68000030517578,114.37000274658203,21647800,0,1
2018-10-01,114.75,115.68000030517578,114.7300033569336,115.61000061035156,18883100,0,1
2018-10-02,115.30000305175781,115.83999633789062,114.44000244140625,115.1500015258789,20787200,0,1
2018-10-03,115.41999816894531,116.18000030517578,114.93000030517578,115.16999816894531,16648000,0,1
2018-10-04,114.61000061035156,114.76000213623047,111.62999725341797,112.79000091552734,34821700,0,1
2018-10-05,112.62999725341797,113.16999816894531,110.63999938964844,112.12999725341797,29068900,0,1
2018-10-08,111.66000366210938,112.02999877929688,109.33999633789062,110.8499984741211,29640600,0,1
2018-10-09,111.13999938964844,113.08000183105469,110.80000305175781,112.26000213623047,26198600,0,1
2018-10-10,111.23999786376953,111.5,105.79000091552734,106.16000366210938,61376300,0,1
2018-10-11,105.3499984741211,108.93000030517578,104.19999694824219,105.91000366210938,63904300,0,1
2018-10-12,109.01000213623047,111.23999786376953,107.12000274658203,109.56999969482422,47742100,0,1
2018-10-15,108.91000366210938,109.4800033569336,106.94999694824219,107.5999984741211,32068100,0,1
2018-10-16,109.54000091552734,111.41000366210938,108.94999694824219,111.0,31610200,0,1
2018-10-17,111.68000030517578,111.80999755859375,109.55000305175781,110.70999908447266,26548200,0,1
2018-10-18,110.0999984741211,110.52999877929688,107.83000183105469,108.5,32506200,0,1
2018-10-19,108.93000030517578,110.86000061035156,108.20999908447266,108.66000366210938,32785500,0,1
2018-10-22,109.31999969482422,110.54000091552734,108.23999786376953,109.62999725341797,26545600,0,1
2018-10-23,107.7699966430664,108.97000122070312,105.11000061035156,108.0999984741211,43770400,0,1
2018-10-24,108.41000366210938,108.48999786376953,101.58999633789062,102.31999969482422,63897800,0,1
2018-10-25,106.55000305175781,109.2699966430664,106.1500015258789,108.30000305175781,61646800,0,1
2018-10-26,105.69000244140625,108.75,104.76000213623047,106.95999908447266,55523100,0,1
2018-10-29,108.11000061035156,108.69999694824219,101.62999725341797,103.8499984741211,55162000,0,1
2018-10-30,103.66000366210938,104.37999725341797,100.11000061035156,103.7300033569336,65350900,0,1
2018-10-31,105.44000244140625,108.13999938964844,105.38999938964844,106.80999755859375,51062400,0,1
2018-11-01,107.05000305175781,107.31999969482422,105.52999877929688,105.91999816894531,33384200,0,1
2018-11-02,106.4800033569336,107.31999969482422,104.9800033569336,106.16000366210938,37680200,0,1
2018-11-05,106.37000274658203,107.73999786376953,105.9000015258789,107.51000213623047,27922100,0,1
2018-11-06,107.37999725341797,108.83999633789062,106.27999877929688,107.72000122070312,24340200,0,1
2018-11-07,109.44000244140625,112.23999786376953,109.4000015258789,111.95999908447266,37901700,0,1
2018-11-08,111.80000305175781,112.20999908447266,110.91000366210938,111.75,25644100,0,1
2018-11-09,110.8499984741211,111.44999694824219,108.76000213623047,109.56999969482422,32039200,0,1
2018-11-12,109.41999816894531,109.95999908447266,106.0999984741211,106.87000274658203,33621800,0,1
2018-11-13,107.55000305175781,108.73999786376953,106.63999938964844,106.94000244140625,35374600,0,1
2018-11-14,108.0999984741211,108.26000213623047,104.47000122070312,104.97000122070312,39495100,0,1
2018-11-15,104.98999786376953,107.80000305175781,103.91000366210938,107.27999877929688,38505200,0,1
2018-11-16,107.08000183105469,108.87999725341797,106.80000305175781,108.29000091552734,33502100,0,1
2018-11-19,108.2699966430664,108.55999755859375,103.55000305175781,104.62000274658203,44773900,0,1
2018-11-20,101.80000305175781,102.97000122070312,99.3499984741211,101.70999908447266,64052500,0,1
2018-11-21,103.5999984741211,104.43000030517578,102.23999786376953,103.11000061035156,28130600,0,1
2018-11-23,102.16999816894531,103.80999755859375,102.0,103.06999969482422,13823100,0,1
2018-11-26,104.79000091552734,106.62999725341797,104.58000183105469,106.47000122070312,32336200,0,1
2018-11-27,106.2699966430664,107.33000183105469,105.36000061035156,107.13999938964844,29124500,0,1
2018-11-28,107.88999938964844,111.33000183105469,107.86000061035156,111.12000274658203,46788500,0,1
2018-11-29,110.33000183105469,111.12000274658203,109.02999877929688,110.19000244140625,28123200,0,1
2018-11-30,110.69999694824219,110.97000122070312,109.36000061035156,110.88999938964844,33665600,0,1
2018-12-03,113.0,113.41999816894531,110.7300033569336,112.08999633789062,34732800,0,1
2018-12-04,111.94000244140625,112.63999938964844,108.20999908447266,108.5199966430664,45197000,0,1
2018-12-06,105.81999969482422,109.23999786376953,105.0,109.19000244140625,49107400,0,1
2018-12-07,108.37999725341797,109.44999694824219,104.30000305175781,104.81999969482422,45044900,0,1
2018-12-10,104.80000305175781,107.9800033569336,103.88999938964844,107.58999633789062,40801500,0,1
2018-12-11,109.80000305175781,110.94999694824219,107.44000244140625,108.58999633789062,42381900,0,1
2018-12-12,110.88999938964844,111.2699966430664,109.04000091552734,109.08000183105469,36183000,0,1
2018-12-13,109.58000183105469,110.87000274658203,108.62999725341797,109.44999694824219,31333400,0,1
2018-12-14,108.25,109.26000213623047,105.5,106.02999877929688,47043100,0,1
2018-12-17,105.41000366210938,105.80000305175781,101.70999908447266,102.88999938964844,56957300,0,1
2018-12-18,103.75,104.51000213623047,102.5199966430664,103.97000122070312,49319200,0,1
2018-12-19,103.6500015258789,106.87999725341797,101.3499984741211,103.69000244140625,68198200,0,1
2018-12-20,103.05000305175781,104.30999755859375,98.77999877929688,101.51000213623047,70334200,0,1
2018-12-21,101.62999725341797,103.0,97.45999908447266,98.2300033569336,111242100,0,1
2018-12-24,97.68000030517578,97.97000122070312,93.9800033569336,94.12999725341797,43935200,0,1
2018-12-26,95.13999938964844,100.69000244140625,93.95999908447266,100.55999755859375,51634800,0,1
2018-12-27,99.30000305175781,101.19000244140625,96.4000015258789,101.18000030517578,49498500,0,1
2018-12-28,102.08999633789062,102.41000366210938,99.5199966430664,100.38999938964844,38196300,0,1
