Date;Paradigm;BTC
2016-08-10;1000000;1000000
2016-08-11;999963;983524
2016-08-12;999865;982687
2016-08-13;999540;980613
2016-08-14;995144;957714
2016-08-15;993177;950086
2016-08-16;999312;969690
2016-08-17;995267;958968
2016-08-18;996306;961444
2016-08-19;996875;962648
2016-08-20;1002783;973504
2016-08-21;1002764;973504
2016-08-22;1006915;980128
2016-08-23;999900;970259
2016-08-24;998770;968837
2016-08-25;994571;963552
2016-08-26;998172;968085
2016-08-27;987421;954552
2016-08-28;991567;959771
2016-08-29;990637;958600
2016-08-30;992976;961544
2016-08-31;988909;956426
2016-09-01;989255;956861
2016-09-02;993627;962364
2016-09-03;1022413;998595
2016-09-04;1039702;1020357
2016-09-05;1037682;1017814
2016-09-06;1042294;1023619
2016-09-07;1045749;1027968
2016-09-08;1061909;1048308
2016-09-09;1052766;1036800
2016-09-10;1060306;1046936
2016-09-11;1029780;1008514
2016-09-12;1035335;1015506
2016-09-13;1037940;1018785
2016-09-14;1039176;1020340
2016-09-15;1035003;1015088
2016-09-16;1034883;1014937
2016-09-17;1037807;1018617
2016-09-18;1041276;1022983
2016-09-19;1038246;1019169
2016-09-20;1037634;1018400
2016-09-21;1019959;996153
2016-09-22;1021886;998578
2016-09-23;1028903;1007410
2016-09-24;1031189;1010287
2016-09-25;1027308;1005403
2016-09-26;1034644;1014636
2016-09-27;1030086;1008899
2016-09-28;1031800;1011057
2016-09-29;1034990;1015071
2016-09-30;1033514;1013214
2016-10-01;1047841;1031246
2016-10-02;1041634;1023435
2016-10-03;1042684;1024756
2016-10-04;1038299;1019236
2016-10-05;1042937;1025074
2016-10-06;1040664;1022214
2016-10-07;1048930;1032618
2016-10-08;1051123;1035378
2016-10-09;1050645;1034776
2016-10-10;1049256;1033672
2016-10-11;1075795;1067076
2016-10-12;1069310;1058913
2016-10-13;1073137;1063730
2016-10-14;1076154;1067528
2016-10-15;1075862;1067160
2016-10-16;1081696;1074503
2016-10-17;1075729;1066992
2016-10-18;1068380;1057742
2016-10-19;1062546;1050399
2016-10-20;1062572;1050432
2016-10-21;1064792;1053226
2016-10-22;1097750;1094709
2016-10-23;1090613;1085727
2016-10-24;1087955;1082381
2016-10-25;1098295;1095395
2016-10-26;1117897;1120068
2016-10-27;1134203;1140592
2016-10-28;1143639;1152468
2016-10-29;1186166;1205995
2016-10-30;1164318;1178496
2016-10-31;1162909;1176722
2016-11-01;1197768;1220598
2016-11-02;1199482;1222756
2016-11-03;1150443;1161032
2016-11-04;1157367;1169747
2016-11-05;1168902;1184266
2016-11-06;1178205;1195975
2016-11-07;1166869;1181707
2016-11-08;1174232;1190974
2016-11-09;1179574;1197698
2016-11-10;1168491;1186140
2016-11-11;1176173;1195808
2016-11-12;1163016;1179248
2016-11-13;1161767;1177676
2016-11-14;1165382;1182226
2016-11-15;1169860;1187863
2016-11-16;1206407;1233862
2016-11-17;1208227;1236154
2016-11-18;1212865;1241992
2016-11-19;1221477;1252831
2016-11-20;1192825;1216767
2016-11-21;1204147;1231019
2016-11-22;1219417;1250238
2016-11-23;1207948;1235803
2016-11-24;1205330;1232508
2016-11-25;1207603;1235368
2016-11-26;1203868;1230668
2016-11-27;1200652;1226620
2016-11-28;1196878;1221869
2016-11-29;1197848;1223090
2016-11-30;1213982;1243397
2016-12-01;1227763;1260743
2016-12-02;1256043;1296338
2016-12-03;1244840;1282237
2016-12-04;1242568;1279377
2016-12-05;1228095;1261161
2016-12-06;1233757;1268287
2016-12-07;1245398;1282940
2016-12-08;1251352;1290434
2016-12-09;1250874;1289832
2016-12-10;1257693;1299165
2016-12-11;1249958;1289430
2016-12-12;1261999;1304585
2016-12-13;1264005;1307111
2016-12-14;1260470;1302661
2016-12-15;1257121;1298446
2016-12-16;1262358;1305037
2016-12-17;1276471;1322801
2016-12-18;1275740;1321881
2016-12-19;1276338;1322634
2016-12-20;1279395;1326481
2016-12-21;1321656;1379673
2016-12-22;1370150;1440711
2016-12-23;1426870;1512102
2016-12-24;1410949;1492063
2016-12-25;1406962;1487045
2016-12-26;1419866;1503287
2016-12-27;1457516;1550675
2016-12-28;1514595;1622518
2016-12-29;1513877;1621615
2016-12-30;1493491;1595955
2016-12-31;1512907;1620394
2017-01-01;1550767;1668066
2017-01-02;1570854;1693123
2017-01-03;1591015;1713631
2017-01-04;1685321;1824465
2017-01-05;1526750;1622317
2017-01-06;1440088;1504558
2017-01-07;1433093;1501748
2017-01-08;1467253;1538531
2017-01-09;1448780;1508790
2017-01-10;1461995;1523510
2017-01-11;1312654;1323186
2017-01-12;1356598;1396216
2017-01-13;1352507;1387184
2017-01-14;1350495;1384925
2017-01-15;1352182;1384992
2017-01-16;1350280;1393105
2017-01-17;1439370;1503856
2017-01-18;1415310;1465283
2017-01-19;1450149;1516635
2017-01-20;1450299;1503187
2017-01-21;1485955;1550374
2017-01-22;1472954;1543917
2017-01-23;1477324;1541810
2017-01-24;1450555;1507352
2017-01-25;1444149;1500560
2017-01-26;1464018;1532325
2017-01-27;1467570;1544720
2017-01-28;1470679;1547915
2017-01-29;1463202;1538464
2017-01-30;1467492;1543716
2017-01-31;1505224;1607112
2017-02-01;1525171;1640600
2017-02-02;1552620;1687754
2017-02-03;1569020;1699145
2017-02-04;1590449;1721760
2017-02-05;1571611;1698309
2017-02-06;1585788;1715387
2017-02-07;1615622;1761253
2017-02-08;1618166;1774735
2017-02-09;1531339;1635850
2017-02-10;1564897;1680093
2017-02-11;1582641;1708379
2017-02-12;1567981;1687336
2017-02-13;1565440;1679039
2017-02-14;1629362;1687871
2017-02-15;1630270;1699045
2017-02-16;1650194;1736280
2017-02-17;1663107;1770570
2017-02-18;1672773;1786444
2017-02-19;1664099;1769700
2017-02-20;1657837;1783216
2017-02-21;1719359;1871937
2017-02-22;1725793;1892712
2017-02-23;1778938;1954870
2017-02-24;1782235;1970711
2017-02-25;1778719;1936219
2017-02-26;1831101;1970109
2017-02-27;1876827;1996487
2017-02-28;1890426;1999030
2017-03-01;1971683;2051570
2017-03-02;2061684;2119365
2017-03-03;2091936;2146112
2017-03-04;2045046;2121205
2017-03-05;2082185;2137313
2017-03-06;2089212;2139638
2017-03-07;2040362;2088152
2017-03-08;1885783;1948497
2017-03-09;1965485;2019086
2017-03-10;1920934;1847097
2017-03-11;2059280;1971146
2017-03-12;2171300;2060586
2017-03-13;2360781;2085877
2017-03-14;2376162;2097570
2017-03-15;2582691;2095311
2017-03-16;2841306;1928240
2017-03-17;2789227;1856749
2017-03-18;2289663;1584012
2017-03-19;2689245;1763528
2017-03-20;2628211;1718616
2017-03-21;2702297;1832829
2017-03-22;2592046;1689276
2017-03-23;2673050;1733921
2017-03-24;2975737;1610893
2017-03-25;2848730;1579830
2017-03-26;2869238;1638760
2017-03-27;2860961;1717662
2017-03-28;2906809;1725524
2017-03-29;3007653;1740880
2017-03-30;2961580;1734138
2017-03-31;2935260;1805430
2017-04-01;2965927;1806985
2017-04-02;2926375;1859375
2017-04-03;2818571;1931686
2017-04-04;2812154;1910560
2017-04-05;2830957;1886339
2017-04-06;2819579;2007243
2017-04-07;2788978;2003914
2017-04-08;2852133;1978823
2017-04-09;2855128;2020625
2017-04-10;2857019;2011341
2017-04-11;2879255;2050616
2017-04-12;2960425;2034508
2017-04-13;3047432;1955456
2017-04-14;2985010;1975127
2017-04-15;3027938;1978807
2017-04-16;3021134;1973387
2017-04-17;3028792;1991536
2017-04-18;3136303;2008263
2017-04-19;3046927;2015774
2017-04-20;3155723;2073315
2017-04-21;3141722;2084924
2017-04-22;3172586;2090778
2017-04-23;3212761;2090879
2017-04-24;3229798;2105883
2017-04-25;3271052;2149256
2017-04-26;3398513;2166770
2017-04-27;3829151;2268454
2017-04-28;4049806;2191325
2017-04-29;4023905;2277403
2017-04-30;4377594;2300420
2017-05-01;4399217;2440476
2017-05-02;4407899;2422261
2017-05-03;4621011;2549220
2017-05-04;5081037;2555911
2017-05-05;4844023;2592911
2017-05-06;5063439;2659987
2017-05-07;4995604;2676279
2017-05-08;4922448;2806517
2017-05-09;4979772;2894452
2017-05-10;5019880;2984460
2017-05-11;5099340;3052507
2017-05-12;4855039;2817373
2017-05-13;5006796;2933409
2017-05-14;5077866;3008999
2017-05-15;5014437;2887108
2017-05-16;5005677;2957664
2017-05-17;5089431;3030962
2017-05-18;5311836;3134185
2017-05-19;5798956;3244267
2017-05-20;5920023;3415687
2017-05-21;6271528;3412325
2017-05-22;6597961;3643109
2017-05-23;6893683;3753475
2017-05-24;7425497;4105783
2017-05-25;7277247;4206848
2017-05-26;6758356;3875199
2017-05-27;6406579;3502752
2017-05-28;6714123;3652527
2017-05-29;7351127;3904120
2017-05-30;7767844;3761822
2017-05-31;7722938;3824231
2017-06-01;7792824;4037051
2017-06-02;7864001;4060536
2017-06-03;8088876;4289447
2017-06-04;8365754;4178128
2017-06-05;8613015;4456100
2017-06-06;9219387;4821220
2017-06-07;8832244;4561380
2017-06-08;8959153;4598732
2017-06-09;9411382;4745663
2017-06-10;10163827;4778215
2017-06-11;10469678;4953632
2017-06-12;10793049;4405165
2017-06-13;10827897;4525049
2017-06-14;9897486;4268822
2017-06-15;9662398;3932740
2017-06-16;9981483;4137196
2017-06-17;10465530;4422428
2017-06-18;9987772;4135122
2017-06-19;10227784;4301975
2017-06-20;10321154;4625077
2017-06-21;9828360;4446080
2017-06-22;9831947;4463761
2017-06-23;9948327;4540572
2017-06-24;9335871;4309938
2017-06-25;8885730;4135758
2017-06-26;8319552;3929344
2017-06-27;8894754;4108342
2017-06-28;9593068;4345684
2017-06-29;9133937;4280046
2017-06-30;8902005;4178613
2017-07-01;8460290;4028319
2017-07-02;8940917;4188632
2017-07-03;8958211;4275496
2017-07-04;8879230;4315892
2017-07-05;8889258;4363448
2017-07-06;8883747;4344897
2017-07-07;8354346;4206882
2017-07-08;8496367;4251058
2017-07-09;8335963;4247010
2017-07-10;7617291;3997792
2017-07-11;7332500;3902464
2017-07-12;7939553;3978589
2017-07-13;7592936;3911814
2017-07-14;7217127;3616446
2017-07-15;6605606;3367145
2017-07-16;6205720;3121540
2017-07-17;7137790;3637489
2017-07-18;7965402;3958801
2017-07-19;7318771;3771975
2017-07-20;8480294;4566499
2017-07-21;8173899;4404162
2017-07-22;8707497;4686934
2017-07-23;8628924;4668217
2017-07-24;8552794;4616697
2017-07-25;7675875;4118228
2017-07-26;7746948;4178345
2017-07-27;7883851;4323955
2017-07-28;7990729;4599853
2017-07-29;8193339;4563438
2017-07-30;7998947;4545439
2017-07-31;8374563;4830370
2017-08-01;8522370;4595286
2017-08-02;8301505;4498787
2017-08-03;8560678;4650151
2017-08-04;8586883;4737133
2017-08-05;9779576;5405232
2017-08-06;9941980;5460649
2017-08-07;10120241;5586873
2017-08-08;10553317;5766422
2017-08-09;10389667;5623170
2017-08-10;10501125;5728200
2017-08-11;10886523;5985999
2017-08-12;11262541;6369118
2017-08-13;11518106;6717645
2017-08-14;11955421;7130773
2017-08-15;11512869;6810632
2017-08-16;12130128;7272971
2017-08-17;12066346;7231571
2017-08-18;11471987;6714283
2017-08-19;11675326;6906244
2017-08-20;11722532;6899972
2017-08-21;11731874;6687503
2017-08-22;11767577;6812539
2017-08-23;11911020;6915628
2017-08-24;12167588;7082281
2017-08-25;12359045;7241239
2017-08-26;12433658;7276299
2017-08-27;12611945;7308934
2017-08-28;12552817;7259555
2017-08-29;13220207;7681197
2017-08-30;13293314;7652660
2017-08-31;13623051;7933694
2017-09-01;13893041;8169028
2017-09-02;12967484;7683740
2017-09-03;13000366;7663633
2017-09-04;12375899;7560695
2017-09-05;12461687;7455397
2017-09-06;12854205;7643059
2017-09-07;12834623;7653480
2017-09-08;11993205;7109028
2017-09-09;12045841;7169145
2017-09-10;11997066;7175000
2017-09-11;11824753;7012796
2017-09-12;11772163;6991871
2017-09-13;11109653;6513557
2017-09-14;9762090;5686198
2017-09-15;10661584;6230868
2017-09-16;10580039;6203285
2017-09-17;10707650;6291086
2017-09-18;11505832;6702658
2017-09-19;11197458;6531890
2017-09-20;11300571;6624810
2017-09-21;10523971;6113678
2017-09-22;10507999;6046117
2017-09-23;11014296;6321429
2017-09-24;10790634;6138618
2017-09-25;11374566;6587190
2017-09-26;11267716;6537628
2017-09-27;11882074;6948915
2017-09-28;11832526;6966027
2017-09-29;11751163;6979158
2017-09-30;12137750;7257498
2017-10-01;12141225;7252630
2017-10-02;12145892;7326498
2017-10-03;11930574;7163341
2017-10-04;11787430;7025208
2017-10-05;12072623;7269943
2017-10-06;12199655;7270395
2017-10-07;12218078;7259572
2017-10-08;12617410;7666059
2017-10-09;12941816;8099594
2017-10-10;13001968;8145577
2017-10-11;12966775;8074938
2017-10-12;13800597;8893097
2017-10-13;14644812;9398826
2017-10-14;14798501;9532794
2017-10-15;14481541;9241022
2017-10-16;14746397;9525618
2017-10-17;14371520;9333757
2017-10-18;14249619;9234849
2017-10-19;14497334;9537310
2017-10-20;14918447;9990516
2017-10-21;15099297;10200241
2017-10-22;14751193;9838332
2017-10-23;14713769;9894117
2017-10-24;14392450;9365539
2017-10-25;14493166;9498302
2017-10-26;14712578;9772009
2017-10-27;14616573;9643678
2017-10-28;14579969;9627202
2017-10-29;15275641;10354131
2017-10-30;15178537;10204322
2017-10-31;15524881;10667665
2017-11-01;15656941;11006473
2017-11-02;16273933;11807721
2017-11-03;16691558;12102437
2017-11-04;16980091;12503538
2017-11-05;16817953;12349665
2017-11-06;16496655;11937942
2017-11-07;16353283;11846829
2017-11-08;16799253;12145192
2017-11-09;16771492;11923574
2017-11-10;15719532;11023117
2017-11-11;15769522;10822491
2017-11-12;14898588;9893983
2017-11-13;15840390;10906144
2017-11-14;16197667;11018182
2017-11-15;17136655;12227640
2017-11-16;17937766;13202767
2017-11-17;17656563;12859860
2017-11-18;18059025;13109647
2017-11-19;18436383;13448639
2017-11-20;18922288;13839921
2017-11-21;18667942;13652192
2017-11-22;19008389;13749712
2017-11-23;19259455;13674406
2017-11-24;20213541;13840055
2017-11-25;20777775;14624559
2017-11-26;21790975;15782062
2017-11-27;22167701;16183530
2017-11-28;22468141;16674958
2017-11-29;22313219;17187127
2017-11-30;21627012;16158423
2017-12-01;23668938;18224244
2017-12-02;23773895;18433334
2017-12-03;23886800;18508606
2017-12-04;24548924;19236238
2017-12-05;24805105;19754947
2017-12-06;26566248;22509744
2017-12-07;31067406;28017982
2017-12-08;30748755;27204255
2017-12-09;29401147;25256344
2017-12-10;28667738;24860864
2017-12-11;33007813;28854357
2017-12-12;34955057;29397973
2017-12-13;34822012;28352659
2017-12-14;34496622;28017998
2017-12-15;35681511;29598899
2017-12-16;38134245;32534349
2017-12-17;38445253;32519245
2017-12-18;38577214;31508840
2017-12-19;36550501;28770738
2017-12-20;35356458;27382550
2017-12-21;34424606;26359182
2017-12-22;30665228;24212636
2017-12-23;33073984;26480304
2017-12-24;30037813;22946339
2017-12-25;31176855;23568556
2017-12-26;34175818;26629644
2017-12-27;33022942;25418915
2017-12-28;31005784;23330980
2017-12-29;31862527;24070371
2017-12-30;29648134;22103257
2017-12-31;31491225;23530101
2018-01-01;31006482;22690397
2018-01-02;33985501;24690982
2018-01-03;35458937;25204473
2018-01-04;35269471;24990449
2018-01-05;37984148;27979559
2018-01-06;38666693;28170952
2018-01-07;39234799;27131793
2018-01-08;37673074;25004199
2018-01-09;39145384;24400599
2018-01-10;38504002;24210879
2018-01-11;35723771;22532677
2018-01-12;37623623;22966429
2018-01-13;39775401;23694027
2018-01-14;38385389;22452888
2018-01-15;38124636;23267417
2018-01-16;30514961;17931519
2018-01-17;31411978;18998712
2018-01-18;31362600;19368382
2018-01-19;31527109;18968620
2018-01-20;35091173;21569677
2018-01-21;31756124;19012211
2018-01-22;29605582;17364786
2018-01-23;30330442;18368182
2018-01-24;31650341;18701822
2018-01-25;31510106;18734406
2018-01-26;31005619;18201378
2018-01-27;32715063;19135875
2018-01-28;34570874;19336584
2018-01-29;33082487;18698710
2018-01-30;30152370;16855929
2018-01-31;30511818;16651255
2018-02-01;28067584;15164094
2018-02-02;25884871;14335162
2018-02-03;27422872;15332135
2018-02-04;23867337;13490440
2018-02-05;20982854;11840055
2018-02-06;22609044;13030477
2018-02-07;23295469;13540639
2018-02-08;23289268;13649365
2018-02-09;24336414;14306743
2018-02-10;24193331;13863306
2018-02-11;23537094;13908653
2018-02-12;24736294;14751853
2018-02-13;24142313;14331850
2018-02-14;25763478;15549738
2018-02-15;26731595;16494321
2018-02-16;27204599;16866015
2018-02-17;28609285;18150327
2018-02-18;28207061;18015172
2018-02-19;28742213;18529699
2018-02-20;29543697;19590469
2018-02-21;26660592;17199873
2018-02-22;25959462;16584982
2018-02-23;26161309;16593346
2018-02-24;25481559;15899721
2018-02-25;25725916;16043273
2018-02-26;27133408;17354716
2018-02-27;27806480;17964973
2018-02-28;27360880;17615376
2018-03-01;28001912;18262700
2018-03-02;28064077;18443370
2018-03-03;28463115;18899988
2018-03-04;28682719;19052239
2018-03-05;28865640;19329876
2018-03-06;27404376;18048442
2018-03-07;25610999;16660288
2018-03-08;24288251;15618169
2018-03-09;23844841;15062526
2018-03-10;23387688;14768898
2018-03-11;24820579;16088186
2018-03-12;23747852;15087818
2018-03-13;23727960;15167171
2018-03-14;21862156;13917000
2018-03-15;21904966;13800194
2018-03-16;22348620;14261596
2018-03-17;20857476;13099025
2018-03-18;20557555;12799174
2018-03-19;21663492;14091815
2018-03-20;22560607;14896241
2018-03-21;22517996;14878795
2018-03-22;21837348;14371259
2018-03-23;21846380;14399980
2018-03-24;22354267;14963936
2018-03-25;21862974;14389124
2018-03-26;20314884;13192362
2018-03-27;20368871;13363030
2018-03-28;20130522;13239583
2018-03-29;18428904;11859559
2018-03-30;18145078;11474834
2018-03-31;18192700;11541759
2018-04-01;18060452;11521319
2018-04-02;18153640;11591924
2018-04-03;19127618;12376445
2018-04-04;17974024;11429654
2018-04-05;17835468;11297509
2018-04-06;17563335;11049964
2018-04-07;18332638;11712393
2018-04-08;18319090;11637589
2018-04-09;17853578;11149775
2018-04-10;18241147;11434655
2018-04-11;18382988;11524882
2018-04-12;20165969;12930097
2018-04-13;20457515;13209458
2018-04-14;20864371;13516819
2018-04-15;21334260;13884834
2018-04-16;20701549;13346386
2018-04-17;20597727;13235000
2018-04-18;21165941;13687854
2018-04-19;21510886;13765870
2018-04-20;22241629;14268136
2018-04-21;22667398;14681598
2018-04-22;23088509;14870448
2018-04-23;23163617;14927990
2018-04-24;24438367;15815550
2018-04-25;23434367;15188264
2018-04-26;23494326;15246809
2018-04-27;23283899;15005921
2018-04-28;24023763;15590235
2018-04-29;23999102;15546460
2018-04-30;23891134;15510078
2018-05-01;23525488;15077865
2018-05-02;23867534;15348828
2018-05-03;25144524;16124584
2018-05-04;25395857;16200074
2018-05-05;25580335;16258819
2018-05-06;25121863;15917518
2018-05-07;24659650;15778716
2018-05-08;24250165;15322082
2018-05-09;24382124;15462623
2018-05-10;24023299;15214242
2018-05-11;22441016;14104361
2018-05-12;22492658;14109948
2018-05-13;23382397;14577723
2018-05-14;23536670;14735694
2018-05-15;22937056;14251526
2018-05-16;22479973;13868876
2018-05-17;22195745;13720874
2018-05-18;22325669;13749728
2018-05-19;22391239;13806199
2018-05-20;23093387;14310155
2018-05-21;22657226;14067946
2018-05-22;21798156;13563956
2018-05-23;20564844;12695917
2018-05-24;20439166;12637372
2018-05-25;20217629;12453289
2018-05-26;20472494;12591372
2018-05-27;19870607;12222271
2018-05-28;19272380;12063296
2018-05-29;20172051;12543566
2018-05-30;19762766;12277654
2018-05-31;20380614;12612298
2018-06-01;20104128;12432314
2018-06-02;20580304;12737752
2018-06-03;20997591;12934747
2018-06-04;20499310;12591289
2018-06-05;20694882;12753509
2018-06-06;20709165;12739893
2018-06-07;20724286;12814680
2018-06-08;20691502;12790961
2018-06-09;20653743;12762826
2018-06-10;18549128;11240420
2018-06-11;18654474;11310138
2018-06-12;18075201;10935450
2018-06-13;17468529;10459110
2018-06-14;18489590;11144489
2018-06-15;18052485;10871485
2018-06-16;18139098;10906127
2018-06-17;18095824;10868173
2018-06-18;18587251;11247345
2018-06-19;18718007;11199923
2018-06-20;18781983;11290718
2018-06-21;18652574;11236171
2018-06-22;17137170;10170734
2018-06-23;17388420;10260325
2018-06-24;17244663;10341151
2018-06-25;17412166;10455079
2018-06-26;17140862;10341368
2018-06-27;16972450;10248382
2018-06-28;16773880;10114481
2018-06-29;16473192;9878092
2018-06-30;17391266;10629477
2018-07-01;17449470;10618019
2018-07-02;18109140;11071709
2018-07-03;17984527;11062058
2018-07-04;18135546;11182109
2018-07-05;17778648;10880351
2018-07-06;17920635;10991018
2018-07-07;17804831;10901929
2018-07-08;18357994;11282053
2018-07-09;18190161;11207199
2018-07-10;17380120;10683372
2018-07-11;17326084;10628088
2018-07-12;16940753;10330194
2018-07-13;17016185;10347039
2018-07-14;17161333;10493803
2018-07-15;17485725;10663550
2018-07-16;18117202;11145995
2018-07-17;19293394;12235151
2018-07-18;19064253;12269291
2018-07-19;19097919;12399027
2018-07-20;18770883;12290534
2018-07-21;19086432;12409364
2018-07-22;19141805;12575766
2018-07-23;19363449;12889835
2018-07-24;20327956;13764783
2018-07-25;20260311;13671127
2018-07-26;20121828;13616731
2018-07-27;20303792;13755867
2018-07-28;20136919;13656223
2018-07-29;20183080;13705117
2018-07-30;20011244;13626198
2018-07-31;19158874;12863155
2018-08-01;18643487;12505512
2018-08-02;18756777;12629025
2018-08-03;18602114;12367262
2018-08-04;17910031;11683472
2018-08-05;18067012;11790425
2018-08-06;17772118;11575130
2018-08-07;17464030;11501597
2018-08-08;16484000;10569911
2018-08-09;16863907;10882692
2018-08-10;15935897;10354131
2018-08-11;16241870;10740712
2018-08-12;16099613;10611846
2018-08-13;15662423;10501882
2018-08-14;15120078;10160648
2018-08-15;15815079;10663567
2018-08-16;15601524;10464915
2018-08-17;16152656;10839185
2018-08-18;15863242;10655203
2018-08-19;16153458;10929529
2018-08-20;15869655;10805497
2018-08-21;15810730;10780121
2018-08-22;15524806;10589967
2018-08-23;15732230;10743874
2018-08-24;16079843;11053845
2018-08-25;16182899;11232290
2018-08-26;16067723;11164060
2018-08-27;16176006;11236489
2018-08-28;16871416;11849640
2018-08-29;16778650;11774250
2018-08-30;16528813;11570179
2018-08-31;16698173;11783450
2018-09-01;17066949;12036817
2018-09-02;17146388;12175368
2018-09-03;17137047;12193868
2018-09-04;17176643;12310824
2018-09-05;16164621;11622719
2018-09-06;15250275;10776659
2018-09-07;15180489;10776609
2018-09-08;14565747;10323052
2018-09-09;14910392;10683639
2018-09-10;14738621;10534767
2018-09-11;14578265;10454477
2018-09-12;14599905;10546476
2018-09-13;15071575;10812438
2018-09-14;15276276;10931201
2018-09-15;15334234;10929512
2018-09-16;15277995;10874346
2018-09-17;14636099;10397605
2018-09-18;14902242;10566917
2018-09-19;15062619;10741047
2018-09-20;15040951;10663567
2018-09-21;15830349;11223927
2018-09-22;15777795;11228259
2018-09-23;15745946;11159544
2018-09-24;15593257;11081746
2018-09-25;15096007;10685797
2018-09-26;15231207;10867638
2018-09-27;15677421;11198836
2018-09-28;15490921;11113527
2018-09-29;15510083;11001455
2018-09-30;15459227;10975194
2018-10-01;15467775;10958968
2018-10-02;15386224;10913454
2018-10-03;15156240;10768145
2018-10-04;15360953;10949601
2018-10-05;15374796;10938043
2018-10-06;15411047;10959453
2018-10-07;15374231;10927873
2018-10-08;15578507;11078417
2018-10-09;15480618;11004132
2018-10-10;15388501;10923523
2018-10-11;14656961;10378285
2018-10-12;14647426;10397605
2018-10-13;14637998;10358062
2018-10-14;14670902;10404664
2018-10-15;15027374;10688674
2018-10-16;15147343;10810013
2018-10-17;15104454;10763846
2018-10-18;14977924;10693609
2018-10-19;14947194;10674607
2018-10-20;15013747;10705251
2018-10-21;15070622;10769433
2018-10-22;15018220;10725474
2018-10-23;14991361;10694880
2018-10-24;15027724;10747219
2018-10-25;14980087;10705435
2018-10-26;14988196;10708613
2018-10-27;14974728;10708814
2018-10-28;14971250;10697054
2018-10-29;14693628;10443788
2018-10-30;14724400;10474382
2018-10-31;14792802;10539786
2018-11-01;14846130;10600388
2018-11-02;14897691;10625261
2018-11-03;14864976;10605022
2018-11-04;15084684;10728050
2018-11-05;15028330;10705385
2018-11-06;15218634;10741197
2018-11-07;15348067;10872372
2018-11-08;15164645;10737183
2018-11-09;14960789;10581319
2018-11-10;15054902;10640583
2018-11-11;14926209;10565244
2018-11-12;14937000;10553184
2018-11-13;14865872;10504257
2018-11-14;13480559;9285282
2018-11-15;13296141;9149072
2018-11-16;13169045;9122058
2018-11-17;13228730;9176572
2018-11-18;13334850;9274727
2018-11-19;11893960;8002258
2018-11-20;11049089;7250355
2018-11-21;11178967;7445244
2018-11-22;11073136;7405617
2018-11-23;10703429;7119298
2018-11-24;9985524;6362377
2018-11-25;10359908;6771156
2018-11-26;9656023;6124718
2018-11-27;9852748;6299182
2018-11-28;10633400;7058863
2018-11-29;10481208;6994564
2018-11-30;10107658;6582139
2018-12-01;10523260;6980463
2018-12-02;10476089;6937290
2018-12-03;9967994;6480404
2018-12-04;10007746;6520516
2018-12-05;9656435;6227607
2018-12-06;9380436;6013181
2018-12-07;9069992;5666410
2018-12-08;8783020;5477410
2018-12-09;9256511;5894887
2018-12-10;9025309;5689126
2018-12-11;8950414;5641319
2018-12-12;9082901;5754161
2018-12-13;8739062;5445009
2018-12-14;8568041;5280866
2018-12-15;8662590;5359801
2018-12-16;8671821;5358731
2018-12-17;9236771;5842062
2018-12-18;9280910;5911279
2018-12-19;9550009;6132462
2018-12-20;10260956;6683556
2018-12-21;9955142;6436813
2018-12-22;10115766;6496830
2018-12-23;10493547;6609354
2018-12-24;10858028;6796230
2018-12-25;10302996;6337872
2018-12-26;10242092;6313166
2018-12-27;9763069;5999197
2018-12-28;10515700;6509961
2018-12-29;10730196;6540036
2018-12-30;10491757;6389776
2018-12-31;10154457;6139939
2019-01-01;10368899;6226703
2019-01-02;10891267;6497884
2019-01-03;10606004;6347206
2019-01-04;10801476;6413529
2019-01-05;10853723;6419885
2019-01-06;11079635;6741716
2019-01-07;10943520;6701855
2019-01-08;10902930;6690614
2019-01-09;10903765;6697556
2019-01-10;10010321;6073834
2019-01-11;9993156;6105063
2019-01-12;9957400;6067260
2019-01-13;9640503;5882358
2019-01-14;10070191;6131961
2019-01-15;9749143;5969055
2019-01-16;9875875;6025927
2019-01-17;9895953;6065437
2019-01-18;9829394;6042136
2019-01-19;10036122;6193935
2019-01-20;9691770;5920094
2019-01-21;9621689;5887175
2019-01-22;9760445;5977686
2019-01-23;9690608;5929495
2019-01-24;9739429;5973270
2019-01-25;9688960;5952997
2019-01-26;9695681;5950672
2019-01-27;9618533;5923724
2019-01-28;9263874;5714049
2019-01-29;9267217;5690681
2019-01-30;9375455;5740144
2019-01-31;9317765;5715187
2019-02-01;9383554;5769433
2019-02-02;9361228;5742720
2019-02-03;9267647;5679257
2019-02-04;9336596;5718532
2019-02-05;9335149;5725373
2019-02-06;9189505;5630597
2019-02-07;9174844;5619106
2019-02-08;9834929;6012445
2019-02-09;9874834;6055233
2019-02-10;9831885;6030142
2019-02-11;9851938;6006741
2019-02-12;9848715;5982269
2019-02-13;9840535;5974775
2019-02-14;9844942;5969991
2019-02-15;9842642;5965274
2019-02-16;9934216;6014670
2019-02-17;10058283;5993744
2019-02-18;10721282;6442467
2019-02-19;10798188;6501848
2019-02-20;10887014;6547246
2019-02-21;10829990;6519496
2019-02-22;10981670;6592610
2019-02-23;11421349;6868658
2019-02-24;10568587;6336868
2019-02-25;10530524;6364351
2019-02-26;10488954;6340967
2019-02-27;10339961;6271014
2019-02-28;10510927;6360587
2019-03-01;10580001;6405383
2019-03-02;10460471;6373049
2019-03-03;10394166;6337889
2019-03-04;10150667;6190790
2019-03-05;10558721;6414583
2019-03-06;10600379;6436612
2019-03-07;10664141;6475102
2019-03-08;10619336;6475135
2019-03-09;10655071;6511901
2019-03-10;10636714;6519981
2019-03-11;10497984;6438018
2019-03-12;10548490;6465467
2019-03-13;10494923;6443036
2019-03-14;10493018;6442985
2019-03-15;10669816;6524012
2019-03-16;10866326;6657662
2019-03-17;10847138;6650804
2019-03-18;10801353;6643059
2019-03-19;10845574;6678621
2019-03-20;10870503;6710035
2019-03-21;10740723;6645702
2019-03-22;10761073;6651222
2019-03-23;10755172;6642357
2019-03-24;10711360;6621247
2019-03-25;10539061;6502852
2019-03-26;10605868;6543348
2019-03-27;10852149;6707576
2019-03-28;10841868;6706388
2019-03-29;11004790;6812773
2019-03-30;11036222;6824566
2019-03-31;11045788;6846595
2019-04-01;11079779;6905793
2019-04-02;12478832;8035947
2019-04-03;13574250;8857033
2019-04-04;12471843;8109479
2019-04-05;12868745;8363582
2019-04-06;13058409;8500744
2019-04-07;13292195;8606393
2019-04-08;13605085;8784939
2019-04-09;13474432;8731211
2019-04-10;13531640;8878678
2019-04-11;12930214;8454410
2019-04-12;12907944;8435659
2019-04-13;12956525;8506749
2019-04-14;12997884;8515330
2019-04-15;12785997;8399093
2019-04-16;13165454;8674021
2019-04-17;13234499;8725491
2019-04-18;13561691;8880752
2019-04-19;13430108;8817088
2019-04-20;13513063;8897161
2019-04-21;13290432;8759731
2019-04-22;13549298;8974123
2019-04-23;13865477;9333657
2019-04-24;13499166;9099560
2019-04-25;13589625;9191576
2019-04-26;12894857;8526337
2019-04-27;13143775;8703544
2019-04-28;13015781;8574745
2019-04-29;12992010;8583259
2019-04-30;13238533;8758560
2019-05-01;13348281;8878778
2019-05-02;13536466;9046050
2019-05-03;14079609;9517388
2019-05-04;13971426;9516920
2019-05-05;14085274;9653848
2019-05-06;14233568;9521419
2019-05-07;14382943;9777044
2019-05-08;14382811;9873543
2019-05-09;14555691;10175033
2019-05-10;14862942;10526922
2019-05-11;16256849;11658314
2019-05-12;16401268;12000084
2019-05-13;17551917;13161852
2019-05-14;17456296;12916849
2019-05-15;18742571;13672951
2019-05-16;18389669;12826422
2019-05-17;17209057;11888313
2019-05-18;17497945;12208320
2019-05-19;18911007;13424201
2019-05-20;18840252;13410184
2019-05-21;19106918;13528879
2019-05-22;18456772;13092367
2019-05-23;18467716;13185705
2019-05-24;18967858;13564843
2019-05-25;18793203;13454895
2019-05-26;19860769;14347440
2019-05-27;20140530;14650001
2019-05-28;20159686;14529214
2019-05-29;20052053;14464196
2019-05-30;19658331;14164328
2019-05-31;19677167;14225616
2019-06-01;19797046;14284997
2019-06-02;20061456;14534918
2019-06-03;19712347;14306391
2019-06-04;18074571;12802502
2019-06-05;18259563;12938227
2019-06-06;18141345;12854959
2019-06-07;18557991;13213673
2019-06-08;18451003;13167623
2019-06-09;17991970;12910409
2019-06-10;18542825;13291103
2019-06-11;18531278;13264490
2019-06-12;19024298;13587425
2019-06-13;19285296;13821956
2019-06-14;19522568;14142649
2019-06-15;20231912;14722647
2019-06-16;20393433;14945269
2019-06-17;20973072;15501062
2019-06-18;20590023;15265577
2019-06-19;20744687;15336785
2019-06-20;21372909;15992841
2019-06-21;22321212;16629142
2019-06-22;23522706;17747537
2019-06-23;24280004;18445110
2019-06-24;23852233;18155161
2019-06-25;24604826;19010237
2019-06-26;27058771;21282304
2019-06-27;23294371;17866735
2019-06-28;25739459;20440594
2019-06-29;25754724;20306575
2019-06-30;24564906;19068966
2019-07-01;23007840;17530067
2019-07-02;23293850;17906428
2019-07-03;24326902;19030878
2019-07-04;24777876;19602529
2019-07-05;23726716;18465668
2019-07-06;24424834;19169329
2019-07-07;24763364;19254587
2019-07-08;25812547;20414315
2019-07-09;25962731;20741682
2019-07-10;24746559;19687871
2019-07-11;23454670;18654434
2019-07-12;24718487;19931118
2019-07-13;23078964;18254838
2019-07-14;22163730;17794356
2019-07-15;22295186;18110215
2019-07-16;20031754;16065420
2019-07-17;20352008;16208755
2019-07-18;21877187;17755867
2019-07-19;21678348;17613686
2019-07-20;22472413;18296656
2019-07-21;21714245;17585752
2019-07-22;21395247;17269040
2019-07-23;21188484;16971397
2019-07-24;20603598;16171253
2019-07-25;20899400;16520700
2019-07-26;20845050;16444775
2019-07-27;20201382;15800278
2019-07-28;20276109;15909439
2019-07-29;20349579;15915929
2019-07-30;20333143;15952846
2019-07-31;21011075;16770654
2019-08-01;21492196;17414031
2019-08-02;21445855;17404011
2019-08-03;22125679;18215145
2019-08-04;22173235;18312463
2019-08-05;23272808;19619390
2019-08-06;22835845;19178462
2019-08-07;23375810;20041132
2019-08-08;23237747;20043591
2019-08-09;22904960;19863272
2019-08-10;22164008;18918271