"Date","Price","Open","High","Low","Vol.","Change %"
"Sep 10, 2019","71.83","70.10","73.24","69.95","79.97K","2.47%"
"Sep 09, 2019","70.10","70.62","71.78","68.19","54.67K","-0.74%"
"Sep 08, 2019","70.62","69.03","71.68","68.35","108.87K","2.31%"
"Sep 07, 2019","69.03","65.08","70.70","64.67","85.04K","6.07%"
"Sep 06, 2019","65.08","65.29","68.13","64.08","67.52K","-0.32%"
"Sep 05, 2019","65.29","67.23","67.57","64.24","110.98K","-2.88%"
"Sep 04, 2019","67.23","69.32","69.51","66.68","110.64K","-3.02%"
"Sep 03, 2019","69.32","67.22","71.13","66.67","86.77K","3.12%"
"Sep 02, 2019","67.22","66.16","68.13","65.20","54.76K","1.49%"
"Sep 01, 2019","66.24","64.42","67.42","64.08","70.37K","2.62%"
"Aug 31, 2019","64.55","64.37","65.51","62.45","36.39K","0.26%"
"Aug 30, 2019","64.38","63.67","65.80","62.35","37.43K","1.17%"
"Aug 29, 2019","63.64","66.82","66.82","62.37","62.65K","-4.78%"
"Aug 28, 2019","66.83","72.90","73.21","64.90","128.46K","-8.33%"
"Aug 27, 2019","72.90","73.68","73.73","72.18","28.38K","-1.05%"
"Aug 26, 2019","73.68","72.13","75.52","72.09","47.63K","2.19%"
"Aug 25, 2019","72.09","73.29","74.94","70.73","43.48K","-1.64%"
"Aug 24, 2019","73.29","75.65","75.79","71.61","33.32K","-3.04%"
"Aug 23, 2019","75.59","73.44","76.00","72.50","55.98K","2.77%"
"Aug 22, 2019","73.56","73.16","74.63","71.16","34.92K","0.54%"
"Aug 21, 2019","73.16","75.29","75.55","70.19","77.10K","-2.83%"
"Aug 20, 2019","75.29","77.22","77.49","73.55","29.00K","-2.49%"
"Aug 19, 2019","77.22","76.49","79.13","75.70","70.36K","0.96%"
"Aug 18, 2019","76.49","72.81","78.10","71.56","82.10K","5.06%"
"Aug 17, 2019","72.81","74.96","75.51","71.68","48.08K","-2.88%"
"Aug 16, 2019","74.96","76.42","76.55","72.44","66.07K","-1.91%"
"Aug 15, 2019","76.42","76.03","77.73","71.34","88.53K","0.49%"
"Aug 14, 2019","76.05","84.72","86.43","75.20","111.03K","-10.24%"
"Aug 13, 2019","84.72","85.92","86.87","83.30","55.40K","-1.39%"
"Aug 12, 2019","85.92","90.09","90.13","85.56","53.17K","-4.97%"
"Aug 11, 2019","90.41","85.42","91.46","85.42","59.62K","5.84%"
"Aug 10, 2019","85.42","84.43","87.61","82.77","87.58K","1.18%"
"Aug 09, 2019","84.43","90.58","90.70","82.80","81.37K","-6.79%"
"Aug 08, 2019","90.58","90.70","92.46","88.23","46.53K","-0.14%"
"Aug 07, 2019","90.70","92.98","94.04","87.56","99.37K","-2.54%"
"Aug 06, 2019","93.07","96.59","99.18","91.20","89.56K","-3.65%"
"Aug 05, 2019","96.59","93.03","106.98","92.98","247.07K","3.82%"
"Aug 04, 2019","93.04","94.20","94.88","90.51","75.77K","-1.23%"
"Aug 03, 2019","94.20","94.73","96.65","93.55","49.27K","-0.56%"
"Aug 02, 2019","94.73","98.84","99.04","92.77","74.69K","-4.16%"
"Aug 01, 2019","98.84","98.86","100.49","96.05","83.87K","-0.02%"
"Jul 31, 2019","98.86","90.25","99.88","90.00","86.03K","9.50%"
"Jul 30, 2019","90.29","90.34","92.41","88.69","41.60K","-0.14%"
"Jul 29, 2019","90.41","89.93","92.15","87.58","55.58K","1.01%"
"Jul 28, 2019","89.51","88.63","90.85","83.52","78.52K","0.99%"
"Jul 27, 2019","88.63","94.17","96.36","86.52","102.53K","-5.95%"
"Jul 26, 2019","94.24","93.38","94.73","90.24","56.67K","1.02%"
"Jul 25, 2019","93.29","94.46","96.56","91.58","56.18K","-1.23%"
"Jul 24, 2019","94.46","90.10","96.94","87.04","137.58K","4.83%"
"Jul 23, 2019","90.10","95.27","95.27","88.91","92.05K","-5.43%"
"Jul 22, 2019","95.27","99.50","100.83","91.53","145.90K","-4.24%"
"Jul 21, 2019","99.50","100.37","101.29","96.31","66.62K","-0.87%"
"Jul 20, 2019","100.37","98.51","105.79","97.69","115.63K","1.89%"
"Jul 19, 2019","98.51","101.15","101.37","95.24","137.25K","-2.61%"
"Jul 18, 2019","101.15","90.11","102.92","87.20","258.05K","12.21%"
"Jul 17, 2019","90.14","79.59","93.97","76.88","346.67K","13.35%"
"Jul 16, 2019","79.53","90.10","91.59","77.02","229.26K","-11.73%"
"Jul 15, 2019","90.10","89.68","92.79","84.98","172.12K","0.26%"
"Jul 14, 2019","89.87","100.74","101.40","88.05","206.25K","-10.76%"
"Jul 13, 2019","100.70","104.95","105.10","97.32","97.63K","-3.97%"
"Jul 12, 2019","104.86","103.01","106.18","100.80","67.66K","1.80%"
"Jul 11, 2019","103.01","108.24","108.24","94.78","197.38K","-4.84%"
"Jul 10, 2019","108.25","119.55","120.14","102.10","238.64K","-9.38%"
"Jul 09, 2019","119.45","123.43","123.98","117.68","78.41K","-3.22%"
"Jul 08, 2019","123.43","120.30","125.59","118.51","60.58K","2.60%"
"Jul 07, 2019","120.30","118.56","121.21","117.50","30.19K","1.46%"
"Jul 06, 2019","118.57","118.67","121.88","117.34","52.54K","-0.08%"
"Jul 05, 2019","118.67","119.74","120.92","117.07","45.04K","-0.95%"
"Jul 04, 2019","119.81","121.87","126.59","119.02","119.69K","-1.80%"
"Jul 03, 2019","122.00","119.28","123.19","117.01","89.97K","2.31%"
"Jul 02, 2019","119.25","123.47","124.21","112.90","101.60K","-3.42%"
"Jul 01, 2019","123.47","122.59","126.78","114.44","133.56K","1.04%"
"Jun 30, 2019","122.20","134.10","137.07","120.20","205.81K","-8.87%"
"Jun 29, 2019","134.10","119.31","136.01","115.29","229.82K","12.37%"
"Jun 28, 2019","119.34","114.60","121.54","113.17","123.33K","4.19%"
"Jun 27, 2019","114.54","130.01","131.35","110.68","346.13K","-11.90%"
"Jun 26, 2019","130.01","135.50","137.43","125.00","287.28K","-4.05%"
"Jun 25, 2019","135.50","135.72","137.96","129.18","171.03K","-0.16%"
"Jun 24, 2019","135.72","137.38","137.43","132.85","157.00K","-1.27%"
"Jun 23, 2019","137.46","142.55","143.59","136.60","136.88K","-3.54%"
"Jun 22, 2019","142.51","139.19","146.60","137.93","321.57K","2.34%"
"Jun 21, 2019","139.25","136.09","141.91","135.98","201.52K","2.40%"
"Jun 20, 2019","135.98","137.02","137.30","133.75","92.51K","-0.66%"
"Jun 19, 2019","136.88","135.42","140.01","133.87","137.55K","1.20%"
"Jun 18, 2019","135.26","134.33","136.65","129.11","200.55K","0.72%"
"Jun 17, 2019","134.29","137.10","137.22","132.32","106.82K","-2.04%"
"Jun 16, 2019","137.09","138.33","138.87","133.81","172.65K","-0.90%"
"Jun 15, 2019","138.33","132.49","139.95","132.49","187.47K","4.24%"
"Jun 14, 2019","132.70","130.80","133.14","125.91","184.36K","1.45%"
"Jun 13, 2019","130.80","136.15","137.00","128.47","198.71K","-4.13%"
"Jun 12, 2019","136.43","136.05","143.90","131.17","371.27K","0.30%"
"Jun 11, 2019","136.02","129.93","138.80","125.50","321.72K","4.57%"
"Jun 10, 2019","130.07","114.54","130.57","112.66","286.31K","13.19%"
"Jun 09, 2019","114.91","118.57","119.25","111.63","132.91K","-3.09%"
"Jun 08, 2019","118.57","117.01","120.09","113.68","113.64K","1.34%"
"Jun 07, 2019","117.00","111.29","120.83","109.84","196.73K","5.15%"
"Jun 06, 2019","111.27","103.98","112.06","101.13","94.84K","7.08%"
"Jun 05, 2019","103.91","102.27","105.41","100.35","75.55K","1.60%"
"Jun 04, 2019","102.27","105.70","105.90","99.11","169.09K","-3.19%"
"Jun 03, 2019","105.64","114.59","116.50","104.98","128.83K","-7.82%"
"Jun 02, 2019","114.60","112.46","116.60","111.56","76.38K","1.90%"
"Jun 01, 2019","112.46","114.29","115.96","111.21","97.77K","-1.59%"
"May 31, 2019","114.28","107.60","114.66","104.62","97.13K","6.01%"
"May 30, 2019","107.80","115.58","120.96","102.34","252.53K","-6.50%"
"May 29, 2019","115.30","114.95","118.69","110.06","133.03K","0.30%"
"May 28, 2019","114.95","116.95","118.75","111.49","128.24K","-1.92%"
"May 27, 2019","117.20","112.31","122.02","111.35","296.76K","4.35%"
"May 26, 2019","112.31","102.87","114.99","99.46","244.81K","9.18%"
"May 25, 2019","102.87","100.85","105.17","99.03","135.56K","2.00%"
"May 24, 2019","100.85","88.74","104.00","88.43","204.48K","13.64%"
"May 23, 2019","88.74","87.70","89.74","84.79","66.00K","1.19%"
"May 22, 2019","87.70","90.96","92.30","85.75","81.25K","-3.79%"
"May 21, 2019","91.15","91.51","93.54","89.30","60.88K","-0.39%"
"May 20, 2019","91.51","94.85","94.88","87.65","115.43K","-3.52%"
"May 19, 2019","94.85","86.54","96.89","86.25","135.33K","9.56%"
"May 18, 2019","86.57","90.39","91.14","85.30","44.26K","-4.18%"
"May 17, 2019","90.35","95.50","97.00","85.10","243.29K","-5.06%"
"May 16, 2019","95.17","101.80","106.73","91.15","325.92K","-6.47%"
"May 15, 2019","101.75","91.33","103.86","90.50","322.35K","11.48%"
"May 14, 2019","91.27","87.17","93.86","86.75","185.30K","4.55%"
"May 13, 2019","87.30","85.13","91.77","84.41","190.65K","2.55%"
"May 12, 2019","85.13","87.02","92.95","84.40","260.30K","-2.48%"
"May 11, 2019","87.29","77.69","94.50","77.33","342.99K","12.44%"
"May 10, 2019","77.64","75.30","79.24","73.77","104.38K","3.11%"
"May 09, 2019","75.30","77.25","78.30","74.46","60.84K","-2.36%"
"May 08, 2019","77.12","77.96","77.99","75.15","132.61K","-1.13%"
"May 07, 2019","78.00","78.62","82.39","77.31","97.13K","-0.92%"
"May 06, 2019","78.72","79.23","80.88","75.55","116.97K","-0.63%"
"May 05, 2019","79.23","81.18","81.55","78.90","46.13K","-2.58%"
"May 04, 2019","81.33","82.68","86.01","78.60","112.49K","-1.63%"
"May 03, 2019","82.68","76.86","84.62","76.60","149.44K","7.29%"
"May 02, 2019","77.06","76.88","78.15","76.03","59.77K","0.24%"
"May 01, 2019","76.88","78.29","79.40","75.54","74.81K","-1.47%"
"Apr 30, 2019","78.02","71.22","78.50","71.22","146.39K","9.99%"
"Apr 29, 2019","70.94","72.03","72.78","68.97","83.80K","-1.95%"
"Apr 28, 2019","72.35","73.88","75.15","71.29","74.43K","-1.97%"
"Apr 27, 2019","73.81","75.37","75.46","73.51","39.70K","-2.08%"
"Apr 26, 2019","75.37","71.75","76.45","70.71","139.93K","5.07%"
"Apr 25, 2019","71.74","73.76","75.12","70.38","134.93K","-2.74%"
"Apr 24, 2019","73.76","74.38","75.34","70.96","183.70K","-0.84%"
"Apr 23, 2019","74.38","77.37","80.17","74.30","207.69K","-3.84%"
"Apr 22, 2019","77.35","77.61","78.54","75.70","172.86K","-0.28%"
"Apr 21, 2019","77.57","81.80","82.29","75.01","159.20K","-5.17%"
"Apr 20, 2019","81.80","82.98","83.38","80.00","61.41K","-1.42%"
"Apr 19, 2019","82.98","82.66","83.94","80.41","88.26K","0.38%"
"Apr 18, 2019","82.66","79.67","83.90","79.61","128.80K","3.76%"
"Apr 17, 2019","79.67","81.28","82.49","79.18","75.09K","-1.97%"
"Apr 16, 2019","81.28","78.14","82.27","77.59","130.79K","3.59%"
"Apr 15, 2019","78.46","84.42","85.21","76.45","235.01K","-6.86%"
"Apr 14, 2019","84.24","78.45","84.50","77.11","144.92K","7.32%"
"Apr 13, 2019","78.50","79.50","81.93","76.68","110.65K","-1.26%"
"Apr 12, 2019","79.50","79.66","81.50","75.92","123.70K","-0.20%"
"Apr 11, 2019","79.66","88.23","88.43","75.66","355.07K","-9.76%"
"Apr 10, 2019","88.27","87.46","92.40","86.32","178.21K","1.15%"
"Apr 09, 2019","87.27","89.79","90.11","84.40","152.13K","-3.15%"
"Apr 08, 2019","90.11","92.78","94.67","87.02","181.41K","-2.85%"
"Apr 07, 2019","92.76","92.94","96.62","90.06","162.24K","-0.24%"
"Apr 06, 2019","92.98","89.41","98.65","86.55","402.07K","4.00%"
"Apr 05, 2019","89.41","85.55","91.12","85.04","157.50K","4.47%"
"Apr 04, 2019","85.58","85.40","90.22","81.42","389.53K","0.16%"
"Apr 03, 2019","85.44","77.82","99.40","77.55","1.15M","9.73%"
"Apr 02, 2019","77.87","61.23","79.52","60.99","683.24K","27.18%"
"Apr 01, 2019","61.23","61.45","61.92","60.91","66.38K","-0.42%"
"Mar 31, 2019","61.49","61.45","61.76","60.88","41.07K","0.08%"
"Mar 30, 2019","61.44","62.57","62.81","60.86","79.28K","-1.83%"
"Mar 29, 2019","62.58","61.54","62.83","61.06","115.66K","1.70%"
"Mar 28, 2019","61.54","62.38","62.38","61.23","62.35K","-1.50%"
"Mar 27, 2019","62.48","59.60","62.77","59.44","197.72K","5.04%"
"Mar 26, 2019","59.48","59.72","59.90","58.12","154.29K","-0.21%"
"Mar 25, 2019","59.60","60.56","61.35","58.90","180.37K","-1.59%"
"Mar 24, 2019","60.56","61.77","61.79","59.75","82.47K","-2.00%"
"Mar 23, 2019","61.80","60.06","62.24","59.86","125.60K","2.66%"
"Mar 22, 2019","60.20","59.46","60.54","59.07","141.77K","1.24%"
"Mar 21, 2019","59.46","61.55","61.90","58.52","186.56K","-3.39%"
"Mar 20, 2019","61.55","60.77","62.10","58.39","225.76K","1.28%"
"Mar 19, 2019","60.77","60.37","61.29","59.70","243.20K","0.71%"
"Mar 18, 2019","60.34","61.84","63.75","59.26","233.39K","-2.43%"
"Mar 17, 2019","61.84","62.40","62.53","61.09","108.15K","-1.03%"
"Mar 16, 2019","62.49","59.67","63.01","59.60","256.39K","4.78%"
"Mar 15, 2019","59.63","56.98","60.34","56.98","218.89K","4.66%"
"Mar 14, 2019","56.98","56.36","59.30","54.20","239.01K","1.01%"
"Mar 13, 2019","56.41","57.67","57.88","55.60","173.72K","-2.14%"
"Mar 12, 2019","57.65","56.00","58.05","53.55","324.93K","2.98%"
"Mar 11, 2019","55.98","57.81","58.48","55.15","241.41K","-3.18%"
"Mar 10, 2019","57.81","59.00","59.16","57.06","167.66K","-2.02%"
"Mar 09, 2019","59.01","56.70","60.82","56.54","281.99K","4.09%"
"Mar 08, 2019","56.68","58.05","58.76","55.46","311.05K","-2.29%"
"Mar 07, 2019","58.01","56.60","60.28","55.53","528.37K","2.50%"
"Mar 06, 2019","56.60","53.83","58.04","52.84","361.79K","5.11%"
"Mar 05, 2019","53.84","46.82","54.88","46.47","433.63K","14.99%"
"Mar 04, 2019","46.82","48.88","49.17","45.85","167.87K","-4.16%"
"Mar 03, 2019","48.85","49.57","50.12","48.20","115.26K","-1.45%"
"Mar 02, 2019","49.57","48.13","50.39","47.62","154.06K","2.75%"
"Mar 01, 2019","48.24","46.62","49.78","46.60","176.76K","3.48%"
"Feb 28, 2019","46.62","46.13","47.75","45.75","165.47K","1.07%"
"Feb 27, 2019","46.13","45.85","46.62","43.60","151.98K","0.54%"
"Feb 26, 2019","45.88","46.49","47.00","45.23","93.48K","-1.37%"
"Feb 25, 2019","46.51","44.76","47.85","44.64","196.19K","4.07%"
"Feb 24, 2019","44.69","52.60","54.80","43.34","476.74K","-15.02%"
"Feb 23, 2019","52.59","50.44","53.00","49.20","222.44K","4.23%"
"Feb 22, 2019","50.46","49.78","50.94","48.94","161.71K","1.46%"
"Feb 21, 2019","49.73","52.56","52.68","48.88","222.64K","-5.45%"
"Feb 20, 2019","52.60","48.11","53.44","47.30","352.66K","9.33%"
"Feb 19, 2019","48.11","48.83","50.00","47.64","214.79K","-1.61%"
"Feb 18, 2019","48.90","44.72","50.18","44.48","393.51K","9.14%"
"Feb 17, 2019","44.80","44.09","45.99","43.40","215.73K","1.63%"
"Feb 16, 2019","44.08","43.33","45.10","43.05","190.55K","1.73%"
"Feb 15, 2019","43.33","42.00","45.28","41.90","239.10K","3.34%"
"Feb 14, 2019","41.93","42.25","43.05","41.53","145.85K","-0.93%"
"Feb 13, 2019","42.33","44.72","45.49","41.27","231.38K","-5.35%"
"Feb 12, 2019","44.72","43.51","45.47","42.84","223.16K","2.78%"
"Feb 11, 2019","43.51","47.60","47.65","42.73","333.53K","-8.59%"
"Feb 10, 2019","47.60","45.34","47.96","42.90","346.89K","4.98%"
"Feb 09, 2019","45.34","43.81","46.46","42.99","325.50K","3.46%"
"Feb 08, 2019","43.83","33.65","45.63","33.29","904.65K","30.25%"
"Feb 07, 2019","33.65","33.27","34.00","33.22","71.83K","1.14%"
"Feb 06, 2019","33.27","34.76","34.91","32.70","163.01K","-4.28%"
"Feb 05, 2019","34.76","34.39","34.85","34.01","80.60K","1.07%"
"Feb 04, 2019","34.39","33.83","34.86","33.78","102.88K","1.64%"
"Feb 03, 2019","33.83","35.13","35.45","33.26","190.86K","-3.68%"
"Feb 02, 2019","35.13","33.34","35.51","33.18","159.02K","5.37%"
"Feb 01, 2019","33.34","32.05","34.14","31.27","206.13K","4.19%"
"Jan 31, 2019","32.00","32.33","33.05","31.69","77.22K","-1.03%"
"Jan 30, 2019","32.33","31.42","32.62","31.09","90.06K","2.90%"
"Jan 29, 2019","31.42","31.55","31.84","30.61","85.99K","-0.27%"
"Jan 28, 2019","31.51","32.61","32.94","30.49","168.60K","-3.36%"
"Jan 27, 2019","32.60","33.40","33.75","31.79","157.70K","-2.39%"
"Jan 26, 2019","33.40","33.19","34.69","33.13","132.81K","0.46%"
"Jan 25, 2019","33.25","33.24","33.68","32.42","101.89K","0.00%"
"Jan 24, 2019","33.24","32.30","33.81","31.53","145.12K","2.91%"
"Jan 23, 2019","32.30","32.06","32.80","31.89","91.39K","0.76%"
"Jan 22, 2019","32.06","31.30","32.66","29.91","230.89K","2.44%"
"Jan 21, 2019","31.30","31.06","31.62","30.78","84.04K","1.06%"
"Jan 20, 2019","30.97","32.89","33.83","30.67","163.12K","-5.84%"
"Jan 19, 2019","32.89","31.45","34.24","31.45","158.56K","4.57%"
"Jan 18, 2019","31.45","32.31","32.40","30.98","67.65K","-2.70%"
"Jan 17, 2019","32.33","32.02","32.41","30.52","134.54K","1.08%"
"Jan 16, 2019","31.98","31.64","32.70","31.38","81.37K","1.05%"
"Jan 15, 2019","31.65","32.77","33.28","30.95","137.80K","-3.51%"
"Jan 14, 2019","32.80","30.51","33.70","30.41","147.82K","7.51%"
"Jan 13, 2019","30.51","32.63","33.64","30.21","147.34K","-6.65%"
"Jan 12, 2019","32.69","32.54","33.01","32.17","74.87K","0.55%"
"Jan 11, 2019","32.51","33.98","34.40","31.83","171.71K","-4.39%"
"Jan 10, 2019","34.00","39.31","40.10","32.87","362.55K","-13.50%"
"Jan 09, 2019","39.31","40.16","41.20","39.10","182.81K","-2.12%"
"Jan 08, 2019","40.16","38.65","42.20","38.50","309.25K","3.90%"
"Jan 07, 2019","38.65","40.09","40.73","38.35","156.41K","-3.59%"
"Jan 06, 2019","40.09","35.62","41.31","35.27","548.11K","12.58%"
"Jan 05, 2019","35.61","33.14","37.40","33.14","304.94K","7.45%"
"Jan 04, 2019","33.14","32.75","33.89","32.00","99.55K","1.20%"
"Jan 03, 2019","32.75","34.39","34.40","32.01","91.80K","-4.49%"
"Jan 02, 2019","34.29","32.95","35.00","32.59","103.89K","4.11%"
"Jan 01, 2019","32.93","30.96","33.30","30.73","103.22K","6.37%"
"Dec 31, 2018","30.96","32.82","32.94","30.56","89.93K","-5.81%"
"Dec 30, 2018","32.87","31.82","33.09","31.34","125.77K","3.76%"
"Dec 29, 2018","31.68","33.47","34.60","31.64","170.57K","-5.33%"
"Dec 28, 2018","33.46","28.69","34.76","28.64","235.42K","16.64%"
"Dec 27, 2018","28.69","31.53","31.94","28.36","157.05K","-9.02%"
"Dec 26, 2018","31.53","31.92","33.00","30.02","177.50K","-1.21%"
"Dec 25, 2018","31.92","33.86","33.92","30.77","198.76K","-5.78%"
"Dec 24, 2018","33.88","34.16","37.68","33.34","300.97K","-0.73%"
"Dec 23, 2018","34.12","32.82","35.00","32.66","214.02K","3.96%"
"Dec 22, 2018","32.82","31.31","32.89","30.75","138.05K","4.85%"
"Dec 21, 2018","31.31","33.54","34.18","30.64","232.24K","-6.67%"
"Dec 20, 2018","33.54","29.94","34.23","29.79","404.22K","12.02%"
"Dec 19, 2018","29.94","31.00","32.55","29.65","346.05K","-3.41%"
"Dec 18, 2018","31.00","29.88","31.00","28.65","245.29K","3.80%"
"Dec 17, 2018","29.87","26.16","31.34","26.00","539.98K","14.36%"
"Dec 16, 2018","26.12","24.08","27.57","24.08","425.44K","8.24%"
"Dec 15, 2018","24.13","23.72","24.52","23.55","138.98K","1.53%"
"Dec 14, 2018","23.77","23.47","24.11","22.87","163.65K","1.26%"
"Dec 13, 2018","23.47","24.77","24.86","23.27","156.30K","-5.23%"
"Dec 12, 2018","24.77","23.77","25.79","23.60","201.50K","4.18%"
"Dec 11, 2018","23.77","24.77","25.25","23.30","122.34K","-4.06%"
"Dec 10, 2018","24.78","26.04","26.37","24.36","180.63K","-4.86%"
"Dec 09, 2018","26.04","24.94","27.49","24.91","191.00K","4.43%"
"Dec 08, 2018","24.94","25.44","27.16","23.37","376.75K","-2.13%"
"Dec 07, 2018","25.48","26.88","27.01","22.54","438.86K","-5.20%"
"Dec 06, 2018","26.88","29.25","30.57","26.34","304.42K","-8.04%"
"Dec 05, 2018","29.23","31.28","31.53","29.20","148.43K","-6.56%"
"Dec 04, 2018","31.28","31.06","32.55","30.25","146.81K","0.71%"
"Dec 03, 2018","31.06","34.01","34.01","30.22","180.30K","-8.38%"
"Dec 02, 2018","33.90","34.56","35.52","33.41","115.15K","-1.94%"
"Dec 01, 2018","34.57","32.20","35.38","31.56","151.31K","7.23%"
"Nov 30, 2018","32.24","34.12","34.56","31.49","152.28K","-5.23%"
"Nov 29, 2018","34.02","35.20","35.97","33.43","155.75K","-3.02%"
"Nov 28, 2018","35.08","31.87","36.62","31.51","274.38K","10.89%"
"Nov 27, 2018","31.64","30.15","32.22","29.39","187.89K","4.87%"
"Nov 26, 2018","30.17","31.71","32.74","28.70","309.16K","-4.20%"
"Nov 25, 2018","31.49","29.74","32.77","27.80","381.70K","6.07%"
"Nov 24, 2018","29.69","32.77","34.10","29.17","219.36K","-9.50%"
"Nov 23, 2018","32.80","32.04","33.74","31.13","157.33K","1.44%"
"Nov 22, 2018","32.33","35.22","35.49","32.33","100.83K","-7.93%"
"Nov 21, 2018","35.12","33.74","35.24","32.39","239.79K","3.63%"
"Nov 20, 2018","33.89","37.29","38.82","31.60","548.06K","-8.83%"
"Nov 19, 2018","37.17","42.42","42.42","36.08","337.35K","-12.66%"
"Nov 18, 2018","42.56","42.56","43.50","42.25","42.55K","0.13%"
"Nov 17, 2018","42.50","42.91","42.96","42.00","31.73K","-0.87%"
"Nov 16, 2018","42.88","44.63","44.72","42.42","93.89K","-4.06%"
"Nov 15, 2018","44.69","45.00","45.51","41.23","293.89K","-0.10%"
"Nov 14, 2018","44.74","50.43","51.43","42.90","276.42K","-11.31%"
"Nov 13, 2018","50.44","51.24","51.60","49.67","57.90K","-1.64%"
"Nov 12, 2018","51.28","51.90","51.90","50.62","40.79K","-0.34%"
"Nov 11, 2018","51.46","52.44","52.57","49.97","65.15K","-1.87%"
"Nov 10, 2018","52.44","52.29","52.96","52.07","23.31K","0.16%"
"Nov 09, 2018","52.35","52.73","53.13","51.83","43.49K","-0.72%"
"Nov 08, 2018","52.73","54.46","55.04","52.59","51.34K","-3.13%"
"Nov 07, 2018","54.44","56.57","56.88","53.62","78.79K","-3.54%"
"Nov 06, 2018","56.43","54.03","56.43","53.96","72.14K","4.44%"
"Nov 05, 2018","54.03","54.68","55.07","53.17","64.68K","-0.94%"
"Nov 04, 2018","54.55","51.12","56.28","50.85","121.41K","6.81%"
"Nov 03, 2018","51.07","51.74","51.79","50.72","29.42K","-1.30%"
"Nov 02, 2018","51.74","50.67","52.17","50.64","64.63K","2.35%"
"Nov 01, 2018","50.56","50.17","50.81","49.82","36.68K","1.24%"
"Oct 31, 2018","49.94","49.32","50.56","48.09","71.05K","1.24%"
"Oct 30, 2018","49.33","49.13","49.94","49.02","31.34K","0.10%"
"Oct 29, 2018","49.28","52.05","52.22","48.37","98.89K","-5.32%"
"Oct 28, 2018","52.05","52.26","52.56","51.72","35.95K","-0.50%"
"Oct 27, 2018","52.31","52.68","52.86","52.00","29.05K","-0.65%"
"Oct 26, 2018","52.65","52.95","53.30","52.28","60.92K","-0.41%"
"Oct 25, 2018","52.87","53.04","53.28","52.67","25.01K","-0.29%"
"Oct 24, 2018","53.02","53.31","53.91","53.00","30.06K","-0.55%"
"Oct 23, 2018","53.31","53.07","53.85","52.57","47.70K","0.47%"
"Oct 22, 2018","53.06","53.52","54.12","52.80","34.36K","-1.05%"
"Oct 21, 2018","53.63","54.26","54.98","53.42","29.96K","-1.28%"
"Oct 20, 2018","54.32","53.68","54.53","53.34","23.79K","1.14%"
"Oct 19, 2018","53.71","53.51","54.73","53.21","37.51K","0.39%"
"Oct 18, 2018","53.50","55.29","55.76","53.02","47.08K","-3.38%"
"Oct 17, 2018","55.37","55.52","55.58","54.48","52.99K","-0.39%"
"Oct 16, 2018","55.58","56.10","57.10","54.87","50.81K","-0.88%"
"Oct 15, 2018","56.08","52.54","61.92","52.14","281.84K","6.66%"
"Oct 14, 2018","52.58","54.09","54.40","52.29","66.88K","-2.79%"
"Oct 13, 2018","54.09","53.71","54.86","53.42","56.52K","0.68%"
"Oct 12, 2018","53.73","51.20","54.13","50.97","104.13K","4.80%"
"Oct 11, 2018","51.27","58.49","58.49","50.82","191.85K","-12.41%"
"Oct 10, 2018","58.53","59.08","59.08","57.39","52.45K","-0.89%"
"Oct 09, 2018","59.06","59.75","59.80","58.51","42.61K","-1.18%"
"Oct 08, 2018","59.76","58.51","60.20","57.72","109.41K","2.51%"
"Oct 07, 2018","58.30","57.91","58.63","56.95","59.61K","0.66%"
"Oct 06, 2018","57.92","59.03","59.17","57.07","74.04K","-1.97%"
"Oct 05, 2018","59.09","58.36","59.77","57.62","81.93K","1.47%"
"Oct 04, 2018","58.23","57.57","59.42","57.39","86.95K","1.15%"
"Oct 03, 2018","57.57","59.50","59.58","56.62","109.66K","-3.24%"
"Oct 02, 2018","59.50","60.48","61.68","59.12","98.49K","-1.48%"
"Oct 01, 2018","60.39","61.38","62.05","59.46","93.11K","-1.36%"
"Sep 30, 2018","61.22","61.64","63.18","59.92","182.43K","-0.70%"
"Sep 29, 2018","61.65","61.65","62.25","58.92","114.59K","-0.47%"
"Sep 28, 2018","61.95","63.33","64.98","60.18","219.18K","-2.19%"
"Sep 27, 2018","63.33","57.25","65.44","56.68","377.47K","10.76%"
"Sep 26, 2018","57.18","57.48","59.86","56.49","144.33K","-0.58%"
"Sep 25, 2018","57.51","57.96","58.09","54.34","214.35K","-0.63%"
"Sep 24, 2018","57.88","60.95","61.46","57.20","186.26K","-5.76%"
"Sep 23, 2018","61.42","60.68","63.65","60.00","155.26K","1.21%"
"Sep 22, 2018","60.68","61.10","61.96","58.12","175.26K","-0.35%"
"Sep 21, 2018","60.89","57.02","62.82","56.38","233.56K","7.53%"
"Sep 20, 2018","56.63","54.37","57.30","53.42","96.33K","4.15%"
"Sep 19, 2018","54.37","53.95","54.90","51.62","166.80K","0.62%"
"Sep 18, 2018","54.04","51.86","55.31","50.59","153.20K","3.38%"
"Sep 17, 2018","52.27","56.91","57.87","51.28","166.59K","-7.86%"
"Sep 16, 2018","56.73","56.34","57.52","54.47","98.45K","0.64%"
"Sep 15, 2018","56.37","56.18","58.82","55.80","108.81K","0.11%"
"Sep 14, 2018","56.31","54.53","58.96","52.89","197.48K","3.58%"
"Sep 13, 2018","54.36","51.74","55.33","51.74","162.13K","5.01%"
"Sep 12, 2018","51.77","52.06","52.06","47.24","173.61K","-0.57%"
"Sep 11, 2018","52.06","54.49","54.76","50.31","158.44K","-4.33%"
"Sep 10, 2018","54.42","54.73","56.55","53.08","129.75K","-0.48%"
"Sep 09, 2018","54.68","53.09","56.49","52.13","137.92K","3.08%"
"Sep 08, 2018","53.05","55.57","57.22","52.08","126.97K","-4.75%"
"Sep 07, 2018","55.69","57.64","58.44","55.04","94.32K","-3.22%"
"Sep 06, 2018","57.54","57.77","57.85","53.97","257.21K","-0.20%"
"Sep 05, 2018","57.66","67.57","68.25","57.60","249.70K","-14.71%"
"Sep 04, 2018","67.60","65.41","69.32","65.38","138.61K","3.35%"
"Sep 03, 2018","65.41","66.28","66.41","64.29","63.92K","-1.12%"
"Sep 02, 2018","66.15","66.50","67.10","64.17","65.18K","-0.53%"
"Sep 01, 2018","66.50","62.13","67.85","62.13","141.05K","7.03%"
"Aug 31, 2018","62.13","60.25","62.65","59.56","63.13K","3.18%"
"Aug 30, 2018","60.22","61.53","61.63","58.60","70.85K","-2.28%"
"Aug 29, 2018","61.62","63.15","63.41","60.33","71.51K","-2.42%"
"Aug 28, 2018","63.15","60.72","63.71","59.73","124.15K","4.06%"
"Aug 27, 2018","60.68","57.07","60.90","56.62","97.99K","6.33%"
"Aug 26, 2018","57.07","57.87","58.10","55.89","39.94K","-1.40%"
"Aug 25, 2018","57.88","57.90","58.42","57.07","46.49K","0.01%"
"Aug 24, 2018","57.88","57.31","58.38","55.52","58.34K","1.06%"
"Aug 23, 2018","57.27","55.15","57.88","54.79","77.82K","3.82%"
"Aug 22, 2018","55.16","56.42","59.26","53.96","183.03K","-2.23%"
"Aug 21, 2018","56.42","53.40","56.86","53.25","88.09K","5.67%"
"Aug 20, 2018","53.40","57.78","58.51","53.19","176.80K","-7.58%"
"Aug 19, 2018","57.78","57.13","59.00","56.19","78.00K","1.16%"
"Aug 18, 2018","57.12","61.81","62.37","55.22","139.21K","-7.60%"
"Aug 17, 2018","61.81","55.25","61.90","55.06","146.40K","11.78%"
"Aug 16, 2018","55.30","54.28","57.63","54.12","90.24K","1.73%"
"Aug 15, 2018","54.36","54.36","59.23","53.86","229.16K","0.03%"
"Aug 14, 2018","54.34","56.45","56.45","49.19","211.67K","-3.79%"
"Aug 13, 2018","56.48","59.29","60.55","55.67","87.80K","-4.72%"
"Aug 12, 2018","59.28","57.67","61.50","57.32","112.06K","2.80%"
"Aug 11, 2018","57.67","59.14","59.95","55.10","184.97K","-2.47%"
"Aug 10, 2018","59.13","62.90","63.10","58.00","117.95K","-5.95%"
"Aug 09, 2018","62.87","62.14","65.03","60.06","125.37K","1.17%"
"Aug 08, 2018","62.14","67.28","67.48","60.89","187.75K","-7.64%"
"Aug 07, 2018","67.28","73.63","75.15","66.71","156.83K","-8.54%"
"Aug 06, 2018","73.57","74.64","76.79","72.38","46.94K","-1.44%"
"Aug 05, 2018","74.64","73.07","74.66","72.19","51.39K","2.24%"
"Aug 04, 2018","73.00","77.56","78.14","72.10","65.80K","-5.88%"
"Aug 03, 2018","77.56","76.13","77.85","74.86","57.47K","1.88%"
"Aug 02, 2018","76.13","77.64","78.41","75.48","43.82K","-1.95%"
"Aug 01, 2018","77.64","78.78","79.02","75.97","93.75K","-1.47%"
"Jul 31, 2018","78.80","82.17","82.45","76.10","111.58K","-4.10%"
"Jul 30, 2018","82.17","84.04","84.68","79.74","88.37K","-2.27%"
"Jul 29, 2018","84.08","84.19","85.39","83.38","37.77K","-0.36%"
"Jul 28, 2018","84.38","84.43","84.72","82.40","32.49K","-0.05%"
"Jul 27, 2018","84.42","83.60","85.00","81.55","82.54K","0.97%"
"Jul 26, 2018","83.60","86.40","87.90","82.88","72.39K","-3.24%"
"Jul 25, 2018","86.40","89.03","90.56","84.87","78.37K","-3.37%"
"Jul 24, 2018","89.41","81.37","89.77","80.85","183.79K","9.88%"
"Jul 23, 2018","81.37","82.22","85.90","81.37","115.06K","-1.04%"
"Jul 22, 2018","82.22","83.44","84.23","81.74","63.00K","-1.47%"
"Jul 21, 2018","83.44","81.89","84.81","79.51","56.76K","1.90%"
"Jul 20, 2018","81.89","86.13","86.51","81.04","113.89K","-4.93%"
"Jul 19, 2018","86.13","86.32","88.90","85.00","98.33K","-0.22%"
"Jul 18, 2018","86.32","89.07","94.39","85.10","207.60K","-3.08%"
"Jul 17, 2018","89.07","83.66","90.09","81.40","160.53K","6.47%"
"Jul 16, 2018","83.66","78.67","84.16","77.70","177.37K","6.35%"
"Jul 15, 2018","78.67","76.18","79.49","75.13","78.90K","3.26%"
"Jul 14, 2018","76.18","76.48","77.45","75.40","60.89K","-0.45%"
"Jul 13, 2018","76.53","77.00","78.40","75.06","127.45K","-0.60%"
"Jul 12, 2018","76.99","78.24","78.24","74.29","121.65K","-1.52%"
"Jul 11, 2018","78.18","75.86","80.98","75.45","172.34K","3.09%"
"Jul 10, 2018","75.84","80.53","80.53","74.30","191.84K","-5.73%"
"Jul 09, 2018","80.45","82.16","83.18","79.99","94.47K","-2.11%"
"Jul 08, 2018","82.18","85.02","85.80","81.80","104.41K","-3.34%"
"Jul 07, 2018","85.02","83.22","85.52","79.40","113.95K","2.29%"
"Jul 06, 2018","83.12","83.32","84.27","80.73","93.22K","0.05%"
"Jul 05, 2018","83.07","85.42","86.99","81.82","165.76K","-2.69%"
"Jul 04, 2018","85.37","85.02","89.11","83.39","108.83K","0.64%"
"Jul 03, 2018","84.83","85.57","89.77","84.06","142.95K","-0.87%"
"Jul 02, 2018","85.57","79.85","86.70","78.20","136.34K","7.09%"
"Jul 01, 2018","79.91","81.21","81.58","77.80","99.36K","-1.57%"
"Jun 30, 2018","81.18","79.15","84.35","79.07","199.57K","2.56%"
"Jun 29, 2018","79.15","74.03","80.60","72.52","212.95K","6.76%"
"Jun 28, 2018","74.14","80.69","81.35","73.92","123.51K","-8.13%"
"Jun 27, 2018","80.69","75.79","81.79","74.88","117.10K","6.45%"
"Jun 26, 2018","75.80","81.61","82.50","75.30","106.03K","-6.98%"
"Jun 25, 2018","81.49","80.60","84.30","78.56","138.14K","1.12%"
"Jun 24, 2018","80.58","82.66","83.71","73.32","248.41K","-2.52%"
"Jun 23, 2018","82.66","84.90","86.77","81.30","121.14K","-2.63%"
"Jun 22, 2018","84.90","96.71","96.88","80.50","285.72K","-12.21%"
"Jun 21, 2018","96.71","97.84","99.32","95.87","59.38K","-1.16%"
"Jun 20, 2018","97.84","98.75","99.00","95.23","61.25K","-1.00%"
"Jun 19, 2018","98.83","98.86","101.59","96.93","100.54K","-0.01%"
"Jun 18, 2018","98.84","94.87","99.90","92.95","136.48K","4.18%"
"Jun 17, 2018","94.87","96.64","98.19","94.50","75.13K","-1.83%"
"Jun 16, 2018","96.64","95.50","97.58","92.61","103.36K","1.19%"
"Jun 15, 2018","95.50","100.81","100.85","94.71","120.30K","-5.27%"
"Jun 14, 2018","100.81","93.52","102.63","92.47","156.28K","7.80%"
"Jun 13, 2018","93.52","99.82","100.33","89.15","253.13K","-6.36%"
"Jun 12, 2018","99.87","106.90","107.99","97.26","206.75K","-6.57%"
"Jun 11, 2018","106.89","106.34","108.46","102.77","165.84K","0.46%"
"Jun 10, 2018","106.40","117.23","117.23","102.70","329.09K","-9.30%"
"Jun 09, 2018","117.31","119.97","121.03","116.85","32.50K","-2.22%"
"Jun 08, 2018","119.97","121.65","122.17","118.33","51.66K","-1.36%"
"Jun 07, 2018","121.63","121.55","123.92","119.42","90.61K","0.07%"
"Jun 06, 2018","121.55","122.39","122.87","118.25","72.71K","-0.69%"
"Jun 05, 2018","122.39","119.89","122.60","115.85","71.08K","2.09%"
"Jun 04, 2018","119.89","125.42","126.93","118.13","68.63K","-4.25%"
"Jun 03, 2018","125.21","123.70","128.28","122.20","132.09K","1.23%"
"Jun 02, 2018","123.69","120.41","124.51","118.70","108.82K","2.73%"
"Jun 01, 2018","120.40","118.31","120.47","116.70","82.63K","1.77%"
"May 31, 2018","118.31","116.98","120.94","116.31","90.76K","0.98%"
"May 30, 2018","117.16","119.52","122.70","114.81","97.35K","-1.97%"
"May 29, 2018","119.51","110.91","122.81","109.48","140.43K","7.76%"
"May 28, 2018","110.90","117.84","118.98","110.16","101.31K","-5.89%"
"May 27, 2018","117.84","118.38","118.94","116.41","52.50K","-0.32%"
"May 26, 2018","118.22","119.04","122.42","117.20","44.20K","-0.69%"
"May 25, 2018","119.04","122.68","124.27","116.61","77.91K","-2.97%"
"May 24, 2018","122.68","118.32","124.45","114.64","119.48K","3.76%"
"May 23, 2018","118.23","127.90","129.29","116.08","136.16K","-7.66%"
"May 22, 2018","128.04","134.17","136.00","127.39","57.13K","-4.53%"
"May 21, 2018","134.12","139.67","140.32","133.71","54.67K","-4.03%"
"May 20, 2018","139.75","135.14","140.82","132.62","59.67K","3.33%"
"May 19, 2018","135.24","136.08","137.76","132.71","45.29K","-0.62%"
"May 18, 2018","136.08","132.43","137.74","128.83","91.85K","2.76%"
"May 17, 2018","132.43","139.17","141.38","131.00","79.37K","-4.84%"
"May 16, 2018","139.17","139.25","141.16","133.92","84.31K","-0.06%"
"May 15, 2018","139.25","147.41","149.73","137.46","141.24K","-5.54%"
"May 14, 2018","147.42","144.24","153.00","134.24","310.76K","2.20%"
"May 13, 2018","144.24","141.63","146.78","136.39","115.51K","1.98%"
"May 12, 2018","141.44","136.41","144.35","130.90","163.64K","3.69%"
"May 11, 2018","136.41","148.06","148.31","133.13","253.74K","-7.92%"
"May 10, 2018","148.14","156.70","160.86","147.47","104.57K","-5.46%"
"May 09, 2018","156.70","159.07","160.10","150.69","128.01K","-1.49%"
"May 08, 2018","159.07","164.30","168.31","157.35","128.37K","-3.18%"
"May 07, 2018","164.30","172.21","172.67","157.61","196.57K","-4.68%"
"May 06, 2018","172.36","178.81","184.67","165.50","224.88K","-3.63%"
"May 05, 2018","178.85","169.33","183.95","168.33","239.26K","5.57%"
"May 04, 2018","169.42","161.55","172.00","157.52","207.36K","4.87%"
"May 03, 2018","161.55","151.73","164.99","150.40","227.74K","6.49%"
"May 02, 2018","151.70","148.16","153.89","146.20","90.35K","2.48%"
"May 01, 2018","148.03","148.07","148.94","142.93","133.09K","-0.03%"
"Apr 30, 2018","148.07","153.46","154.73","146.96","85.18K","-3.51%"
"Apr 29, 2018","153.46","151.99","156.79","147.92","113.78K","0.93%"
"Apr 28, 2018","152.05","145.65","153.59","145.00","110.03K","4.35%"
"Apr 27, 2018","145.71","153.37","153.79","145.20","168.41K","-5.21%"
"Apr 26, 2018","153.72","144.68","154.57","142.03","159.03K","5.77%"
"Apr 25, 2018","145.33","164.68","164.92","142.70","315.10K","-11.81%"
"Apr 24, 2018","164.79","152.54","166.28","152.44","274.86K","7.93%"
"Apr 23, 2018","152.68","146.51","152.68","146.16","138.57K","4.28%"
"Apr 22, 2018","146.41","148.68","151.74","144.72","113.73K","-1.55%"
"Apr 21, 2018","148.71","155.73","156.90","141.00","221.58K","-4.51%"
"Apr 20, 2018","155.73","146.61","156.58","143.40","170.21K","6.44%"
"Apr 19, 2018","146.31","140.26","147.52","138.81","198.03K","4.31%"
"Apr 18, 2018","140.26","132.20","141.59","132.20","160.81K","6.07%"
"Apr 17, 2018","132.23","128.83","140.49","128.59","291.98K","2.74%"
"Apr 16, 2018","128.70","132.66","133.37","125.00","120.83K","-2.99%"
"Apr 15, 2018","132.66","126.36","133.06","126.36","119.89K","4.99%"
"Apr 14, 2018","126.36","125.55","129.74","124.30","98.19K","0.90%"
"Apr 13, 2018","125.23","129.54","133.91","124.01","301.44K","-3.33%"
"Apr 12, 2018","129.54","118.45","130.97","113.12","401.97K","9.46%"
"Apr 11, 2018","118.35","114.19","119.89","112.89","131.60K","3.64%"
"Apr 10, 2018","114.19","114.87","115.22","111.34","84.81K","-0.52%"
"Apr 09, 2018","114.79","117.73","123.02","112.51","174.23K","-2.39%"
"Apr 08, 2018","117.60","115.92","118.50","115.32","104.34K","1.45%"
"Apr 07, 2018","115.92","112.83","119.83","112.45","145.03K","2.74%"
"Apr 06, 2018","112.83","118.48","120.24","111.70","136.56K","-4.74%"
"Apr 05, 2018","118.45","118.18","122.50","113.59","167.51K","0.23%"
"Apr 04, 2018","118.18","134.09","134.61","115.21","329.44K","-11.87%"
"Apr 03, 2018","134.09","119.45","136.57","118.10","197.91K","12.70%"
"Apr 02, 2018","118.98","114.90","121.55","114.11","147.59K","3.55%"
"Apr 01, 2018","114.90","116.00","117.93","109.40","181.08K","-0.95%"
"Mar 31, 2018","116.00","118.28","124.37","115.42","171.58K","-1.93%"
"Mar 30, 2018","118.28","114.58","126.03","109.50","338.65K","3.23%"
"Mar 29, 2018","114.58","131.53","132.33","112.69","381.71K","-12.89%"
"Mar 28, 2018","131.53","134.82","139.67","130.14","171.24K","-2.44%"
"Mar 27, 2018","134.82","148.08","149.34","134.76","221.02K","-8.91%"
"Mar 26, 2018","148.00","159.87","160.95","141.95","274.26K","-7.42%"
"Mar 25, 2018","159.87","158.74","162.90","157.00","90.32K","0.71%"
"Mar 24, 2018","158.74","168.70","169.88","158.00","119.12K","-5.87%"
"Mar 23, 2018","168.64","163.77","169.18","156.50","137.88K","2.97%"
"Mar 22, 2018","163.77","168.50","172.68","159.87","162.11K","-2.86%"
"Mar 21, 2018","168.59","168.73","175.22","165.45","141.38K","-0.17%"
"Mar 20, 2018","168.87","161.60","173.69","155.67","178.53K","4.59%"
"Mar 19, 2018","161.46","153.53","163.59","151.14","236.33K","5.17%"
"Mar 18, 2018","153.53","152.30","157.50","137.14","338.45K","0.73%"
"Mar 17, 2018","152.42","163.84","165.42","150.09","144.89K","-7.39%"
"Mar 16, 2018","164.59","164.08","171.98","158.15","173.85K","0.31%"
"Mar 15, 2018","164.08","160.13","167.50","149.93","292.92K","2.47%"
"Mar 14, 2018","160.13","175.05","177.78","157.35","220.19K","-8.52%"
"Mar 13, 2018","175.05","177.42","182.16","170.50","201.30K","-1.25%"
"Mar 12, 2018","177.26","188.18","192.99","174.05","218.31K","-5.80%"
"Mar 11, 2018","188.18","176.50","193.34","170.30","251.43K","6.59%"
"Mar 10, 2018","176.55","186.04","194.72","174.86","252.89K","-5.10%"
"Mar 09, 2018","186.04","175.47","189.95","158.79","477.77K","6.10%"
"Mar 08, 2018","175.35","185.17","187.71","173.02","187.61K","-5.30%"
"Mar 07, 2018","185.17","197.75","199.38","173.87","303.33K","-6.00%"
"Mar 06, 2018","196.99","210.00","210.02","191.72","178.16K","-6.40%"
"Mar 05, 2018","210.45","213.46","216.71","208.93","107.48K","-1.43%"
"Mar 04, 2018","213.50","209.92","215.20","204.16","98.35K","1.71%"
"Mar 03, 2018","209.91","213.32","218.57","208.78","171.43K","-1.55%"
"Mar 02, 2018","213.21","209.26","214.05","203.60","117.88K","1.83%"
"Mar 01, 2018","209.37","201.71","215.51","200.30","145.55K","3.64%"
"Feb 28, 2018","202.02","214.96","223.51","201.39","230.19K","-5.86%"
"Feb 27, 2018","214.60","218.36","223.62","212.66","217.05K","-1.71%"
"Feb 26, 2018","218.34","218.13","231.75","214.56","424.74K","0.28%"
"Feb 25, 2018","217.74","206.33","222.50","199.22","327.30K","5.53%"
"Feb 24, 2018","206.33","206.21","218.34","194.20","328.14K","0.06%"
"Feb 23, 2018","206.21","192.62","215.55","181.94","401.80K","6.99%"
"Feb 22, 2018","192.73","210.03","221.00","188.68","456.66K","-8.24%"
"Feb 21, 2018","210.03","228.98","231.25","203.78","496.29K","-8.26%"
"Feb 20, 2018","228.94","221.63","252.86","221.03","638.40K","3.13%"
"Feb 19, 2018","222.00","213.18","226.75","212.86","235.41K","3.98%"
"Feb 18, 2018","213.50","228.93","231.21","211.00","349.38K","-6.51%"
"Feb 17, 2018","228.36","228.44","232.70","223.14","203.86K","-0.06%"
"Feb 16, 2018","228.50","220.45","234.84","209.15","469.10K","3.21%"
"Feb 15, 2018","221.40","211.70","236.20","207.00","724.22K","4.58%"
"Feb 14, 2018","211.70","159.28","216.71","159.28","923.49K","33.05%"
"Feb 13, 2018","159.11","161.43","162.44","152.26","110.08K","-1.44%"
"Feb 12, 2018","161.43","148.89","163.80","148.81","198.20K","8.46%"
"Feb 11, 2018","148.84","154.82","156.00","141.28","190.51K","-3.86%"
"Feb 10, 2018","154.82","163.61","169.17","147.38","328.27K","-5.51%"
"Feb 09, 2018","163.84","149.86","164.65","141.71","292.10K","9.33%"
"Feb 08, 2018","149.86","137.81","151.63","137.02","279.97K","8.63%"
"Feb 07, 2018","137.95","141.81","157.20","130.54","464.21K","-2.72%"
"Feb 06, 2018","141.81","125.32","146.54","106.57","870.74K","13.16%"
"Feb 05, 2018","125.32","147.44","154.20","117.62","733.74K","-15.51%"
"Feb 04, 2018","148.33","161.51","174.30","136.25","754.63K","-7.96%"
"Feb 03, 2018","161.15","132.00","166.37","120.44","381.79K","22.08%"
"Feb 02, 2018","132.00","143.20","143.59","107.10","524.51K","-7.74%"
"Feb 01, 2018","143.08","164.50","166.90","133.02","260.50K","-13.02%"
"Jan 31, 2018","164.50","167.35","167.88","157.61","145.62K","-1.69%"
"Jan 30, 2018","167.33","181.51","181.83","160.65","212.00K","-7.91%"
"Jan 29, 2018","181.71","196.08","196.55","178.45","108.43K","-7.33%"
"Jan 28, 2018","196.08","181.49","197.28","181.03","115.99K","8.03%"
"Jan 27, 2018","181.50","175.37","185.00","173.44","130.24K","3.41%"
"Jan 26, 2018","175.51","178.80","182.79","164.49","120.32K","-1.84%"
"Jan 25, 2018","178.80","180.60","185.00","175.00","105.87K","-0.99%"
"Jan 24, 2018","180.59","177.76","185.17","171.86","137.67K","1.59%"
"Jan 23, 2018","177.76","179.54","186.50","164.07","204.53K","-0.99%"
"Jan 22, 2018","179.54","189.96","195.01","165.00","218.66K","-5.44%"
"Jan 21, 2018","189.86","209.85","210.20","182.19","153.60K","-9.53%"
"Jan 20, 2018","209.85","191.68","214.54","191.68","168.91K","9.48%"
"Jan 19, 2018","191.68","187.49","200.39","181.00","232.33K","2.14%"
"Jan 18, 2018","187.66","186.70","204.09","172.79","403.30K","0.83%"
"Jan 17, 2018","186.12","181.80","195.18","137.32","636.89K","2.35%"
"Jan 16, 2018","181.85","231.27","231.60","148.20","722.40K","-21.21%"
"Jan 15, 2018","230.81","235.24","244.40","230.00","163.88K","-1.88%"
"Jan 14, 2018","235.24","257.70","269.87","226.00","281.97K","-8.72%"
"Jan 13, 2018","257.70","234.96","262.88","234.68","245.38K","9.68%"
"Jan 12, 2018","234.96","225.51","241.58","219.02","183.65K","4.17%"
"Jan 11, 2018","225.56","249.24","252.96","214.00","356.78K","-9.50%"
"Jan 10, 2018","249.24","245.00","249.88","227.40","281.24K","1.73%"
"Jan 09, 2018","245.00","252.77","259.00","236.09","270.67K","-3.07%"
"Jan 08, 2018","252.77","271.05","274.00","230.18","351.85K","-6.74%"
"Jan 07, 2018","271.05","278.00","289.00","264.01","256.86K","-2.50%"
"Jan 06, 2018","278.00","242.90","306.85","242.00","712.76K","14.45%"
"Jan 05, 2018","242.90","237.76","252.00","232.00","395.35K","2.16%"
"Jan 04, 2018","237.76","244.21","245.30","222.56","347.07K","-2.64%"
"Jan 03, 2018","244.21","250.11","255.28","239.24","249.40K","-2.36%"
"Jan 02, 2018","250.11","223.51","259.00","223.51","393.23K","11.90%"
"Jan 01, 2018","223.51","225.40","233.08","214.50","178.41K","-0.84%"
"Dec 31, 2017","225.40","206.99","233.31","204.00","287.38K","8.89%"
"Dec 30, 2017","206.99","239.51","240.82","195.00","367.41K","-13.58%"
"Dec 29, 2017","239.51","247.45","257.48","234.79","223.90K","-3.21%"
"Dec 28, 2017","247.45","263.53","265.00","222.39","281.00K","-6.10%"
"Dec 27, 2017","263.53","278.78","284.49","251.40","219.05K","-5.47%"
"Dec 26, 2017","278.78","261.14","283.57","260.04","225.84K","6.75%"
"Dec 25, 2017","261.14","261.99","278.27","249.52","179.04K","-0.32%"
"Dec 24, 2017","261.99","269.00","270.41","223.40","333.01K","-2.61%"
"Dec 23, 2017","269.00","248.37","293.22","239.77","383.92K","8.31%"
"Dec 22, 2017","248.37","306.63","308.00","150.00","1.06M","-19.00%"
"Dec 21, 2017","306.63","304.31","328.00","280.00","417.73K","0.76%"
"Dec 20, 2017","304.31","340.80","340.81","292.43","579.62K","-10.71%"
"Dec 19, 2017","340.80","355.50","370.78","323.00","612.82K","-4.14%"
"Dec 18, 2017","355.50","313.50","362.56","291.43","529.16K","13.40%"
"Dec 17, 2017","313.50","295.67","331.84","295.31","512.42K","6.03%"
"Dec 16, 2017","295.67","295.55","308.03","275.03","366.29K","0.04%"
"Dec 15, 2017","295.55","276.31","317.90","241.00","819.27K","6.96%"
"Dec 14, 2017","276.31","295.35","310.37","252.34","691.74K","-6.45%"
"Dec 13, 2017","295.35","292.13","345.40","268.74","1.08M","1.13%"
"Dec 12, 2017","292.04","210.11","321.39","202.21","1.35M","38.99%"
"Dec 11, 2017","210.11","144.60","226.80","143.20","1.23M","45.30%"
"Dec 10, 2017","144.60","149.00","154.00","122.45","833.17K","-2.95%"
"Dec 09, 2017","149.00","120.90","156.00","120.55","1.51M","23.24%"
"Dec 08, 2017","120.90","93.56","129.00","88.93","1.01M","29.22%"
"Dec 07, 2017","93.56","96.51","97.92","84.40","409.17K","-3.06%"
"Dec 06, 2017","96.51","99.49","102.40","92.00","368.34K","-3.00%"
"Dec 05, 2017","99.49","103.42","103.66","99.05","273.80K","-3.80%"
"Dec 04, 2017","103.42","99.99","103.79","94.49","247.18K","3.43%"
"Dec 03, 2017","99.99","98.83","106.32","95.00","277.79K","1.17%"
"Dec 02, 2017","98.83","97.84","104.14","96.41","335.44K","1.01%"
"Dec 01, 2017","97.84","85.77","99.90","80.89","453.96K","14.07%"
"Nov 30, 2017","85.77","83.68","91.13","74.00","476.46K","2.50%"
"Nov 29, 2017","83.68","94.00","102.70","74.00","635.86K","-10.98%"
"Nov 28, 2017","94.00","90.76","94.82","89.00","368.23K","3.57%"
"Nov 27, 2017","90.76","88.37","93.00","85.29","400.89K","2.70%"
"Nov 26, 2017","88.37","88.44","88.44","88.31","0.08K","-0.08%"
"Nov 25, 2017","88.44","77.89","89.39","76.81","497.74K","13.54%"
"Nov 24, 2017","77.89","72.37","77.95","71.56","366.02K","7.63%"
"Nov 23, 2017","72.37","71.74","76.25","70.30","422.21K","0.88%"
"Nov 22, 2017","71.74","69.99","72.19","69.51","183.00K","2.50%"
"Nov 21, 2017","69.99","72.33","73.00","67.67","309.24K","-3.24%"
"Nov 20, 2017","72.33","71.90","73.40","70.64","249.43K","0.60%"
"Nov 19, 2017","71.90","69.59","73.30","68.26","329.89K","3.32%"
"Nov 18, 2017","69.59","67.13","69.88","65.00","278.16K","3.66%"
"Nov 17, 2017","67.13","70.85","71.51","65.10","530.18K","-5.25%"
"Nov 16, 2017","70.85","63.03","72.99","62.50","334.25K","12.41%"
"Nov 15, 2017","63.03","61.99","64.90","61.85","293.43K","1.68%"
"Nov 14, 2017","61.99","61.00","63.32","59.22","344.08K","1.62%"
"Nov 13, 2017","61.00","58.26","61.60","57.40","385.34K","4.70%"
"Nov 12, 2017","58.26","61.69","62.00","55.73","460.53K","-5.56%"
"Nov 11, 2017","61.69","58.61","63.75","58.15","324.76K","5.26%"
"Nov 10, 2017","58.61","64.31","65.77","55.68","542.90K","-8.86%"
"Nov 09, 2017","64.31","62.41","66.77","61.30","507.63K","3.04%"
"Nov 08, 2017","62.41","60.34","64.27","59.11","642.08K","3.43%"
"Nov 07, 2017","60.34","54.38","63.44","54.31","698.37K","10.96%"
"Nov 06, 2017","54.38","54.44","55.88","53.35","221.34K","-0.11%"
"Nov 05, 2017","54.44","54.64","55.46","54.32","156.65K","-0.37%"
"Nov 04, 2017","54.64","55.83","56.10","54.24","139.65K","-2.13%"
"Nov 03, 2017","55.83","53.99","56.00","53.04","261.84K","3.41%"
"Nov 02, 2017","53.99","52.85","55.05","49.02","417.00K","2.16%"
"Nov 01, 2017","52.85","55.55","55.59","52.51","207.29K","-4.86%"
"Oct 31, 2017","55.55","56.18","56.80","55.50","125.06K","-1.12%"
"Oct 30, 2017","56.18","56.84","58.97","55.63","208.08K","-1.16%"
"Oct 29, 2017","56.84","54.01","57.90","53.62","209.60K","5.24%"
"Oct 28, 2017","54.01","54.96","55.75","53.01","95.31K","-1.73%"
"Oct 27, 2017","54.96","55.50","56.00","54.64","103.14K","-0.97%"
"Oct 26, 2017","55.50","56.04","56.90","54.00","141.49K","-0.96%"
"Oct 25, 2017","56.04","55.64","56.31","53.33","199.33K","0.72%"
"Oct 24, 2017","55.64","54.53","59.00","51.90","384.76K","2.04%"
"Oct 23, 2017","54.53","56.42","56.42","51.17","421.64K","-3.35%"
"Oct 22, 2017","56.42","58.01","58.58","54.75","173.28K","-2.74%"
"Oct 21, 2017","58.01","59.98","60.38","55.35","279.20K","-3.28%"
"Oct 20, 2017","59.98","59.55","62.99","58.11","349.76K","0.72%"
"Oct 19, 2017","59.55","60.50","61.50","58.14","357.17K","-1.57%"
"Oct 18, 2017","60.50","59.19","61.99","52.87","619.76K","2.21%"
"Oct 17, 2017","59.19","64.78","65.00","58.00","340.54K","-8.63%"
"Oct 16, 2017","64.78","65.86","66.50","62.00","362.91K","-1.64%"
"Oct 15, 2017","65.86","63.94","70.36","61.76","827.87K","3.00%"
"Oct 14, 2017","63.94","59.31","66.50","58.18","650.62K","7.81%"
"Oct 13, 2017","59.31","60.50","60.84","54.60","694.27K","-1.97%"
"Oct 12, 2017","60.50","50.80","60.56","50.67","713.08K","19.09%"
"Oct 11, 2017","50.80","50.70","51.16","50.19","144.71K","0.20%"
"Oct 10, 2017","50.70","50.07","51.79","49.65","227.84K","1.26%"
"Oct 09, 2017","50.07","53.31","53.49","47.94","313.01K","-6.08%"
"Oct 08, 2017","53.31","52.57","54.83","52.31","222.75K","1.41%"
"Oct 07, 2017","52.57","52.06","53.05","51.50","125.91K","0.98%"
"Oct 06, 2017","52.06","51.67","52.80","51.35","115.09K","0.75%"
"Oct 05, 2017","51.67","51.24","51.95","50.12","173.40K","0.84%"
"Oct 04, 2017","51.24","52.08","53.00","50.50","198.37K","-1.61%"
"Oct 03, 2017","52.08","53.26","53.57","51.11","154.72K","-2.22%"
"Oct 02, 2017","53.26","54.87","55.22","52.80","185.87K","-2.93%"
"Oct 01, 2017","54.87","55.56","55.89","53.50","198.58K","-1.24%"
"Sep 30, 2017","55.56","52.88","56.01","52.88","231.43K","5.07%"
"Sep 29, 2017","52.88","54.92","54.96","50.52","343.61K","-3.71%"
"Sep 28, 2017","54.92","56.82","57.28","53.87","382.26K","-3.34%"
"Sep 27, 2017","56.82","52.20","57.57","52.06","423.87K","8.85%"
"Sep 26, 2017","52.20","52.40","54.50","51.28","308.83K","-0.38%"
"Sep 25, 2017","52.40","47.30","53.24","47.27","438.95K","10.78%"
"Sep 24, 2017","47.30","49.28","49.45","47.00","207.66K","-4.02%"
"Sep 23, 2017","49.28","47.50","49.89","46.20","330.97K","3.75%"
"Sep 22, 2017","47.50","46.40","48.70","44.50","546.41K","2.37%"
"Sep 21, 2017","46.40","51.50","52.70","44.51","729.28K","-9.90%"
"Sep 20, 2017","51.50","52.58","54.62","50.95","255.39K","-2.05%"
"Sep 19, 2017","52.58","56.30","57.10","50.93","565.52K","-6.61%"
"Sep 18, 2017","56.30","50.72","57.40","50.71","566.37K","11.00%"
"Sep 17, 2017","50.72","51.82","53.00","47.54","448.58K","-2.12%"
"Sep 16, 2017","51.82","51.82","57.00","49.50","800.54K","0.00%"
"Sep 15, 2017","51.82","45.00","55.39","32.45","2.45M","15.16%"
"Sep 14, 2017","45.00","61.65","62.76","44.57","1.33M","-27.01%"
"Sep 13, 2017","61.65","65.94","66.36","57.25","702.02K","-6.51%"
"Sep 12, 2017","65.94","68.12","72.01","63.98","514.65K","-3.20%"
"Sep 11, 2017","68.12","67.21","71.53","65.00","366.01K","1.35%"
"Sep 10, 2017","67.21","70.75","70.95","62.50","582.11K","-5.00%"
"Sep 09, 2017","70.75","72.91","73.63","68.62","372.37K","-2.96%"
"Sep 08, 2017","72.91","80.10","82.30","65.31","744.41K","-8.98%"
"Sep 07, 2017","80.10","81.11","83.09","76.96","337.49K","-1.25%"
"Sep 06, 2017","81.11","73.28","82.00","73.00","563.58K","10.69%"
"Sep 05, 2017","73.28","66.80","74.57","60.65","675.90K","9.70%"
"Sep 04, 2017","66.80","78.51","78.77","61.50","850.37K","-14.92%"
"Sep 03, 2017","78.51","78.49","83.80","72.40","526.75K","0.03%"
"Sep 02, 2017","78.49","87.13","93.72","71.57","1.03M","-9.92%"
"Sep 01, 2017","87.13","72.69","89.95","71.15","1.04M","19.87%"
"Aug 31, 2017","72.69","65.45","74.27","64.77","481.27K","11.06%"
"Aug 30, 2017","65.45","63.53","66.20","61.35","225.23K","3.02%"
"Aug 29, 2017","63.53","62.14","63.94","60.51","203.40K","2.24%"
"Aug 28, 2017","62.14","60.50","65.00","58.10","373.43K","2.71%"
"Aug 27, 2017","60.50","51.53","64.29","51.50","646.36K","17.41%"
"Aug 26, 2017","51.53","50.92","52.11","49.82","118.50K","1.20%"
"Aug 25, 2017","50.92","49.66","52.27","49.26","152.52K","2.54%"
"Aug 24, 2017","49.66","53.00","53.98","49.54","346.26K","-6.30%"
"Aug 23, 2017","53.00","46.25","55.00","45.51","536.40K","14.59%"
"Aug 22, 2017","46.25","47.97","48.02","44.50","166.18K","-3.59%"
"Aug 21, 2017","47.97","45.69","48.87","45.04","177.25K","4.99%"
"Aug 20, 2017","45.69","44.98","47.31","43.84","88.15K","1.58%"
"Aug 19, 2017","44.98","46.52","46.64","42.70","129.50K","-3.31%"
"Aug 18, 2017","46.52","43.62","47.91","43.01","217.74K","6.65%"
"Aug 17, 2017","43.62","43.91","44.91","42.91","104.22K","-0.66%"
"Aug 16, 2017","43.91","42.97","44.90","41.96","114.27K","2.19%"
"Aug 15, 2017","42.97","45.50","45.58","41.31","198.15K","-5.56%"
"Aug 14, 2017","45.50","45.28","46.29","44.85","91.85K","0.49%"
"Aug 13, 2017","45.28","45.88","47.75","43.84","176.54K","-1.31%"
"Aug 12, 2017","45.88","46.96","47.64","45.75","125.00K","-2.30%"
"Aug 11, 2017","46.96","46.50","47.40","46.00","105.56K","0.99%"
"Aug 10, 2017","46.50","47.56","48.66","46.49","73.54K","-2.23%"
"Aug 09, 2017","47.56","49.00","50.25","46.71","184.90K","-2.94%"
"Aug 08, 2017","49.00","46.00","49.75","45.56","214.07K","6.52%"
"Aug 07, 2017","46.00","45.49","46.79","45.17","94.54K","1.12%"
"Aug 06, 2017","45.49","46.26","47.19","45.00","115.87K","-1.66%"
"Aug 05, 2017","46.26","43.02","47.23","42.98","221.47K","7.53%"
"Aug 04, 2017","43.02","42.58","43.75","42.28","87.79K","1.03%"
"Aug 03, 2017","42.58","41.81","42.99","41.58","78.11K","1.84%"
"Aug 02, 2017","41.81","43.12","43.28","41.44","118.33K","-3.04%"
"Aug 01, 2017","43.12","42.11","44.38","40.20","217.64K","2.40%"
"Jul 31, 2017","42.11","40.00","43.50","38.11","193.58K","5.28%"
"Jul 30, 2017","40.00","41.05","42.00","39.57","79.43K","-2.56%"
"Jul 29, 2017","41.05","40.44","41.38","38.37","96.20K","1.51%"
"Jul 28, 2017","40.44","41.77","42.15","39.51","127.64K","-3.18%"
"Jul 27, 2017","41.77","42.10","42.42","40.54","96.54K","-0.78%"
"Jul 26, 2017","42.10","42.08","42.83","40.10","125.41K","0.05%"
"Jul 25, 2017","42.08","45.10","45.48","40.19","251.50K","-6.70%"
"Jul 24, 2017","45.10","45.11","45.72","44.06","60.73K","-0.02%"
"Jul 23, 2017","45.11","47.01","47.21","43.62","122.40K","-4.04%"
"Jul 22, 2017","47.01","45.45","47.60","45.14","99.33K","3.43%"
"Jul 21, 2017","45.45","44.85","47.97","44.10","193.86K","1.34%"
"Jul 20, 2017","44.85","40.00","46.20","40.00","214.59K","12.12%"
"Jul 19, 2017","40.00","43.47","44.25","39.50","151.85K","-7.98%"
"Jul 18, 2017","43.47","42.13","44.90","40.64","245.17K","3.18%"
"Jul 17, 2017","42.13","40.93","43.10","39.64","247.10K","2.93%"
"Jul 16, 2017","40.93","38.38","41.86","36.00","294.99K","6.64%"
"Jul 15, 2017","38.38","42.35","42.50","37.70","247.57K","-9.37%"
"Jul 14, 2017","42.35","45.17","45.66","39.61","228.63K","-6.24%"
"Jul 13, 2017","45.17","46.84","47.39","43.76","130.89K","-3.57%"
"Jul 12, 2017","46.84","43.44","48.00","41.21","230.92K","7.83%"
"Jul 11, 2017","43.44","44.32","46.00","40.00","312.76K","-1.99%"
"Jul 10, 2017","44.32","48.20","49.37","42.20","306.66K","-8.05%"
"Jul 09, 2017","48.20","50.92","52.15","47.89","180.84K","-5.34%"
"Jul 08, 2017","50.92","45.69","51.60","43.56","225.88K","11.45%"
"Jul 07, 2017","45.69","50.83","51.00","44.50","424.65K","-10.11%"
"Jul 06, 2017","50.83","52.75","52.76","49.24","129.70K","-3.64%"
"Jul 05, 2017","52.75","54.59","55.47","48.56","281.20K","-3.37%"
"Jul 04, 2017","54.59","45.30","55.00","45.19","429.18K","20.51%"
"Jul 03, 2017","45.30","40.40","47.36","39.48","313.91K","12.13%"
"Jul 02, 2017","40.40","37.01","41.25","35.70","107.33K","9.16%"
"Jul 01, 2017","37.01","38.83","39.24","35.61","81.95K","-4.69%"
"Jun 30, 2017","38.83","39.27","40.76","38.30","66.23K","-1.12%"
"Jun 29, 2017","39.27","41.19","41.50","38.02","89.19K","-4.66%"
"Jun 28, 2017","41.19","39.55","42.47","37.16","154.61K","4.15%"
"Jun 27, 2017","39.55","37.78","39.55","32.62","198.96K","4.69%"
"Jun 26, 2017","37.78","40.16","40.94","34.10","346.79K","-5.93%"
"Jun 25, 2017","40.16","41.31","43.12","37.20","168.53K","-2.78%"
"Jun 24, 2017","41.31","45.23","45.62","40.60","148.29K","-8.67%"
"Jun 23, 2017","45.23","45.85","46.59","45.01","61.58K","-1.35%"
"Jun 22, 2017","45.85","43.76","47.54","42.09","134.88K","4.78%"
"Jun 21, 2017","43.76","45.77","46.99","41.50","222.46K","-4.39%"
"Jun 20, 2017","45.77","47.20","48.43","43.10","206.03K","-3.03%"
"Jun 19, 2017","47.20","43.11","49.99","41.93","455.65K","9.49%"
"Jun 18, 2017","43.11","45.36","45.49","39.50","386.00K","-4.96%"
"Jun 17, 2017","45.36","33.25","47.60","33.09","722.49K","36.42%"
"Jun 16, 2017","33.25","28.57","33.41","27.23","229.05K","16.38%"
"Jun 15, 2017","28.57","28.27","29.08","24.25","197.09K","1.06%"
"Jun 14, 2017","28.27","30.08","31.02","26.59","207.72K","-6.02%"
"Jun 13, 2017","30.08","27.99","30.10","27.42","111.53K","7.47%"
"Jun 12, 2017","27.99","33.15","33.43","21.50","385.88K","-15.57%"
"Jun 11, 2017","33.15","28.72","34.20","28.72","269.89K","15.42%"
"Jun 10, 2017","28.72","29.51","29.97","28.60","75.94K","-2.68%"
"Jun 09, 2017","29.51","29.85","30.82","29.49","122.52K","-1.14%"
"Jun 08, 2017","29.85","28.10","30.40","27.44","135.19K","6.23%"
"Jun 07, 2017","28.10","29.76","30.56","27.70","151.20K","-5.58%"
"Jun 06, 2017","29.76","30.00","30.90","28.19","232.40K","-0.80%"
"Jun 05, 2017","30.00","27.42","30.84","27.31","213.31K","9.41%"
"Jun 04, 2017","27.42","26.42","27.59","25.79","76.37K","3.79%"
"Jun 03, 2017","26.42","26.97","27.16","25.81","52.60K","-2.04%"
"Jun 02, 2017","26.97","26.50","27.71","25.40","97.95K","1.77%"
"Jun 01, 2017","26.50","24.78","28.60","23.91","257.39K","6.94%"
"May 31, 2017","24.78","23.67","25.15","21.93","125.54K","4.69%"
"May 30, 2017","23.67","24.79","26.00","23.10","185.32K","-4.52%"
"May 29, 2017","24.79","22.82","25.45","21.93","133.67K","8.63%"
"May 28, 2017","22.82","22.10","24.98","20.60","255.35K","3.26%"
"May 27, 2017","22.10","24.21","25.30","17.60","496.01K","-8.72%"
"May 26, 2017","24.21","27.21","29.42","23.21","322.30K","-11.03%"
"May 25, 2017","27.21","33.58","33.99","26.06","483.56K","-18.97%"
"May 24, 2017","33.58","30.69","34.45","30.02","418.10K","9.42%"
"May 23, 2017","30.69","23.95","30.89","23.27","478.35K","28.14%"
"May 22, 2017","23.95","25.61","26.31","21.71","461.32K","-6.48%"
"May 21, 2017","25.61","27.20","28.76","25.26","219.54K","-5.85%"
"May 20, 2017","27.20","27.37","27.89","26.85","111.39K","-0.62%"
"May 19, 2017","27.37","29.13","29.39","26.39","274.70K","-6.04%"
"May 18, 2017","29.13","26.01","29.93","25.57","297.54K","12.00%"
"May 17, 2017","26.01","23.72","26.98","21.01","407.47K","9.65%"
"May 16, 2017","23.72","25.79","26.97","23.14","377.80K","-8.03%"
"May 15, 2017","25.79","29.40","29.44","25.48","280.78K","-12.28%"
"May 14, 2017","29.40","29.40","31.01","28.00","285.24K","0.00%"
"May 13, 2017","29.40","27.80","29.41","25.99","264.90K","5.76%"
"May 12, 2017","27.80","31.00","31.90","27.55","307.00K","-10.32%"
"May 11, 2017","31.00","32.34","34.90","28.33","342.31K","-4.14%"
"May 10, 2017","32.34","34.00","39.11","30.37","914.86K","-4.88%"
"May 09, 2017","34.00","28.71","34.70","23.70","844.60K","18.43%"
"May 08, 2017","28.71","30.70","31.01","28.00","352.31K","-6.48%"
"May 07, 2017","30.70","28.68","32.83","28.45","492.13K","7.04%"
"May 06, 2017","28.68","26.24","29.00","26.09","321.64K","9.30%"
"May 05, 2017","26.24","24.94","28.73","24.00","675.80K","5.21%"
"May 04, 2017","24.94","23.00","26.98","21.70","915.81K","8.43%"
"May 03, 2017","23.00","17.20","26.50","17.05","1.03M","33.72%"
"May 02, 2017","17.20","17.30","17.65","16.50","123.95K","-0.58%"
"May 01, 2017","17.30","16.84","17.68","16.15","282.61K","2.73%"
"Apr 30, 2017","16.84","16.99","17.51","16.55","198.84K","-0.88%"
"Apr 29, 2017","16.99","15.50","17.03","15.35","205.10K","9.61%"
"Apr 28, 2017","15.50","16.02","16.07","15.10","166.98K","-3.25%"
"Apr 27, 2017","16.02","16.24","16.37","14.23","384.75K","-1.35%"
"Apr 26, 2017","16.24","16.65","17.28","15.93","416.98K","-2.46%"
"Apr 25, 2017","16.65","16.20","16.83","15.45","245.27K","2.78%"
"Apr 24, 2017","16.20","16.70","16.70","15.31","337.05K","-2.99%"
"Apr 23, 2017","16.70","15.41","17.36","15.23","717.36K","8.37%"
"Apr 22, 2017","15.41","12.85","15.49","12.68","776.16K","19.92%"
"Apr 21, 2017","12.85","11.60","13.30","11.44","438.74K","10.78%"
"Apr 20, 2017","11.60","10.61","11.99","10.52","191.92K","9.33%"
"Apr 19, 2017","10.61","11.52","11.60","10.51","226.79K","-7.90%"
"Apr 18, 2017","11.52","11.66","11.97","10.98","397.78K","-1.20%"
"Apr 17, 2017","11.66","12.05","12.87","11.51","642.25K","-3.24%"
"Apr 16, 2017","12.05","11.85","12.20","11.69","125.44K","1.69%"
"Apr 15, 2017","11.85","11.92","12.38","11.24","304.29K","-0.59%"
"Apr 14, 2017","11.92","11.23","12.20","11.18","275.35K","6.14%"
"Apr 13, 2017","11.23","11.79","11.89","10.69","268.30K","-4.75%"
"Apr 12, 2017","11.79","9.78","12.32","9.76","840.90K","20.55%"
"Apr 11, 2017","9.78","9.93","10.41","9.50","225.41K","-1.51%"
"Apr 10, 2017","9.93","9.35","10.30","9.01","359.13K","6.20%"
"Apr 09, 2017","9.35","10.73","10.99","9.00","622.49K","-12.86%"
"Apr 08, 2017","10.73","10.01","11.31","10.00","343.55K","7.19%"
"Apr 07, 2017","10.01","10.85","11.30","9.54","684.03K","-7.74%"
"Apr 06, 2017","10.85","12.40","12.60","10.21","1.41M","-12.50%"
"Apr 05, 2017","12.40","9.10","12.75","8.73","1.54M","36.26%"
"Apr 04, 2017","9.10","8.60","9.45","8.12","749.57K","5.81%"
"Apr 03, 2017","8.60","8.33","9.49","7.60","783.24K","3.24%"
"Apr 02, 2017","8.33","7.59","8.64","7.13","782.81K","9.75%"
"Apr 01, 2017","7.59","7.13","7.75","6.55","430.05K","6.45%"
"Mar 31, 2017","7.13","7.78","7.84","6.00","738.66K","-8.35%"
"Mar 30, 2017","7.78","4.31","7.90","4.27","1.54M","80.51%"
"Mar 29, 2017","4.31","4.18","4.38","4.14","78.88K","3.11%"
"Mar 28, 2017","4.18","4.13","4.22","4.06","27.10K","1.21%"
"Mar 27, 2017","4.13","4.09","4.19","4.03","53.60K","0.98%"
"Mar 26, 2017","4.09","4.08","4.15","4.00","26.83K","0.25%"
"Mar 25, 2017","4.08","4.14","4.21","3.97","98.22K","-1.45%"
"Mar 24, 2017","4.14","4.01","4.34","3.92","208.92K","3.24%"
"Mar 23, 2017","4.01","3.96","4.04","3.90","18.26K","1.26%"
"Mar 22, 2017","3.96","4.02","4.02","3.81","82.89K","-1.49%"
"Mar 21, 2017","4.02","4.06","4.08","3.96","70.08K","-0.99%"
"Mar 20, 2017","4.06","3.94","4.06","3.84","31.19K","3.05%"
"Mar 19, 2017","3.94","4.00","4.12","3.89","77.16K","-1.50%"
"Mar 18, 2017","4.00","4.10","4.30","3.78","170.01K","-2.44%"
"Mar 17, 2017","4.10","4.30","4.35","4.01","107.47K","-4.65%"
"Mar 16, 2017","4.30","4.31","4.56","4.17","168.74K","-0.23%"
"Mar 15, 2017","4.31","4.17","4.38","4.11","37.70K","3.36%"
"Mar 14, 2017","4.17","4.37","4.39","4.11","42.69K","-4.58%"
"Mar 13, 2017","4.37","3.87","4.47","3.82","92.25K","12.92%"
"Mar 12, 2017","3.87","3.81","3.92","3.78","20.18K","1.57%"
"Mar 11, 2017","3.81","3.81","3.89","3.74","14.01K","0.00%"
"Mar 10, 2017","3.81","3.87","4.09","3.74","71.36K","-1.55%"
"Mar 09, 2017","3.87","3.89","3.96","3.84","14.17K","-0.51%"
"Mar 08, 2017","3.89","4.01","4.01","3.82","16.15K","-2.99%"
"Mar 07, 2017","4.01","4.10","4.10","3.92","16.85K","-2.20%"
"Mar 06, 2017","4.10","4.01","4.10","3.98","15.29K","2.24%"
"Mar 05, 2017","4.01","4.00","4.02","3.95","3.72K","0.25%"
"Mar 04, 2017","4.00","4.11","4.11","3.94","13.06K","-2.68%"
"Mar 03, 2017","4.11","4.06","4.14","4.00","28.48K","1.23%"
"Mar 02, 2017","4.06","3.85","4.27","3.82","104.70K","5.45%"
"Mar 01, 2017","3.85","3.81","3.93","3.78","13.40K","1.05%"
"Feb 28, 2017","3.81","3.87","3.90","3.79","11.07K","-1.55%"
"Feb 27, 2017","3.87","3.87","3.90","3.83","8.88K","0.00%"
"Feb 26, 2017","3.87","3.88","3.93","3.82","18.63K","-0.26%"
"Feb 25, 2017","3.88","3.95","3.97","3.88","7.60K","-1.77%"
"Feb 24, 2017","3.95","3.91","3.98","3.81","19.93K","1.02%"
"Feb 23, 2017","3.91","3.90","3.96","3.86","16.41K","0.26%"
"Feb 22, 2017","3.90","3.86","3.92","3.83","12.02K","1.04%"
"Feb 21, 2017","3.86","3.81","3.89","3.78","9.49K","1.31%"
"Feb 20, 2017","3.81","3.80","3.86","3.75","27.67K","0.26%"
"Feb 19, 2017","3.80","3.81","3.84","3.75","24.53K","-0.26%"
"Feb 18, 2017","3.81","3.90","3.93","3.81","16.20K","-2.31%"
"Feb 17, 2017","3.90","3.88","3.93","3.84","13.68K","0.52%"
"Feb 16, 2017","3.88","3.89","3.94","3.85","10.82K","-0.26%"
"Feb 15, 2017","3.89","3.84","3.92","3.80","18.64K","1.57%"
"Feb 14, 2017","3.83","3.74","3.84","3.72","8.44K","1.59%"
"Feb 13, 2017","3.77","3.75","3.78","3.70","5.71K","0.80%"
"Feb 12, 2017","3.74","3.82","3.82","3.74","6.65K","-2.09%"
"Feb 11, 2017","3.82","3.78","3.83","3.77","4.58K","1.06%"
"Feb 10, 2017","3.78","3.74","3.83","3.65","31.80K","0.27%"
"Feb 09, 2017","3.77","3.93","3.99","3.61","59.15K","-5.04%"
"Feb 08, 2017","3.97","3.99","4.01","3.86","10.91K","0.25%"
"Feb 07, 2017","3.96","3.95","4.02","3.91","15.89K","0.25%"
"Feb 06, 2017","3.95","3.94","4.01","3.92","5.44K","0.25%"
"Feb 05, 2017","3.94","4.00","4.01","3.90","5.71K","-1.50%"
"Feb 04, 2017","4.00","4.02","4.06","3.94","12.59K","0.00%"
"Feb 03, 2017","4.00","4.07","4.10","3.90","27.15K","-1.72%"
"Feb 02, 2017","4.07","4.01","4.10","3.98","26.82K","1.24%"
"Feb 01, 2017","4.02","4.05","4.08","4.00","25.99K","-0.50%"
"Jan 31, 2017","4.04","4.08","4.18","4.02","60.11K","-0.25%"
"Jan 30, 2017","4.05","3.84","4.08","3.84","44.28K","5.47%"
"Jan 29, 2017","3.84","3.86","3.89","3.83","6.37K","-0.52%"
"Jan 28, 2017","3.86","3.88","3.90","3.82","4.63K","-0.52%"
"Jan 27, 2017","3.88","3.84","3.88","3.78","5.40K","1.04%"
"Jan 26, 2017","3.84","3.68","3.88","3.67","10.60K","4.07%"
"Jan 25, 2017","3.69","3.75","3.77","3.65","12.87K","-1.86%"
"Jan 24, 2017","3.76","3.76","3.86","3.75","13.87K","-1.57%"
"Jan 23, 2017","3.82","3.85","3.86","3.74","12.65K","-0.78%"
"Jan 22, 2017","3.85","3.92","3.93","3.80","9.50K","-1.79%"
"Jan 21, 2017","3.92","3.90","3.95","3.88","3.88K","0.26%"
"Jan 20, 2017","3.91","3.89","3.94","3.85","9.13K","0.51%"
"Jan 19, 2017","3.89","3.89","3.95","3.81","12.78K","0.26%"
"Jan 18, 2017","3.88","3.95","3.96","3.79","12.33K","-1.77%"
"Jan 17, 2017","3.95","3.87","4.02","3.84","21.63K","2.07%"
"Jan 16, 2017","3.87","3.89","3.94","3.83","2.83K","-0.51%"
"Jan 15, 2017","3.89","3.90","3.95","3.82","3.54K","-0.26%"
"Jan 14, 2017","3.90","3.95","4.00","3.86","11.36K","-1.27%"
"Jan 13, 2017","3.95","4.00","4.04","3.86","18.89K","-1.25%"
"Jan 12, 2017","4.00","3.83","4.10","3.81","19.63K","1.52%"
"Jan 11, 2017","3.94","4.59","4.62","3.76","112.59K","-14.16%"
"Jan 10, 2017","4.59","4.37","4.66","4.30","38.24K","4.08%"
"Jan 09, 2017","4.41","4.00","4.44","3.89","36.59K","10.25%"
"Jan 08, 2017","4.00","3.98","4.04","3.92","12.97K","1.01%"
"Jan 07, 2017","3.96","3.84","4.00","3.63","16.08K","3.13%"
"Jan 06, 2017","3.84","4.27","4.29","3.80","65.13K","-9.22%"
"Jan 05, 2017","4.23","4.70","4.72","4.10","58.65K","-7.24%"
"Jan 04, 2017","4.56","4.58","4.72","4.43","39.83K","-1.08%"
"Jan 03, 2017","4.61","4.59","4.67","4.45","18.42K","0.00%"
"Jan 02, 2017","4.61","4.50","4.74","4.45","38.73K","2.44%"
"Jan 01, 2017","4.50","4.36","4.54","4.35","9.11K","3.21%"
"Dec 31, 2016","4.36","4.39","4.48","4.27","1.48K","-0.68%"
"Dec 30, 2016","4.39","4.59","4.59","4.25","44.66K","-4.36%"
"Dec 29, 2016","4.59","4.55","4.62","4.44","52.91K","0.88%"
"Dec 28, 2016","4.55","4.41","4.64","4.40","34.38K","4.84%"
"Dec 27, 2016","4.34","4.27","4.49","4.24","23.76K","1.88%"
"Dec 26, 2016","4.26","4.30","4.41","4.14","23.35K","-0.93%"
"Dec 25, 2016","4.30","4.44","4.45","4.10","42.28K","-3.15%"
"Dec 24, 2016","4.44","4.59","4.68","4.31","34.08K","-0.45%"
"Dec 23, 2016","4.46","3.68","4.46","3.60","108.59K","21.20%"
"Dec 22, 2016","3.68","3.62","3.74","3.62","4.81K","1.38%"
"Dec 21, 2016","3.63","3.66","3.70","3.60","3.17K","-0.82%"
"Dec 20, 2016","3.66","3.64","3.66","3.63","0.35K","0.55%"
"Dec 19, 2016","3.64","3.67","3.69","3.63","1.10K","-0.82%"
"Dec 18, 2016","3.67","3.72","3.72","3.67","2.10K","-0.81%"
"Dec 17, 2016","3.70","3.62","3.72","3.61","1.64K","2.78%"
"Dec 16, 2016","3.60","3.65","3.65","3.60","1.06K","-1.37%"
"Dec 15, 2016","3.65","3.62","3.68","3.58","1.83K","1.39%"
"Dec 14, 2016","3.60","3.63","3.66","3.58","2.66K","-0.83%"
"Dec 13, 2016","3.63","3.65","3.67","3.60","0.63K","-0.55%"
"Dec 12, 2016","3.65","3.64","3.70","3.51","11.66K","0.55%"
"Dec 11, 2016","3.63","3.65","3.68","3.60","2.94K","-1.36%"
"Dec 10, 2016","3.68","3.70","3.70","3.63","1.44K","-0.54%"
"Dec 09, 2016","3.70","3.68","3.71","3.65","0.68K","1.37%"
"Dec 08, 2016","3.65","3.65","3.74","3.65","4.45K","0.00%"
"Dec 07, 2016","3.65","3.52","3.67","3.46","3.69K","3.69%"
"Dec 06, 2016","3.52","3.49","3.54","3.47","4.14K","0.28%"
"Dec 05, 2016","3.51","3.90","3.91","3.00","43.91K","-10.00%"
"Dec 04, 2016","3.90","3.90","3.92","3.87","0.15K","-0.26%"
"Dec 03, 2016","3.91","3.92","3.93","3.89","0.44K","0.26%"
"Dec 02, 2016","3.90","3.90","3.95","3.88","6.07K","0.00%"
"Dec 01, 2016","3.90","3.87","3.90","3.83","4.50K","0.78%"
"Nov 30, 2016","3.87","3.77","3.88","3.77","0.88K","2.65%"
"Nov 29, 2016","3.77","3.85","3.88","3.77","4.86K","-2.08%"
"Nov 28, 2016","3.85","3.84","3.88","3.80","2.92K","0.26%"
"Nov 27, 2016","3.84","3.85","3.89","3.83","1.88K","-0.78%"
"Nov 26, 2016","3.87","3.86","3.92","3.83","0.15K","0.26%"
"Nov 25, 2016","3.86","3.87","3.90","3.85","1.49K","-0.26%"
"Nov 24, 2016","3.87","3.86","3.91","3.80","2.26K","0.26%"
"Nov 23, 2016","3.86","3.90","3.93","3.84","1.42K","-1.03%"
"Nov 22, 2016","3.90","3.91","3.96","3.87","1.41K","-1.27%"
"Nov 21, 2016","3.95","3.92","3.95","3.88","0.40K","1.54%"
"Nov 20, 2016","3.89","3.96","3.98","3.85","4.47K","-1.77%"
"Nov 19, 2016","3.96","3.91","3.97","3.90","1.46K","1.28%"
"Nov 18, 2016","3.91","3.87","3.97","3.87","1.37K","1.03%"
"Nov 17, 2016","3.87","3.90","4.01","3.87","2.64K","-0.77%"
"Nov 16, 2016","3.90","3.89","4.00","3.87","5.65K","0.00%"
"Nov 15, 2016","3.90","3.89","3.97","3.85","10.42K","0.00%"
"Nov 14, 2016","3.90","3.91","3.92","3.84","0.80K","-0.26%"
"Nov 13, 2016","3.91","3.75","3.93","3.59","12.92K","3.44%"
"Nov 12, 2016","3.78","3.81","3.83","3.73","8.76K","-0.79%"
"Nov 11, 2016","3.81","3.84","3.84","3.80","0.25K","-0.26%"
"Nov 10, 2016","3.82","3.85","3.88","3.81","0.93K","-0.78%"
"Nov 09, 2016","3.85","3.86","3.99","3.84","2.13K","-0.26%"
"Nov 08, 2016","3.86","3.85","3.88","3.83","0.12K","-0.77%"
"Nov 07, 2016","3.89","3.91","3.91","3.86","0.12K","-0.77%"
"Nov 06, 2016","3.92","3.92","3.93","3.86","0.90K","0.26%"
"Nov 05, 2016","3.91","3.92","3.92","3.87","1.13K","0.26%"
"Nov 04, 2016","3.90","3.89","3.92","3.82","4.42K","1.04%"
"Nov 03, 2016","3.86","4.14","4.21","3.82","22.06K","-6.76%"
"Nov 02, 2016","4.14","4.11","4.15","4.06","10.25K","0.73%"
"Nov 01, 2016","4.11","4.00","4.20","4.00","23.42K","2.75%"
"Oct 31, 2016","4.00","4.03","4.05","4.00","6.52K","-0.74%"
"Oct 30, 2016","4.03","4.09","4.09","4.01","5.38K","-1.47%"
"Oct 29, 2016","4.09","3.99","4.11","3.97","23.34K","2.51%"
"Oct 28, 2016","3.99","4.00","4.01","3.89","9.35K","-0.25%"
"Oct 27, 2016","4.00","3.95","4.08","3.95","18.22K","1.27%"
"Oct 26, 2016","3.95","3.92","4.00","3.88","2.52K","0.77%"
"Oct 25, 2016","3.92","3.87","3.93","3.87","1.22K","1.03%"
"Oct 24, 2016","3.88","3.92","3.94","3.88","4.05K","-1.02%"
"Oct 23, 2016","3.92","3.91","3.95","3.90","1.65K","0.00%"
"Oct 22, 2016","3.92","3.86","4.00","3.86","3.73K","1.55%"
"Oct 21, 2016","3.86","3.82","3.86","3.79","1.34K","1.85%"
"Oct 20, 2016","3.79","3.82","3.82","3.78","0.85K","-0.79%"
"Oct 19, 2016","3.82","3.83","3.86","3.79","2.65K","-0.26%"
"Oct 18, 2016","3.83","3.84","3.89","3.83","1.09K","-0.26%"
"Oct 17, 2016","3.84","3.87","3.93","3.82","8.54K","-0.78%"
"Oct 16, 2016","3.87","3.91","3.92","3.85","1.86K","-0.51%"
"Oct 15, 2016","3.89","3.91","3.93","3.89","0.44K","-0.77%"
"Oct 14, 2016","3.92","3.91","3.93","3.89","2.59K","-0.25%"
"Oct 13, 2016","3.93","3.82","3.95","3.81","4.54K","3.15%"
"Oct 12, 2016","3.81","3.85","3.85","3.78","3.38K","-1.04%"
"Oct 11, 2016","3.85","3.81","3.86","3.77","5.64K","1.85%"
"Oct 10, 2016","3.78","3.82","3.86","3.77","1.67K","-0.26%"
"Oct 09, 2016","3.79","3.82","3.85","3.76","1.61K","-1.04%"
"Oct 08, 2016","3.83","3.87","3.89","3.83","3.47K","-0.78%"
"Oct 07, 2016","3.86","3.85","3.89","3.85","3.46K","0.26%"
"Oct 06, 2016","3.85","3.83","3.86","3.82","0.61K","0.52%"
"Oct 05, 2016","3.83","3.84","3.86","3.83","0.96K","0.52%"
"Oct 04, 2016","3.81","3.83","3.86","3.81","0.44K","-1.30%"
"Oct 03, 2016","3.86","3.85","3.86","3.81","0.81K","0.26%"
"Oct 02, 2016","3.85","3.85","3.85","3.81","0.80K","0.00%"
"Oct 01, 2016","3.85","3.84","3.87","3.84","0.05K","0.00%"
"Sep 30, 2016","3.85","3.87","3.87","3.82","1.35K","-0.52%"
"Sep 29, 2016","3.87","3.86","3.87","3.83","3.26K","0.26%"
"Sep 28, 2016","3.86","3.88","3.88","3.83","0.48K","0.52%"
"Sep 27, 2016","3.84","3.85","3.90","3.84","0.63K","-0.52%"
"Sep 26, 2016","3.86","3.85","3.89","3.83","0.45K","1.58%"
"Sep 25, 2016","3.80","3.80","3.83","3.80","1.27K","-0.52%"
"Sep 24, 2016","3.82","3.81","3.86","3.81","1.14K","0.26%"
"Sep 23, 2016","3.81","3.75","3.83","3.75","2.21K","1.60%"
"Sep 22, 2016","3.75","3.80","3.80","3.75","0.79K","-1.32%"
"Sep 21, 2016","3.80","3.77","3.81","3.72","26.20K","-1.30%"
"Sep 20, 2016","3.85","3.83","3.86","3.82","1.96K","0.26%"
"Sep 19, 2016","3.84","3.85","3.88","3.84","2.23K","0.26%"
"Sep 18, 2016","3.83","3.81","3.85","3.81","0.52K","0.52%"
"Sep 17, 2016","3.81","3.83","3.83","3.80","0.22K","-0.52%"
"Sep 16, 2016","3.83","3.84","3.88","3.83","1.68K","-0.78%"
"Sep 15, 2016","3.86","3.89","3.89","3.85","1.57K","-0.77%"
"Sep 14, 2016","3.89","3.88","3.90","3.85","0.64K","1.04%"
"Sep 13, 2016","3.85","3.82","3.88","3.81","0.94K","-0.26%"
"Sep 12, 2016","3.86","3.91","3.91","3.73","6.54K","-1.28%"
"Sep 11, 2016","3.91","4.02","4.02","3.87","8.02K","-2.74%"
"Sep 10, 2016","4.02","4.00","4.02","3.98","0.28K","1.01%"
"Sep 09, 2016","3.98","4.00","4.04","3.96","4.25K","-0.50%"
"Sep 08, 2016","4.00","4.00","4.06","3.98","7.44K","-0.25%"
"Sep 07, 2016","4.01","3.97","4.01","3.92","5.16K","1.01%"
"Sep 06, 2016","3.97","3.98","4.02","3.93","8.90K","-0.25%"
"Sep 05, 2016","3.98","4.03","4.10","3.96","14.79K","-1.24%"
"Sep 04, 2016","4.03","3.96","4.11","3.91","17.11K","1.77%"
"Sep 03, 2016","3.96","3.82","3.99","3.81","5.67K","3.66%"
"Sep 02, 2016","3.82","3.84","3.86","3.80","3.76K","-0.26%"
"Sep 01, 2016","3.83","3.80","3.87","3.80","1.64K","0.52%"
"Aug 31, 2016","3.81","3.80","3.83","3.78","0.96K","0.26%"
"Aug 30, 2016","3.80","3.77","3.85","3.74","5.52K","0.80%"
"Aug 29, 2016","3.77","3.72","3.81","3.72","2.53K","1.34%"
"Aug 28, 2016","3.72","3.75","3.78","3.71","2.26K","-0.80%"
"Aug 27, 2016","3.75","3.84","3.85","3.71","2.99K","-2.34%"
"Aug 26, 2016","3.84","3.82","3.86","3.78","1.08K","0.52%"
"Aug 25, 2016","3.82","3.85","3.87","3.77","3.15K","-0.52%"
"Aug 24, 2016","3.84","3.96","3.97","3.84","8.12K","-3.03%"
"Aug 23, 2016","3.96","3.69","4.02","3.67","24.61K","8.20%"
"Aug 22, 2016","3.66","3.63","3.68","3.60","2.17K","1.10%"
"Aug 21, 2016","3.62","3.60","3.63","3.60","0.69K","0.56%"
"Aug 20, 2016","3.60","3.58","3.63","3.58","0.57K","-0.55%"
"Aug 19, 2016","3.62","3.59","3.62","3.57","0.80K","0.84%"
"Aug 18, 2016","3.59","3.58","3.64","3.57","15.34K","0.28%"
"Aug 17, 2016","3.58","3.59","3.61","3.56","26.35K","-0.56%"
"Aug 16, 2016","3.60","3.54","3.63","3.52","22.64K","1.12%"
"Aug 15, 2016","3.56","3.60","3.65","3.50","56.45K","-1.11%"
"Aug 14, 2016","3.60","3.69","3.71","3.58","17.51K","-2.44%"
"Aug 13, 2016","3.69","3.65","3.75","3.58","64.65K","1.10%"
"Aug 12, 2016","3.65","3.73","3.77","3.61","43.40K","-2.14%"
"Aug 11, 2016","3.73","3.55","3.73","3.46","50.57K","5.07%"
"Aug 10, 2016","3.55","3.75","3.88","3.55","55.77K","-4.83%"
"Aug 09, 2016","3.73","3.73","3.73","3.73","-","0.00%"
"Aug 08, 2016","3.73","3.73","3.73","3.73","-","0.00%"
"Aug 07, 2016","3.73","3.73","3.73","3.73","-","0.00%"
"Aug 06, 2016","3.73","3.73","3.73","3.73","-","0.00%"
"Aug 05, 2016","3.73","3.73","3.73","3.73","-","0.00%"
"Aug 04, 2016","3.73","3.73","3.73","3.73","-","0.00%"
"Aug 03, 2016","3.73","3.73","3.73","3.73","-","0.00%"
"Aug 02, 2016","3.73","3.89","3.91","3.70","29.10K","-4.11%"
"Aug 01, 2016","3.89","3.91","3.96","3.85","41.26K","-0.51%"
"Jul 31, 2016","3.91","4.07","4.08","3.90","20.47K","-3.93%"
"Jul 30, 2016","4.07","4.09","4.12","4.02","18.23K","-0.97%"
"Jul 29, 2016","4.11","3.96","4.11","3.96","9.17K","3.01%"
"Jul 28, 2016","3.99","3.99","4.01","3.95","5.37K","0.00%"
"Jul 27, 2016","3.99","3.97","4.01","3.93","3.30K","0.50%"
"Jul 26, 2016","3.97","4.05","4.06","3.90","31.39K","-1.49%"
"Jul 25, 2016","4.03","4.08","4.09","4.01","8.61K","-1.23%"
"Jul 24, 2016","4.08","4.03","4.11","4.01","25.88K","0.49%"
"Jul 23, 2016","4.06","4.00","4.06","4.00","2.85K","1.50%"
"Jul 22, 2016","4.00","4.13","4.16","3.96","32.30K","-3.15%"
"Jul 21, 2016","4.13","4.14","4.16","4.08","11.40K","-0.24%"
"Jul 20, 2016","4.14","4.16","4.18","4.11","10.91K","-0.96%"
"Jul 19, 2016","4.18","4.20","4.20","4.15","3.54K","-0.48%"
"Jul 18, 2016","4.20","4.21","4.24","4.15","6.66K","0.24%"
"Jul 17, 2016","4.19","4.18","4.29","4.15","6.66K","0.24%"
"Jul 16, 2016","4.18","4.16","4.21","4.11","9.83K","-0.24%"
"Jul 15, 2016","4.19","4.19","4.20","4.15","3.44K","0.48%"
"Jul 14, 2016","4.17","4.15","4.20","4.13","4.74K","0.48%"
"Jul 13, 2016","4.15","4.25","4.25","4.15","8.76K","-2.35%"
"Jul 12, 2016","4.25","4.11","4.25","4.08","27.05K","3.41%"
"Jul 11, 2016","4.11","4.14","4.21","4.06","8.69K","-0.72%"
"Jul 10, 2016","4.14","4.12","4.16","4.06","4.70K","-0.96%"
"Jul 09, 2016","4.18","4.25","4.25","3.97","26.53K","-1.65%"
"Jul 08, 2016","4.25","4.14","4.25","4.06","20.98K","3.66%"
"Jul 07, 2016","4.10","4.48","4.52","3.92","70.92K","-8.48%"
"Jul 06, 2016","4.48","4.44","4.49","4.40","5.41K","0.67%"
"Jul 05, 2016","4.45","4.50","4.54","4.34","36.23K","-0.89%"
"Jul 04, 2016","4.49","4.29","4.56","4.18","44.04K","3.70%"
"Jul 03, 2016","4.33","4.63","4.66","4.15","68.16K","-7.08%"
"Jul 02, 2016","4.66","4.25","4.67","4.25","60.97K","9.65%"
"Jul 01, 2016","4.25","4.21","4.39","4.18","28.59K","0.95%"
"Jun 30, 2016","4.21","4.06","4.30","4.02","27.38K","3.69%"
"Jun 29, 2016","4.06","4.13","4.13","4.00","5.71K","-1.69%"
"Jun 28, 2016","4.13","4.19","4.20","4.01","14.97K","-0.48%"
"Jun 27, 2016","4.15","4.06","4.18","4.03","14.75K","1.97%"
"Jun 26, 2016","4.07","4.29","4.29","3.92","26.68K","-5.13%"
"Jun 25, 2016","4.29","4.32","4.49","3.91","69.56K","0.47%"
"Jun 24, 2016","4.27","3.91","4.40","3.89","100.23K","7.83%"
"Jun 23, 2016","3.96","4.00","4.00","3.51","163.99K","1.80%"
"Jun 22, 2016","3.89","4.94","4.98","3.71","235.73K","-20.77%"
"Jun 21, 2016","4.91","5.27","5.27","4.53","95.60K","-8.74%"
"Jun 20, 2016","5.38","5.56","5.61","5.20","54.91K","-3.24%"
"Jun 19, 2016","5.56","5.53","5.64","5.49","19.37K","-0.36%"
"Jun 18, 2016","5.58","5.56","5.80","5.35","95.44K","-0.36%"
"Jun 17, 2016","5.60","5.85","5.99","5.05","204.55K","-1.58%"
"Jun 16, 2016","5.69","5.30","5.69","5.26","150.98K","8.59%"
"Jun 15, 2016","5.24","5.14","5.26","4.99","174.25K","1.95%"
"Jun 14, 2016","5.14","5.26","5.29","4.93","293.40K","-2.47%"
"Jun 13, 2016","5.27","5.23","5.53","4.55","239.20K","0.38%"
"Jun 12, 2016","5.25","5.09","5.40","5.00","158.64K","5.63%"
"Jun 11, 2016","4.97","4.91","5.00","4.89","12.90K","1.84%"
"Jun 10, 2016","4.88","4.77","4.91","4.71","19.54K","2.31%"
"Jun 09, 2016","4.77","4.81","4.83","4.66","11.59K","-0.83%"
"Jun 08, 2016","4.81","4.80","4.82","4.70","21.71K","1.05%"
"Jun 07, 2016","4.76","4.95","4.99","4.69","44.95K","-4.03%"
"Jun 06, 2016","4.96","4.85","4.98","4.80","40.64K","2.06%"
"Jun 05, 2016","4.86","4.82","4.88","4.75","20.79K","1.25%"
"Jun 04, 2016","4.80","4.89","4.97","4.75","60.21K","-1.84%"
"Jun 03, 2016","4.89","4.74","4.90","4.68","40.51K","3.16%"
"Jun 02, 2016","4.74","4.73","4.77","4.67","21.53K","0.42%"
"Jun 01, 2016","4.72","4.64","4.80","4.55","36.79K","1.72%"
"May 31, 2016","4.64","4.61","4.70","4.50","50.88K","1.53%"
"May 30, 2016","4.57","4.52","4.68","4.44","35.37K","1.33%"
"May 29, 2016","4.51","4.56","4.86","4.35","168.98K","-1.53%"
"May 28, 2016","4.58","4.47","4.84","4.45","222.28K","2.46%"
"May 27, 2016","4.47","4.09","4.68","4.08","236.33K","8.76%"
"May 26, 2016","4.11","4.05","4.15","3.99","54.88K","1.99%"
"May 25, 2016","4.03","3.95","4.06","3.95","51.18K","2.03%"
"May 24, 2016","3.95","3.96","3.99","3.94","9.71K","-0.25%"
"May 23, 2016","3.96","3.89","3.96","3.83","34.43K","1.80%"
"May 22, 2016","3.89","3.94","3.98","3.86","28.48K","-1.27%"
"May 21, 2016","3.94","3.84","3.97","3.82","19.96K","2.60%"
"May 20, 2016","3.84","3.80","3.93","3.77","81.66K","-0.52%"
"May 19, 2016","3.86","4.00","4.05","3.80","70.73K","-3.74%"
"May 18, 2016","4.01","3.97","4.05","3.96","14.62K","1.01%"
"May 17, 2016","3.97","4.02","4.05","3.96","26.50K","-1.24%"
"May 16, 2016","4.02","4.07","4.22","3.95","62.19K","-1.71%"
"May 15, 2016","4.09","4.02","4.13","3.96","21.88K","1.24%"
"May 14, 2016","4.04","3.96","4.07","3.95","26.13K","1.76%"
"May 13, 2016","3.97","3.84","3.97","3.84","17.18K","3.39%"
"May 12, 2016","3.84","3.88","3.90","3.79","15.93K","-1.03%"
"May 11, 2016","3.88","3.85","3.94","3.83","18.65K","2.11%"
"May 10, 2016","3.80","4.09","4.18","3.78","63.33K","-7.09%"
"May 09, 2016","4.09","3.97","4.13","3.91","26.75K","3.02%"
"May 08, 2016","3.97","3.96","3.99","3.91","12.04K","-0.50%"
"May 07, 2016","3.99","3.87","4.03","3.85","43.72K","3.91%"
"May 06, 2016","3.84","3.72","3.84","3.70","14.65K","3.23%"
"May 05, 2016","3.72","3.73","3.79","3.72","9.18K","-0.27%"
"May 04, 2016","3.73","3.75","3.78","3.70","4.29K","-0.53%"
"May 03, 2016","3.75","3.69","3.77","3.62","37.78K","1.90%"
"May 02, 2016","3.68","3.70","3.81","3.62","53.71K","-0.54%"
"May 01, 2016","3.70","3.68","3.75","3.65","24.15K","1.37%"
"Apr 30, 2016","3.65","3.83","3.85","3.65","61.10K","-4.70%"
"Apr 29, 2016","3.83","3.83","3.88","3.72","47.61K","0.00%"
"Apr 28, 2016","3.83","3.88","3.96","3.70","112.05K","-2.79%"
"Apr 27, 2016","3.94","4.09","4.29","3.82","235.59K","-2.72%"
"Apr 26, 2016","4.05","3.83","4.16","3.81","189.91K","4.38%"
"Apr 25, 2016","3.88","3.66","3.93","3.57","95.78K","5.15%"
"Apr 24, 2016","3.69","3.37","3.70","3.37","54.41K","9.82%"
"Apr 23, 2016","3.36","3.37","3.39","3.32","16.02K","0.90%"
"Apr 22, 2016","3.33","3.39","3.40","3.32","14.05K","-1.19%"
"Apr 21, 2016","3.37","3.31","3.40","3.30","18.61K","1.81%"
"Apr 20, 2016","3.31","3.30","3.33","3.26","15.77K","0.30%"
"Apr 19, 2016","3.30","3.25","3.32","3.24","5.18K","1.54%"
"Apr 18, 2016","3.25","3.28","3.29","3.25","9.65K","-0.91%"
"Apr 17, 2016","3.28","3.29","3.30","3.26","1.70K","-0.91%"
"Apr 16, 2016","3.31","3.31","3.32","3.29","4.41K","0.30%"
"Apr 15, 2016","3.30","3.26","3.32","3.25","4.13K","1.23%"
"Apr 14, 2016","3.26","3.25","3.28","3.24","3.03K","0.31%"
"Apr 13, 2016","3.25","3.27","3.30","3.25","2.22K","-0.31%"
"Apr 12, 2016","3.26","3.25","3.30","3.25","5.26K","0.93%"
"Apr 11, 2016","3.23","3.23","3.27","3.22","1.90K","0.00%"
"Apr 10, 2016","3.23","3.23","3.25","3.21","1.79K","0.00%"
"Apr 09, 2016","3.23","3.21","3.23","3.20","1.98K","0.00%"
"Apr 08, 2016","3.23","3.24","3.26","3.21","1.86K","0.00%"
"Apr 07, 2016","3.23","3.25","3.25","3.23","3.13K","-0.62%"
"Apr 06, 2016","3.25","3.28","3.29","3.25","7.62K","-0.31%"
"Apr 05, 2016","3.26","3.23","3.28","3.23","1.69K","0.31%"
"Apr 04, 2016","3.25","3.26","3.27","3.20","7.26K","0.31%"
"Apr 03, 2016","3.24","3.27","3.28","3.24","1.75K","-0.92%"
"Apr 02, 2016","3.27","3.25","3.29","3.25","1.55K","1.24%"
"Apr 01, 2016","3.23","3.25","3.26","3.22","5.57K","-0.62%"
"Mar 31, 2016","3.25","3.23","3.26","3.22","6.50K","1.25%"
"Mar 30, 2016","3.21","3.22","3.24","3.16","13.64K","-0.31%"
"Mar 29, 2016","3.22","3.27","3.28","3.18","8.75K","-1.53%"
"Mar 28, 2016","3.27","3.30","3.30","3.26","5.17K","-0.91%"
"Mar 27, 2016","3.30","3.23","3.33","3.21","20.97K","1.85%"
"Mar 26, 2016","3.24","3.21","3.24","3.21","1.48K","0.93%"
"Mar 25, 2016","3.21","3.22","3.23","3.19","10.82K","0.00%"
"Mar 24, 2016","3.21","3.23","3.23","3.20","3.64K","-0.62%"
"Mar 23, 2016","3.23","3.22","3.24","3.19","7.35K","0.31%"
"Mar 22, 2016","3.22","3.18","3.24","3.18","3.23K","0.94%"
"Mar 21, 2016","3.19","3.18","3.20","3.15","2.15K","0.00%"
"Mar 20, 2016","3.19","3.16","3.20","3.15","10.10K","0.95%"
"Mar 19, 2016","3.16","3.15","3.19","3.12","11.49K","0.32%"
"Mar 18, 2016","3.15","3.29","3.29","3.01","82.29K","-4.26%"
"Mar 17, 2016","3.29","3.29","3.32","3.26","7.60K","0.00%"
"Mar 16, 2016","3.29","3.28","3.31","3.25","4.13K","0.30%"
"Mar 15, 2016","3.28","3.31","3.31","3.26","5.15K","0.00%"
"Mar 14, 2016","3.28","3.28","3.31","3.26","4.02K","0.00%"
"Mar 13, 2016","3.28","3.26","3.31","3.26","10.03K","0.61%"
"Mar 12, 2016","3.26","3.36","3.38","3.25","11.30K","-2.98%"
"Mar 11, 2016","3.36","3.27","3.40","3.27","22.85K","3.38%"
"Mar 10, 2016","3.25","3.26","3.30","3.22","2.38K","0.00%"